direction,taxon,reason,databaseSource,originalTaxon,iso3,latitude,longitude,sourceUniqueID,inOtherConceptNow,inExcludedTaxonomy
inPublicationNotRound2,Vitis labrusca,gbifTaxonomy,GBIF,Vitis × labruscana L.H.Bailey,USA,45.606667,-122.085,b4e4608c-0019-4dbd-906e-cbe5cc7cb077,FALSE,TRUE
inPublicationNotRound2,Vitis labrusca,gbifTaxonomy,GBIF,Vitis × labruscana L.H.Bailey,CAN,49.15,-122.916667,7770a291-80f4-45b1-9d7d-1ffa64210684,FALSE,TRUE
inPublicationNotRound2,Vitis labrusca,gbifTaxonomy,GBIF,Vitis × labruscana L.H.Bailey,USA,48.54111,-123.08472,70ce127b-90c5-463c-bbce-d4dd12c64359,FALSE,TRUE
inPublicationNotRound2,Vitis labrusca,gbifTaxonomy,GBIF,Vitis × labruscana L.H.Bailey,USA,47.65,-122.3,bf3f8406-7bfe-44b3-89b8-3f31b8f9713b,FALSE,TRUE
inPublicationNotRound2,Vitis labrusca,gbifTaxonomy,GBIF,Vitis × labruscana L.H.Bailey,USA,46.19,-119.841667,d745edc4-419c-47ed-aa71-f6a0d03122e9,FALSE,TRUE
inPublicationNotRound2,Vitis labrusca,gbifTaxonomy,GBIF,Vitis latifolia Raf.,MEX,17.533333,-96.55,9b2100f3ba62e5e645c0b261a74358c4,FALSE,TRUE
inPublicationNotRound2,Vitis labrusca,gbifTaxonomy,GBIF,Vitis × labruscana L.H.Bailey,USA,43.994,-122.902167,57464812-9349-4957-837b-c42b40bb19ab,FALSE,TRUE
inPublicationNotRound2,Vitis labrusca,gbifTaxonomy,GBIF,Vitis × labruscana L.H.Bailey,USA,48.54111,-123.08472,7fd42982-98a9-4e2f-91a8-8a7a31d623c1,FALSE,TRUE
inPublicationNotRound2,Vitis labrusca,gbifTaxonomy,GBIF,Vitis latifolia Raf.,MEX,17.533333,-96.553333,dc2b0ead8b8dac340f9606b551917b6a,FALSE,TRUE
inPublicationNotRound2,Vitis labrusca,gbifTaxonomy,GBIF,Vitis × labruscana L.H.Bailey,USA,43.994,-122.902167,{8B4C7578-0468-4E9F-AAB9-8CCB53CE1064},FALSE,TRUE
inPublicationNotRound2,Vitis labrusca,gbifTaxonomy,GBIF,Vitis × labruscana L.H.Bailey,USA,40.51437,-79.461911,F3DBD14A-18FB-414C-9913-7861FB7970CB,FALSE,TRUE
inPublicationNotRound2,Vitis labrusca,gbifTaxonomy,GBIF,Vitis × labruscana L.H.Bailey,USA,40.409251,-75.29324,0eb7feaa-1ca2-4863-8c49-5c6f06aa155f,FALSE,TRUE
inPublicationNotRound2,Vitis labrusca,gbifTaxonomy,GBIF,Vitis × labruscana L.H.Bailey,USA,40.64698,-75.372739,4e86d4e7-6418-4d26-bf3c-7b800f5c0fbe,FALSE,TRUE
inPublicationNotRound2,Vitis labrusca,gbifTaxonomy,GBIF,Vitis × labruscana L.H.Bailey,USA,40.640586,-75.269785,09881e34-831d-4280-bdd1-350a22d30488,FALSE,TRUE
inPublicationNotRound2,Vitis labrusca,gbifTaxonomy,GBIF,Vitis × labruscana L.H.Bailey,USA,41.391179,-75.70658,f3c65a2c-e81c-4dbe-977c-9ee1f2005b3e,FALSE,TRUE
inPublicationNotRound2,Vitis labrusca,gbifTaxonomy,GBIF,Vitis × labruscana L.H.Bailey,USA,40.779166,-75.547433,15557f1f-3cc6-46b3-abc3-999790da7533,FALSE,TRUE
inPublicationNotRound2,Vitis labrusca,gbifTaxonomy,GBIF,Vitis × labruscana L.H.Bailey,USA,41.565387,-75.697883,9d250db5-dc99-43b8-a268-b38934d5c107,FALSE,TRUE
inPublicationNotRound2,Vitis labrusca,gbifTaxonomy,GBIF,Vitis × labruscana L.H.Bailey,USA,40.188720000000004,-74.869054,010324d0-541e-4c7d-b04e-50efe916f086,FALSE,TRUE
inPublicationNotRound2,Vitis labrusca,gbifTaxonomy,GBIF,Vitis × labruscana L.H.Bailey,USA,39.926489,-76.25218,2ad8104d-4485-4ea7-ab26-401560267465,FALSE,TRUE
inPublicationNotRound2,Vitis labrusca,gbifTaxonomy,GBIF,Vitis × labruscana L.H.Bailey,CAN,49.19625,-119.535889,B20B053B-E885-C745-8621-1D2D44B0530F,FALSE,TRUE
inPublicationNotRound2,Vitis labrusca,gbifTaxonomy,GBIF,Vitis × labruscana L.H.Bailey,CAN,49.119167,-122.107778,2F7874B5-C6F6-F343-B5C1-171722FF853C,FALSE,TRUE
inPublicationNotRound2,Vitis labrusca,gbifTaxonomy,GBIF,Vitis × labruscana L.H.Bailey,CAN,49.603972,-119.692333,83A9DDD8-56ED-2C4B-9315-43396F6A82F2,FALSE,TRUE
inPublicationNotRound2,Vitis labrusca,gbifTaxonomy,GBIF,Vitis × labruscana L.H.Bailey,CAN,49.181944,-122.228611,BD22312E-ACE9-EB42-8455-C41377FC24AD,FALSE,TRUE
inPublicationNotRound2,Vitis labrusca,gbifTaxonomy,GBIF,Vitis × labruscana L.H.Bailey,CAN,49.105556,-122.113333,EFF203AA-1BB1-C840-BD4F-DDFDB01A8802,FALSE,TRUE
inPublicationNotRound2,Vitis labrusca,gbifTaxonomy,GBIF,Vitis × labruscana L.H.Bailey,CAN,49.20425,-121.972117,676A153E-802B-2E45-B56A-61534E863474,FALSE,TRUE
inPublicationNotRound2,Vitis labrusca,gbifTaxonomy,GBIF,Vitis × labruscana L.H.Bailey,CAN,49.107778,-122.1175,1C97FA11-C666-1649-AB67-82821A381DAF,FALSE,TRUE
inPublicationNotRound2,Vitis labrusca,gbifTaxonomy,GBIF,Vitis × labruscana L.H.Bailey,CAN,49.118694,-123.863139,22FE7112-DCEB-A64B-8434-A2AB7293468E,FALSE,TRUE
inPublicationNotRound2,Vitis labrusca,gbifTaxonomy,GBIF,Vitis × labruscana L.H.Bailey,CAN,49.212,-122.861278,CF4CA95D-506B-B949-87E6-390191611665,FALSE,TRUE
inPublicationNotRound2,Vitis labrusca,gbifTaxonomy,GBIF,Vitis × labruscana L.H.Bailey,CAN,49.15,-122.916667,2ED876CD-DFC0-4146-A817-2827481D46A0,FALSE,TRUE
inPublicationNotRound2,Vitis labrusca,gbifTaxonomy,GBIF,Vitis × labruscana L.H.Bailey,USA,44.058333,-123.0765,0B198E5C-95FF-2649-A2EC-045D2EE567D9,FALSE,TRUE
inPublicationNotRound2,Vitis labrusca,gbifTaxonomy,GBIF,Vitis × labruscana L.H.Bailey,CAN,49.19625,-119.535889,F76A7A1E-9AE4-2442-8ABD-2E2BF1F98D6A,FALSE,TRUE
inPublicationNotRound2,Vitis labrusca,gbifTaxonomy,GBIF,Vitis × labruscana L.H.Bailey,CAN,49.153056,-122.009167,448EEEAD-456D-9942-BFEA-3DB4DE94CE82,FALSE,TRUE
inPublicationNotRound2,Vitis labrusca,gbifTaxonomy,GBIF,Vitis × labruscana L.H.Bailey,CAN,49.189722,-123.129861,B793399B-1D70-9F4C-91E7-9DBA9CED7A0A,FALSE,TRUE
inPublicationNotRound2,Vitis labrusca,gbifTaxonomy,GBIF,Vitis × labruscana L.H.Bailey,CAN,49.091944,-122.134722,7A5383D5-4D97-EB42-8FC7-806BCE49D4F0,FALSE,TRUE
inPublicationNotRound2,Vitis labrusca,gbifTaxonomy,GBIF,Vitis × labruscana L.H.Bailey,USA,40.835,-74.645,8bddd74c-8a39-495c-9557-e99a9f75c6c0,FALSE,TRUE
inPublicationNotRound2,Vitis labrusca,gbifTaxonomy,GBIF,Vitis × labruscana L.H.Bailey,USA,39.782812,-74.749552,7964a214-fa7a-4c95-b5d5-08f708d482d8,FALSE,TRUE
inPublicationNotRound2,Vitis labrusca,gbifTaxonomy,GBIF,Vitis × labruscana L.H.Bailey,USA,40.747657,-75.638013,24b745cb-55ec-40b9-bdec-956be3bd2e76,FALSE,TRUE
inPublicationNotRound2,Vitis labrusca,gbifTaxonomy,GBIF,Vitis × labruscana L.H.Bailey,USA,40.64698,-75.372739,592e8a23-5e84-40b9-bb1c-d3ed5df4ad51,FALSE,TRUE
inPublicationNotRound2,Vitis labrusca,gbifTaxonomy,GBIF,Vitis × labruscana L.H.Bailey,CAN,49.107778,-122.1175,RBCM:Botany:V206564,FALSE,TRUE
inPublicationNotRound2,Vitis labrusca,gbifTaxonomy,GBIF,Vitis × labruscana L.H.Bailey,CAN,49.105556,-122.113333,RBCM:Botany:V206565,FALSE,TRUE
inPublicationNotRound2,Vitis labrusca,gbifTaxonomy,GBIF,Vitis × labruscana L.H.Bailey,USA,43.994,-122.902167,20d2af8f-c55d-46bd-8481-61fff9ea056f,FALSE,TRUE
inPublicationNotRound2,Vitis labrusca,gbifTaxonomy,GBIF,Vitis × labruscana L.H.Bailey,USA,44.283333,-123.1,9afaff7b-b336-43b3-a597-05311c2151cf,FALSE,TRUE
inPublicationNotRound2,Vitis labrusca,gbifTaxonomy,GBIF,Vitis latifolia Raf.,MEX,17.587222,-96.574722,0c4fb01da6d313c396f20f787602085f,FALSE,TRUE
inPublicationNotRound2,Vitis labrusca,gbifTaxonomy,GBIF,Vitis latifolia Raf.,MEX,17.586389,-96.557222,6b5788636a7f8e45112cb0879cd91fbd,FALSE,TRUE
inPublicationNotRound2,Vitis labrusca,gbifTaxonomy,GBIF,Vitis latifolia Raf.,MEX,17.537778,-96.580833,8125989f81257a9574504eac9a4671ee,FALSE,TRUE
inPublicationNotRound2,Vitis labrusca,gbifTaxonomy,GBIF,Vitis latifolia Raf.,MEX,17.542222,-96.582778,21f3e463449b0818cee82795b950c949,FALSE,TRUE
inPublicationNotRound2,Vitis labrusca,gbifTaxonomy,GBIF,Vitis × labruscana L.H.Bailey,USA,39.4925,-88.159167,26f6a03c-fdf6-48f6-b72c-9376c3fd8c45,FALSE,TRUE
inPublicationNotRound2,Vitis labrusca,gbifTaxonomy,GBIF,Vitis × labruscana L.H.Bailey,USA,40.591372,-75.471675,d8b45da3-a265-43e8-9f86-34d9dfae7877,FALSE,TRUE
inPublicationNotRound2,Vitis labrusca,gbifTaxonomy,GBIF,Vitis × labruscana L.H.Bailey,USA,40.622561,-75.394963,016a210a-edc9-4913-a9c6-d61a6107f754,FALSE,TRUE
inPublicationNotRound2,Vitis labrusca,gbifTaxonomy,GBIF,Vitis × labruscana L.H.Bailey,USA,40.622733,-75.444681,70c2c654-4633-4f1c-9da9-9315ec294c94,FALSE,TRUE
inPublicationNotRound2,Vitis labrusca,gbifTaxonomy,GBIF,Vitis × labruscana L.H.Bailey,USA,40.622561,-75.394963,2e463096-fb8e-4af8-89ab-dd455151e418,FALSE,TRUE
inPublicationNotRound2,Vitis labrusca,gbifTaxonomy,GBIF,Vitis × labruscana L.H.Bailey,USA,40.732524,-75.598797,b86fd81e-5002-4cec-bb7c-1000554ab104,FALSE,TRUE
inPublicationNotRound2,Vitis labrusca,gbifTaxonomy,GBIF,Vitis × labruscana L.H.Bailey,USA,40.640586,-75.269785,0fef7168-d8b0-4683-a130-a0d32fa7868f,FALSE,TRUE
inPublicationNotRound2,Vitis labrusca,gbifTaxonomy,GBIF,Vitis × labruscana L.H.Bailey,USA,40.622561,-75.394963,5dbdc3d1-abd8-4a1b-a4e9-6a02af4a3d4a,FALSE,TRUE
inPublicationNotRound2,Vitis labrusca,gbifTaxonomy,GBIF,Vitis × labruscana L.H.Bailey,USA,40.603644,-75.659675,3b69e32f-947a-4692-b193-c0f16b8c8bf9,FALSE,TRUE
inPublicationNotRound2,Vitis labrusca,gbifTaxonomy,GBIF,Vitis × labruscana L.H.Bailey,USA,40.594995,-75.471675,f673ce62-40c9-4f47-bce4-ece6e4e9c517,FALSE,TRUE
inPublicationNotRound2,Vitis labrusca,gbifTaxonomy,GBIF,Vitis × labruscana L.H.Bailey,USA,40.591372,-75.471675,bde08cbd-49d5-482b-a9c2-a62457860fb6,FALSE,TRUE
inPublicationNotRound2,Vitis labrusca,gbifTaxonomy,GBIF,Vitis × labruscana L.H.Bailey,USA,40.625932,-75.370458,c3de4f4d-1d50-4c88-9941-8f44d3949470,FALSE,TRUE
inPublicationNotRound2,Vitis labrusca,gbifTaxonomy,GBIF,Vitis × labruscana L.H.Bailey,USA,40.891172,-75.542906,fb9a705e-bbd5-4145-a1c3-393960f3e45b,FALSE,TRUE
inPublicationNotRound2,Vitis labrusca,gbifTaxonomy,GBIF,Vitis × labruscana L.H.Bailey,USA,40.862604,-75.593243,13f52dd9-643e-46f2-b8ba-bb722a79a786,FALSE,TRUE
inPublicationNotRound2,Vitis labrusca,gbifTaxonomy,GBIF,Vitis × labruscana L.H.Bailey,USA,40.055111,-75.122953,086cd6b1-3a25-411a-9825-4a4b8a16662c,FALSE,TRUE
inPublicationNotRound2,Vitis labrusca,gbifTaxonomy,GBIF,Vitis × labruscana L.H.Bailey,USA,40.598889,-75.674049,2b40740e-2ea3-45ed-a808-ba51632acf2d,FALSE,TRUE
inPublicationNotRound2,Vitis labrusca,gbifTaxonomy,GBIF,Vitis × labruscana L.H.Bailey,USA,40.622561,-75.394963,4bbcda60-4f8a-4337-a3f4-8d8f59649ef8,FALSE,TRUE
inPublicationNotRound2,Vitis labrusca,gbifTaxonomy,GBIF,Vitis × labruscana L.H.Bailey,USA,40.747657,-75.638013,c0d0860b-c3f5-4bd2-9559-0016eb4d1f4e,FALSE,TRUE
inPublicationNotRound2,Vitis labrusca,gbifTaxonomy,GBIF,Vitis × labruscana L.H.Bailey,USA,40.305546,-75.185113,4335eeb3-5758-4859-b6ec-8ac5d5ac66d6,FALSE,TRUE
inPublicationNotRound2,Vitis labrusca,gbifTaxonomy,GBIF,Vitis × labruscana L.H.Bailey,USA,41.514088,-90.625968,24ce8e39-b845-4a7b-acbc-e7d3ef08067b,FALSE,TRUE
inPublicationNotRound2,Vitis labrusca,gbifTaxonomy,GBIF,Vitis × labruscana L.H.Bailey,USA,37.085049,-77.588028,3621e195-a4d2-40cd-81e9-527aa07c2ca1,FALSE,TRUE
inPublicationNotRound2,Vitis labrusca,gbifTaxonomy,GBIF,Vitis × labruscana L.H.Bailey,USA,34.633284,-90.633737,97eb7d9d-fe95-46d5-848c-3e3a9a753033,FALSE,TRUE
inPublicationNotRound2,Vitis labrusca,gbifTaxonomy,GBIF,Vitis × labruscana L.H.Bailey,USA,NA,NA,78205b23-eb2c-49fd-a835-426db1e40183,FALSE,TRUE
inPublicationNotRound2,Vitis labrusca,gbifTaxonomy,GBIF,Vitis × labruscana L.H.Bailey,USA,NA,NA,c5f1b424-b833-460f-b034-1a3408367d17,FALSE,TRUE
inPublicationNotRound2,Vitis labrusca,gbifTaxonomy,GBIF,Vitis × labruscana L.H.Bailey,USA,NA,NA,ef069a77-81cb-4071-a406-31e336e28b4b,FALSE,TRUE
inPublicationNotRound2,Vitis labrusca,gbifTaxonomy,GBIF,Vitis × labruscana L.H.Bailey,USA,NA,NA,d070f80e-c00f-4b4d-ad7a-ddf6b5983847,FALSE,TRUE
inPublicationNotRound2,Vitis labrusca,gbifTaxonomy,GBIF,Vitis obovata Raf.,NA,NA,NA,a3daf6e4-f4ef-4fc1-b7e6-8a47a8ad982b,FALSE,TRUE
inPublicationNotRound2,Vitis labrusca,gbifTaxonomy,GBIF,Vitis × labruscana L.H.Bailey,USA,NA,NA,f5b1fed6-44e0-4018-9253-ae1b86703f27,FALSE,TRUE
inPublicationNotRound2,Vitis labrusca,gbifTaxonomy,GBIF,Vitis blanda Raf.,NA,NA,NA,https://data.biodiversitydata.nl/naturalis/specimen/AMD.119460,FALSE,TRUE
inPublicationNotRound2,Vitis labrusca,gbifTaxonomy,GBIF,Vitis latifolia Raf.,MEX,NA,NA,36bfaea5532dd06b01e3a9a091f8ed55,FALSE,TRUE
inPublicationNotRound2,Vitis labrusca,gbifTaxonomy,GBIF,Vitis latifolia Raf.,MEX,NA,NA,efff5fd6c3d3311d9f595ea027acc92d,FALSE,TRUE
inPublicationNotRound2,Vitis labrusca,gbifTaxonomy,GBIF,Vitis labrusca f. alba (Prince) Fernald,USA,NA,NA,1dbc60de-c2fc-4bf2-9bdf-d417cc3da43a,FALSE,TRUE
inPublicationNotRound2,Vitis labrusca,gbifTaxonomy,GBIF,Vitis × labruscana L.H.Bailey,USA,NA,NA,308a999d-4098-4513-bdf5-caea23ca3fdc,FALSE,TRUE
inPublicationNotRound2,Vitis labrusca,gbifTaxonomy,GBIF,Vitis × labruscana L.H.Bailey,USA,NA,NA,c4d3df12-0021-41ca-b4a0-34079f3efe68,FALSE,TRUE
inPublicationNotRound2,Vitis labrusca,gbifTaxonomy,GBIF,Vitis catawba K.Koch,NA,NA,NA,http://coldb.mnhn.fr/catalognumber/um/mpu/mpu674087,FALSE,TRUE
inPublicationNotRound2,Vitis labrusca,gbifTaxonomy,GBIF,Vitis catawba K.Koch,NA,NA,NA,http://coldb.mnhn.fr/catalognumber/um/mpu/mpu674086,FALSE,TRUE
inPublicationNotRound2,Vitis labrusca,gbifTaxonomy,GBIF,Vitis × labruscana L.H.Bailey,NA,NA,NA,833f49f7-ea71-4b37-8b56-02aab4ce20b0,FALSE,TRUE
inPublicationNotRound2,Vitis labrusca,gbifTaxonomy,GBIF,Vitis × labruscana L.H.Bailey,NA,NA,NA,c533ed80-51b5-48ab-bfc0-8dd0445e6089,FALSE,TRUE
inPublicationNotRound2,Vitis labrusca,gbifTaxonomy,GBIF,Vitis × labruscana L.H.Bailey,USA,NA,NA,MN702214,FALSE,TRUE
inPublicationNotRound2,Vitis labrusca,gbifTaxonomy,GBIF,Vitis × labruscana L.H.Bailey,USA,NA,NA,MN702034,FALSE,TRUE
inPublicationNotRound2,Vitis labrusca,gbifTaxonomy,GBIF,Vitis × labruscana L.H.Bailey,USA,NA,NA,MN702024,FALSE,TRUE
inPublicationNotRound2,Vitis labrusca,gbifTaxonomy,GBIF,Vitis × labruscana L.H.Bailey,USA,NA,NA,f52eeff3-9249-4d73-ab3c-d3966871d98e,FALSE,TRUE
inPublicationNotRound2,Vitis labrusca,gbifTaxonomy,GBIF,Vitis × labruscana L.H.Bailey,USA,NA,NA,d92e91a5-8a08-4d0f-9e69-1d095670dbf8,FALSE,TRUE
inPublicationNotRound2,Vitis labrusca,gbifTaxonomy,GBIF,Vitis × labruscana L.H.Bailey,USA,NA,NA,b910fe14-086b-4b03-ac97-799ae0f1eca6,FALSE,TRUE
inPublicationNotRound2,Vitis labrusca,gbifTaxonomy,GBIF,Vitis × labruscana L.H.Bailey,CAN,NA,NA,9C8A48F1-3D66-634B-BD83-4E3678CEDACC,FALSE,TRUE
inPublicationNotRound2,Vitis labrusca,gbifTaxonomy,GBIF,Vitis × labruscana L.H.Bailey,USA,NA,NA,b68a1e2d-e2ba-4f56-b5fb-1438a4245a2a,FALSE,TRUE
inPublicationNotRound2,Vitis labrusca,gbifTaxonomy,GBIF,Vitis × labruscana L.H.Bailey,USA,NA,NA,f11ade41-1506-46d2-8b7f-b6e15d5b8b77,FALSE,TRUE
inPublicationNotRound2,Vitis labrusca,gbifTaxonomy,GBIF,Vitis × labruscana L.H.Bailey,USA,NA,NA,8264fbb9-3430-47c0-aead-ec1a738b1ab0,FALSE,TRUE
inPublicationNotRound2,Vitis labrusca,gbifTaxonomy,GBIF,Vitis × labruscana L.H.Bailey,USA,NA,NA,0fa43c02-e44b-469b-ac87-4bbe07106d91,FALSE,TRUE
inPublicationNotRound2,Vitis labrusca,gbifTaxonomy,GBIF,Vitis × labruscana L.H.Bailey,USA,NA,NA,174b33c2-5608-4ec9-8fe2-eb882ae55a58,FALSE,TRUE
inPublicationNotRound2,Vitis labrusca,gbifTaxonomy,GBIF,Vitis × labruscana L.H.Bailey,USA,NA,NA,e3ce3d77-c59d-429e-842a-97789907786f,FALSE,TRUE
inPublicationNotRound2,Vitis labrusca,gbifTaxonomy,GBIF,Vitis × labruscana L.H.Bailey,USA,NA,NA,5448505c-7f7e-4071-854d-e69f18268d5d,FALSE,TRUE
inPublicationNotRound2,Vitis labrusca,gbifTaxonomy,GBIF,Vitis × labruscana L.H.Bailey,USA,NA,NA,9637c88c-c42e-4187-bb49-6014fe48af81,FALSE,TRUE
inPublicationNotRound2,Vitis labrusca,gbifTaxonomy,GBIF,Vitis × labruscana L.H.Bailey,USA,NA,NA,383f8d89-dc84-4f8f-a608-3a2ec358091e,FALSE,TRUE
inPublicationNotRound2,Vitis labrusca,gbifTaxonomy,GBIF,Vitis × labruscana L.H.Bailey,USA,NA,NA,c4b2b74b-f519-423b-95e5-0d7efa950ec4,FALSE,TRUE
inPublicationNotRound2,Vitis labrusca,gbifTaxonomy,GBIF,Vitis × labruscana L.H.Bailey,USA,NA,NA,078cfd71-3273-4ce8-b56c-737ed26a0e30,FALSE,TRUE
inPublicationNotRound2,Vitis labrusca,gbifTaxonomy,GBIF,Vitis × labruscana L.H.Bailey,USA,NA,NA,5e9fd92c-111a-48d5-bc00-2aff705b6a45,FALSE,TRUE
inPublicationNotRound2,Vitis labrusca,gbifTaxonomy,GBIF,Vitis × labruscana L.H.Bailey,USA,NA,NA,db3c6f19-fd3d-4fb6-8fa2-91b6f38f450e,FALSE,TRUE
inPublicationNotRound2,Vitis labrusca,gbifTaxonomy,GBIF,Vitis × labruscana L.H.Bailey,USA,NA,NA,402924a5-ec1e-4ba9-a863-3ac7d2853237,FALSE,TRUE
inPublicationNotRound2,Vitis labrusca,gbifTaxonomy,GBIF,Vitis × labruscana L.H.Bailey,USA,44.283333,-123.1,NA,FALSE,FALSE
inPublicationNotRound2,Vitis labrusca,gbifTaxonomy,GBIF,Vitis × labruscana L.H.Bailey,USA,47.65,-122.3,NA,FALSE,FALSE
inPublicationNotRound2,Vitis labrusca,gbifTaxonomy,GBIF,Vitis × labruscana L.H.Bailey,USA,45.606667,-122.085,NA,FALSE,FALSE
inPublicationNotRound2,Vitis labrusca,gbifTaxonomy,GBIF,Vitis × labruscana L.H.Bailey,USA,48.54111,-123.08472,NA,FALSE,FALSE
inPublicationNotRound2,Vitis labrusca,gbifTaxonomy,GBIF,Vitis × labruscana L.H.Bailey,USA,NA,NA,NA,FALSE,FALSE
inPublicationNotRound2,Vitis labrusca,gbifTaxonomy,GBIF,Vitis × labruscana L.H.Bailey,USA,NA,NA,NA,FALSE,FALSE
inPublicationNotRound2,Vitis vulpina,gbifTaxonomy,GBIF,Vitis pullaria J.Le Conte,USA,NA,NA,880ab2ea-8766-480e-8f7c-59fd87c8d764,FALSE,TRUE
inPublicationNotRound2,Vitis vulpina,gbifTaxonomy,GBIF,Vitis pullaria J.Le Conte,USA,NA,NA,6d336e97-6cd9-40ff-a4da-ef846f82a25d,FALSE,TRUE
inPublicationNotRound2,Vitis vulpina,gbifTaxonomy,GBIF,Vitis pullaria J.Le Conte,USA,NA,NA,b645907f-ecf0-47ab-9b41-dce9768bb138,FALSE,TRUE
inPublicationNotRound2,Vitis vulpina,gbifTaxonomy,GBIF,Vitis pullaria J.Le Conte,USA,NA,NA,c7643b26-842e-46c6-aeae-99c887b1cf95,FALSE,TRUE
inPublicationNotRound2,Vitis vulpina,gbifTaxonomy,GBIF,Vitis pullaria J.Le Conte,USA,NA,NA,d0186f18-1580-4a9c-b067-088a92f9da38,FALSE,TRUE
inPublicationNotRound2,Vitis shuttleworthii,gbifTaxonomy,GBIF,Vitis coriacea Shuttlew. ex Planch.,USA,NA,NA,urn:catalog:MO:Tropicos:1401676,FALSE,TRUE
inPublicationNotRound2,Vitis shuttleworthii,gbifTaxonomy,GBIF,Vitis coriacea Shuttlew. ex Planch.,USA,NA,NA,453f8d58-7c6b-4f05-b3c5-a74a5d06cfc7,FALSE,TRUE
inPublicationNotRound2,Vitis shuttleworthii,gbifTaxonomy,GBIF,Vitis coriacea Shuttlew. ex Planch.,USA,NA,NA,http://n2t.net/ark:/65665/3328642a4-5941-40ef-8bfc-66559357bc5c,FALSE,TRUE
inPublicationNotRound2,Vitis shuttleworthii,gbifTaxonomy,GBIF,Vitis coriacea Shuttlew. ex Planch.,USA,NA,NA,http://n2t.net/ark:/65665/37874371d-e26f-40a1-8e25-dfc5a7b36f68,FALSE,TRUE
inPublicationNotRound2,Vitis shuttleworthii,gbifTaxonomy,GBIF,Vitis coriacea Shuttlew. ex Planch.,USA,NA,NA,0712a675-7ae2-425d-bff5-735c30db2e7d,FALSE,TRUE
inPublicationNotRound2,Vitis shuttleworthii,gbifTaxonomy,GBIF,Vitis coriacea Shuttlew. ex Planch.,USA,NA,NA,a4689399-764a-4097-9628-a4de9d8ca0ce,FALSE,TRUE
inPublicationNotRound2,Vitis shuttleworthii,gbifTaxonomy,GBIF,Vitis coriacea Shuttlew. ex Planch.,USA,NA,NA,8d10273d-9776-473c-ab85-181e9f57634e,FALSE,TRUE
inPublicationNotRound2,Vitis shuttleworthii,gbifTaxonomy,GBIF,Vitis coriacea Shuttlew. ex Planch.,USA,NA,NA,77118f0a-311f-4e9a-b7be-cd6dfe1bc3c3,FALSE,TRUE
inPublicationNotRound2,Vitis shuttleworthii,gbifTaxonomy,GBIF,Vitis coriacea Shuttlew. ex Planch.,USA,NA,NA,5446ebb3-2e43-464d-8ca2-d58a46670ffb,FALSE,TRUE
inPublicationNotRound2,Vitis shuttleworthii,gbifTaxonomy,GBIF,Vitis coriacea Shuttlew. ex Planch.,USA,NA,NA,fd74f4b1-bdf3-4bd5-9654-14dd791bcfb5,FALSE,TRUE
inPublicationNotRound2,Vitis shuttleworthii,gbifTaxonomy,GBIF,Vitis coriacea Shuttlew. ex Planch.,USA,NA,NA,d920c59e-c3fe-40c3-a53c-b4c25a0f6847,FALSE,TRUE
inPublicationNotRound2,Vitis shuttleworthii,gbifTaxonomy,GBIF,Vitis coriacea Shuttlew. ex Planch.,USA,NA,NA,eaa57917-ef42-4489-9fd9-ecb6910e6561,FALSE,TRUE
inPublicationNotRound2,Vitis shuttleworthii,gbifTaxonomy,GBIF,Vitis coriacea Shuttlew. ex Planch.,USA,NA,NA,857680e0-19a6-422b-a85d-e34ddd66cceb,FALSE,TRUE
inPublicationNotRound2,Vitis shuttleworthii,gbifTaxonomy,GBIF,Vitis coriacea Shuttlew. ex Planch.,USA,NA,NA,bcaebc57-0995-484d-952b-e00ea5947b1a,FALSE,TRUE
inPublicationNotRound2,Vitis shuttleworthii,gbifTaxonomy,GBIF,Vitis coriacea Shuttlew. ex Planch.,USA,NA,NA,2f7220aa-3538-4821-a6f0-ac02e3a87490,FALSE,TRUE
inPublicationNotRound2,Vitis shuttleworthii,gbifTaxonomy,GBIF,Vitis coriacea Shuttlew. ex Planch.,USA,NA,NA,7583f74d-b714-4608-92d4-78af82d4877d,FALSE,TRUE
inPublicationNotRound2,Vitis shuttleworthii,gbifTaxonomy,GBIF,Vitis coriacea Shuttlew. ex Planch.,USA,NA,NA,2adec9a0-7db8-469d-80f2-a28be6447603,FALSE,TRUE
inPublicationNotRound2,Vitis shuttleworthii,gbifTaxonomy,GBIF,Vitis coriacea Shuttlew. ex Planch.,USA,NA,NA,1b69efa5-0e0e-4271-ab93-77393d605e4c,FALSE,TRUE
inPublicationNotRound2,Vitis shuttleworthii,gbifTaxonomy,GBIF,Vitis coriacea Shuttlew. ex Planch.,USA,NA,NA,dc097e63-4ae6-42f5-b839-5bed87aa47a9,FALSE,TRUE
inPublicationNotRound2,Vitis shuttleworthii,gbifTaxonomy,GBIF,Vitis coriacea Shuttlew. ex Planch.,USA,NA,NA,bd6aca23-08de-474f-a199-df3592937ce3,FALSE,TRUE
inPublicationNotRound2,Vitis shuttleworthii,gbifTaxonomy,GBIF,Vitis coriacea Shuttlew. ex Planch.,USA,NA,NA,7442e043-9299-4aae-9f13-147857f187cd,FALSE,TRUE
inPublicationNotRound2,Vitis shuttleworthii,gbifTaxonomy,GBIF,Vitis coriacea Shuttlew. ex Planch.,USA,NA,NA,0a55093d-a573-456d-a2d2-8b1ed9820964,FALSE,TRUE
inPublicationNotRound2,Vitis shuttleworthii,gbifTaxonomy,GBIF,Vitis coriacea Shuttlew. ex Planch.,USA,NA,NA,71b4e76d-bcdb-461e-95d8-25df697b5e45,FALSE,TRUE
inPublicationNotRound2,Vitis shuttleworthii,gbifTaxonomy,GBIF,Vitis coriacea Shuttlew. ex Planch.,USA,NA,NA,9f9b373d-beec-4c73-a4dd-5ef74f736b35,FALSE,TRUE
inPublicationNotRound2,Vitis shuttleworthii,gbifTaxonomy,GBIF,Vitis coriacea Shuttlew. ex Planch.,USA,NA,NA,2907ac04-ad0f-414c-9540-c1c37fd73ade,FALSE,TRUE
inPublicationNotRound2,Vitis shuttleworthii,gbifTaxonomy,GBIF,Vitis coriacea Shuttlew. ex Planch.,USA,NA,NA,959d4672-4575-473a-9d2a-00b154601ffc,FALSE,TRUE
inPublicationNotRound2,Vitis shuttleworthii,gbifTaxonomy,GBIF,Vitis coriacea Shuttlew. ex Planch.,USA,NA,NA,aebfaa63-d8b3-4d82-84f5-0ec303dddfc8,FALSE,TRUE
inPublicationNotRound2,Vitis shuttleworthii,gbifTaxonomy,GBIF,Vitis coriacea Shuttlew. ex Planch.,USA,NA,NA,de3cfd63-f2d8-4b59-9613-15b7bf6ba46e,FALSE,TRUE
inPublicationNotRound2,Vitis shuttleworthii,gbifTaxonomy,GBIF,Vitis coriacea Shuttlew. ex Planch.,USA,NA,NA,6e866102-86b2-43f2-bf3c-89d4d2d2ee6f,FALSE,TRUE
inPublicationNotRound2,Vitis shuttleworthii,gbifTaxonomy,GBIF,Vitis coriacea Shuttlew. ex Planch.,NA,NA,NA,https://data.rbge.org.uk/herb/E01478813,FALSE,TRUE
inPublicationNotRound2,Vitis shuttleworthii,gbifTaxonomy,GBIF,Vitis coriacea Shuttlew. ex Planch.,NA,NA,NA,https://data.rbge.org.uk/herb/E01448716,FALSE,TRUE
inPublicationNotRound2,Vitis shuttleworthii,gbifTaxonomy,GBIF,Vitis coriacea Shuttlew. ex Planch.,USA,NA,NA,urn:catalog:O:V:2138931,FALSE,TRUE
inPublicationNotRound2,Vitis shuttleworthii,gbifTaxonomy,GBIF,Vitis coriacea Shuttlew. ex Planch.,USA,NA,NA,488c5142-d336-4cef-9c38-b07e2ecd047a,FALSE,TRUE
inPublicationNotRound2,Vitis shuttleworthii,gbifTaxonomy,GBIF,Vitis coriacea Shuttlew. ex Planch.,USA,NA,NA,56317fdf-f9c7-4c2d-b21e-30e78670e902,FALSE,TRUE
inPublicationNotRound2,Vitis shuttleworthii,gbifTaxonomy,GBIF,Vitis coriacea Shuttlew. ex Planch.,USA,NA,NA,f49736ae-6197-4e00-8100-ab617d9a9035,FALSE,TRUE
inPublicationNotRound2,Vitis shuttleworthii,gbifTaxonomy,GBIF,Vitis coriacea Shuttlew. ex Planch.,NA,NA,NA,60c0e437-15f3-4fb5-ac62-7879b7e12ef3,FALSE,TRUE
inPublicationNotRound2,Vitis riparia,gbifTaxonomy,GBIF,Vitis incisa Jacq.,USA,27.539881,-99.517584,f15fee15-25b6-4b1b-a883-dc4644a38ac3,FALSE,TRUE
inPublicationNotRound2,Vitis riparia,gbifTaxonomy,GBIF,Vitis incisa Jacq.,USA,30.09744,-96.078292,9b5f9703-8899-4365-8ecb-b0a30974ad30,FALSE,TRUE
inPublicationNotRound2,Vitis riparia,dec16Driver,GBIF,Vitis riparia Michx.,USA,82.233333,-35.008333,db02656a-03fe-486b-bc2b-4e38a820e94c,FALSE,FALSE
inPublicationNotRound2,Vitis riparia,gbifTaxonomy,GBIF,Vitis odoratissima Donn,NA,NA,NA,5DBAD353A1D0434587917613B5C28A74,FALSE,TRUE
inPublicationNotRound2,Vitis riparia,gbifTaxonomy,GBIF,Vitis odoratissima Donn,NA,NA,NA,EF10F7C4E55A4FDAAD9157E4A48F2B05,FALSE,TRUE
inPublicationNotRound2,Vitis riparia,gbifTaxonomy,GBIF,Vitis odoratissima Donn,NA,NA,NA,http://coldb.mnhn.fr/catalognumber/um/mpu/mpu400025,FALSE,TRUE
inPublicationNotRound2,Vitis riparia,gbifTaxonomy,GBIF,Vitis incisa Jacq.,NA,NA,NA,992352d2-2136-4ab8-a30b-0afdf65b7c49,FALSE,TRUE
inPublicationNotRound2,Vitis riparia,gbifTaxonomy,GBIF,Vitis incisa Jacq.,NA,NA,NA,26cd6695-56a1-41b4-a903-30b74d5ad91e,FALSE,TRUE
inPublicationNotRound2,Vitis riparia,gbifTaxonomy,GBIF,Vitis incisa Jacq.,NA,NA,NA,7a9776ef-b82c-41b8-9b28-5de75871772e,FALSE,TRUE
inPublicationNotRound2,Vitis riparia,gbifTaxonomy,GBIF,Vitis incisa Jacq.,NA,NA,NA,510fc95d-b1c4-495a-b4e3-31fb0feba457,FALSE,TRUE
inPublicationNotRound2,Vitis riparia,gbifTaxonomy,GBIF,Vitis incisa Jacq.,NA,NA,NA,e46d1c10-0fba-4660-8bbb-7f0ed129b507,FALSE,TRUE
inPublicationNotRound2,Vitis riparia,gbifTaxonomy,GBIF,Vitis incisa Jacq.,USA,NA,NA,be879b42-f7c2-4125-b1ec-f05793d0c208,FALSE,TRUE
inPublicationNotRound2,Vitis riparia,gbifTaxonomy,GBIF,Vitis incisa Jacq.,NA,NA,NA,218f1d46-5257-4adb-82b9-04b0f00060fa,FALSE,TRUE
inPublicationNotRound2,Vitis riparia,gbifTaxonomy,GBIF,Vitis odoratissima Donn,NA,NA,NA,2C79A41A2FA140FE9E2D4716499257FA,FALSE,TRUE
inPublicationNotRound2,Vitis riparia,gbifTaxonomy,GBIF,Vitis incisa Jacq.,USA,NA,NA,urn:catalog:ALTA-VP:19682,FALSE,TRUE
inPublicationNotRound2,Vitis riparia,gbifTaxonomy,GBIF,Vitis vulpina var. praecox (Engelm. ex L.H.Bailey) L.H.Bailey,USA,NA,NA,urn:catalog:MO:Tropicos:1412795,FALSE,TRUE
inPublicationNotRound2,Vitis riparia,gbifTaxonomy,GBIF,Vitis vulpina var. praecox (Engelm. ex L.H.Bailey) L.H.Bailey,USA,NA,NA,urn:catalog:MO:Tropicos:1412705,FALSE,TRUE
inPublicationNotRound2,Vitis riparia,gbifTaxonomy,GBIF,Vitis odoratissima Donn,NA,NA,NA,NA,FALSE,FALSE
inPublicationNotRound2,Vitis riparia,gbifTaxonomy,GBIF,Vitis odoratissima Donn,NA,NA,NA,NA,FALSE,FALSE
inPublicationNotRound2,Vitis acerifolia,gbifTaxonomy,GBIF,Vitis novomexicana Lemmon ex Munson,USA,37.22998,-98.74812,http://coldb.mnhn.fr/catalognumber/mnhn/p/p02343789,FALSE,TRUE
inPublicationNotRound2,Vitis acerifolia,gbifTaxonomy,GBIF,Vitis novomexicana Lemmon ex Munson,USA,37.22888,-98.68472,urn:catalog:UConn:CONN:00172443,FALSE,TRUE
inPublicationNotRound2,Vitis acerifolia,gbifTaxonomy,GBIF,Vitis novomexicana Lemmon ex Munson,USA,NA,NA,http://n2t.net/ark:/65665/3db366cda-ce8b-4bbb-8207-a81dee25b7e5,FALSE,TRUE
inPublicationNotRound2,Vitis aestivalis,gbifTaxonomy,GBIF,Vitis rufotomentosa Small,USA,38.73147,-75.74672,3af8d8b9-470f-41bd-be23-c8ef6ad2c40a,TRUE,FALSE
inPublicationNotRound2,Vitis aestivalis,gbifTaxonomy,GBIF,Vitis rufotomentosa Small,USA,38.35351,-75.41104,ff3657bb-5e2a-4dc0-9829-4291e8ce404e,TRUE,FALSE
inPublicationNotRound2,Vitis aestivalis,gbifTaxonomy,GBIF,Vitis rufotomentosa Small,USA,38.731471,-75.746721,c6375f82-b567-4f84-a89f-a4753765fc8a,TRUE,FALSE
inPublicationNotRound2,Vitis aestivalis,gbifTaxonomy,GBIF,Vitis rufotomentosa Small,USA,27.4995,-81.8099,http://n2t.net/ark:/65665/3a20ab650-e066-4e4a-bf96-c57dd451bdb5,TRUE,FALSE
inPublicationNotRound2,Vitis aestivalis,gbifTaxonomy,GBIF,Vitis lincecumii Buckley,USA,35.91889,-92.32694,c0d2df56-b141-4a40-a02c-cfce950666f7,TRUE,FALSE
inPublicationNotRound2,Vitis aestivalis,gbifTaxonomy,GBIF,Vitis lincecumii Buckley,USA,33.440646,-94.015029,e228735e-65c9-4c66-a39d-daf1b1634230,TRUE,FALSE
inPublicationNotRound2,Vitis aestivalis,gbifTaxonomy,GBIF,Vitis lecontiana House,USA,42.60231,-88.49124,http://coldb.mnhn.fr/catalognumber/mnhn/p/p02343527,FALSE,TRUE
inPublicationNotRound2,Vitis aestivalis,gbifTaxonomy,GBIF,Vitis linsecomii Buckley,USA,35.93674,-92.11738,http://coldb.mnhn.fr/catalognumber/mnhn/p/p06823878,TRUE,FALSE
inPublicationNotRound2,Vitis aestivalis,gbifTaxonomy,GBIF,Vitis linsecomii Buckley,USA,32.77666,-96.79699,http://coldb.mnhn.fr/catalognumber/mnhn/p/p02343524,TRUE,FALSE
inPublicationNotRound2,Vitis aestivalis,gbifTaxonomy,GBIF,Vitis linsecomii Buckley,USA,32.77666,-96.79699,http://coldb.mnhn.fr/catalognumber/mnhn/p/p02343523,TRUE,FALSE
inPublicationNotRound2,Vitis aestivalis,gbifTaxonomy,GBIF,Vitis linsecomii Buckley,USA,37.08183,-94.65329,http://coldb.mnhn.fr/catalognumber/mnhn/p/p02343526,TRUE,FALSE
inPublicationNotRound2,Vitis aestivalis,gbifTaxonomy,GBIF,Vitis linsecomii Buckley,USA,32.783056,-96.806667,c4392011-db41-4d9b-8f2c-d2afd0ff092c,TRUE,FALSE
inPublicationNotRound2,Vitis aestivalis,gbifTaxonomy,GBIF,Vitis linsecomii Buckley,USA,29.36273,-100.896761,a72f8223-0e73-4130-8823-c6da2a89b1b5,TRUE,FALSE
inPublicationNotRound2,Vitis aestivalis,gbifTaxonomy,GBIF,Vitis bicolor Raf.,USA,33.755659,-96.536658,6a5a7fa8-cea0-4054-bf44-ae55307bb520,FALSE,TRUE
inPublicationNotRound2,Vitis aestivalis,gbifTaxonomy,GBIF,Vitis bicolor Raf.,USA,36.761761,-95.208497,0737cff9-c7a5-4595-85a1-c22834231214,FALSE,TRUE
inPublicationNotRound2,Vitis aestivalis,gbifTaxonomy,GBIF,Vitis bicolor Raf.,USA,35.359049,-94.382069,8217848f-1bb2-4ced-a284-6d88730f95e8,FALSE,TRUE
inPublicationNotRound2,Vitis aestivalis,gbifTaxonomy,GBIF,Vitis rufotomentosa Small,USA,28.855775,-81.685525,04155771-81bb-494b-897d-aa1e68b4400e,TRUE,FALSE
inPublicationNotRound2,Vitis aestivalis,gbifTaxonomy,GBIF,Vitis bicolor Raf.,USA,37.169306,-94.846269,7b9e9b19-e900-4122-baa2-ef9ba5edbefb,FALSE,TRUE
inPublicationNotRound2,Vitis aestivalis,gbifTaxonomy,GBIF,Vitis linsecomii Buckley,USA,30.647709,-96.228007,134fd99e-84a4-49d2-9018-07c52d41475b,TRUE,FALSE
inPublicationNotRound2,Vitis aestivalis,gbifTaxonomy,GBIF,Vitis linsecomii Buckley,USA,36.181208,-94.52745,c6b8b356-6fe5-43df-b1e3-d9c053264010,TRUE,FALSE
inPublicationNotRound2,Vitis aestivalis,gbifTaxonomy,GBIF,Vitis lincecumii Buckley,USA,30.816515,-96.770455,098d4bf6-91f0-48d1-bd56-c61bb9b6396e,TRUE,FALSE
inPublicationNotRound2,Vitis aestivalis,gbifTaxonomy,GBIF,Vitis lincecumii Buckley,USA,32.390413,-95.709524,3681ee67-e26a-4886-bcdf-bd41d6509d6c,TRUE,FALSE
inPublicationNotRound2,Vitis aestivalis,gbifTaxonomy,GBIF,Vitis lincecumii Buckley,USA,30.79164,-96.905193,f45de9fa-7106-4c98-b014-e4e1005efd40,TRUE,FALSE
inPublicationNotRound2,Vitis aestivalis,gbifTaxonomy,GBIF,Vitis bicolor J.Le Conte,USA,40.433701,-79.99714,63c6473b-ccd4-4b31-b348-6766f79e8564,FALSE,TRUE
inPublicationNotRound2,Vitis aestivalis,gbifTaxonomy,GBIF,Vitis bicolor J.Le Conte,USA,39.830319,-76.344965,ddf2089e-4f30-4827-bbc2-bc8512cd1b0e,FALSE,TRUE
inPublicationNotRound2,Vitis aestivalis,gbifTaxonomy,GBIF,Vitis bicolor J.Le Conte,USA,41.020481,-74.670252,118b572b-77a2-4662-9579-3c294ac4f084,FALSE,TRUE
inPublicationNotRound2,Vitis aestivalis,gbifTaxonomy,GBIF,Vitis bicolor J.Le Conte,USA,40.405902,-79.911995,3fb3b7db-c8b1-4349-a805-75d6f8407fca,FALSE,TRUE
inPublicationNotRound2,Vitis aestivalis,gbifTaxonomy,GBIF,Vitis bicolor J.Le Conte,USA,40.726536,-74.303433,d9badbb3-32bd-4be4-96e0-b6902cad0d34,FALSE,TRUE
inPublicationNotRound2,Vitis aestivalis,gbifTaxonomy,GBIF,Vitis rufotomentosa Small,USA,28.852768,-81.685353,feb4f711-0697-47fb-9d86-5e84b0ea84fb,TRUE,FALSE
inPublicationNotRound2,Vitis aestivalis,gbifTaxonomy,GBIF,Vitis smalliana L.H.Bailey,USA,38.53783,-121.79046,f98ad5ef-c984-4dfd-bb02-e6111a52e612,FALSE,TRUE
inPublicationNotRound2,Vitis aestivalis,gbifTaxonomy,GBIF,Vitis smalliana L.H.Bailey,USA,38.53783,-121.79046,eb04c3d4-c80a-4b34-ad3d-d40e4432f258,FALSE,TRUE
inPublicationNotRound2,Vitis aestivalis,gbifTaxonomy,GBIF,Vitis smalliana L.H.Bailey,USA,38.53783,-121.79046,a678cbf7-5d75-455c-9494-1ed9d7c3430e,FALSE,TRUE
inPublicationNotRound2,Vitis aestivalis,gbifTaxonomy,GBIF,Vitis smalliana L.H.Bailey,USA,38.53783,-121.79046,01fd7007-c619-42ea-9cfd-996752f48e7c,FALSE,TRUE
inPublicationNotRound2,Vitis aestivalis,gbifTaxonomy,GBIF,Vitis smalliana L.H.Bailey,USA,38.53783,-121.79046,7935d155-b168-4760-8778-b2231ef054cf,FALSE,TRUE
inPublicationNotRound2,Vitis aestivalis,gbifTaxonomy,GBIF,Vitis smalliana L.H.Bailey,USA,38.5243,-121.75491,94e7aad5-2074-4633-95d6-62dd4db8d714,FALSE,TRUE
inPublicationNotRound2,Vitis aestivalis,gbifTaxonomy,GBIF,Vitis smalliana L.H.Bailey,USA,38.53783,-121.79046,bac4e2fd-2255-45a7-87de-d9b82095753c,FALSE,TRUE
inPublicationNotRound2,Vitis aestivalis,gbifTaxonomy,GBIF,Vitis smalliana L.H.Bailey,USA,38.53783,-121.79046,4a2971fe-bf92-4919-95d5-20a7513b5be8,FALSE,TRUE
inPublicationNotRound2,Vitis aestivalis,gbifTaxonomy,GBIF,Vitis smalliana L.H.Bailey,USA,38.53783,-121.79046,3c5ab28c-69ce-4491-a042-25ac7cbae492,FALSE,TRUE
inPublicationNotRound2,Vitis aestivalis,gbifTaxonomy,GBIF,Vitis smalliana L.H.Bailey,USA,38.53783,-121.79046,1d70a9b7-b4ae-4e5d-893c-e266a3d321b9,FALSE,TRUE
inPublicationNotRound2,Vitis aestivalis,gbifTaxonomy,GBIF,Vitis smalliana L.H.Bailey,USA,38.53783,-121.79046,6b23b387-e2e7-42c9-8a80-0f1e7c390b51,FALSE,TRUE
inPublicationNotRound2,Vitis aestivalis,gbifTaxonomy,GBIF,Vitis smalliana L.H.Bailey,USA,38.53783,-121.79046,d283dcd4-8e7e-4174-bf5c-a96919c4cf65,FALSE,TRUE
inPublicationNotRound2,Vitis aestivalis,gbifTaxonomy,GBIF,Vitis smalliana L.H.Bailey,USA,38.53783,-121.79046,be25084d-302d-44a4-9216-47f82243814d,FALSE,TRUE
inPublicationNotRound2,Vitis aestivalis,gbifTaxonomy,GBIF,Vitis smalliana L.H.Bailey,USA,38.53783,-121.79046,658f329a-82a6-44f9-bbbe-0df282cc3dbe,FALSE,TRUE
inPublicationNotRound2,Vitis aestivalis,gbifTaxonomy,GBIF,Vitis smalliana L.H.Bailey,USA,38.53783,-121.79046,d7591765-52b5-4801-9fd8-33bcd6bf4a2d,FALSE,TRUE
inPublicationNotRound2,Vitis aestivalis,gbifTaxonomy,GBIF,Vitis smalliana L.H.Bailey,USA,38.53783,-121.79046,df63ecd7-324d-42ae-a30a-79b1fb911bf6,FALSE,TRUE
inPublicationNotRound2,Vitis aestivalis,gbifTaxonomy,GBIF,Vitis smalliana L.H.Bailey,USA,38.53783,-121.79046,07512cd5-be6a-4bd4-b9c1-d5ed4b1637ea,FALSE,TRUE
inPublicationNotRound2,Vitis aestivalis,gbifTaxonomy,GBIF,Vitis × slavinii Rehder,USA,38.5243,-121.75491,UCD17388,FALSE,TRUE
inPublicationNotRound2,Vitis aestivalis,gbifTaxonomy,GBIF,Vitis smalliana L.H.Bailey,USA,38.53783,-121.79046,5de38437-4b5a-4dcf-ad0b-f4a45470fd6a,FALSE,TRUE
inPublicationNotRound2,Vitis aestivalis,gbifTaxonomy,GBIF,Vitis smalliana L.H.Bailey,USA,38.53783,-121.79046,4b59a14e-db90-4f67-bbf6-648985e513b5,FALSE,TRUE
inPublicationNotRound2,Vitis aestivalis,gbifTaxonomy,GBIF,Vitis rufotomentosa Small,USA,25.63389,-80.3013,486b1a67-8203-4a65-af7e-0ecde3f42496,TRUE,FALSE
inPublicationNotRound2,Vitis aestivalis,gbifTaxonomy,GBIF,Vitis rufotomentosa Small,USA,35.76299,-77.93271,f0e8f975-b409-4bc1-a0b1-1944a75dded1,TRUE,FALSE
inPublicationNotRound2,Vitis aestivalis,gbifTaxonomy,GBIF,Vitis rufotomentosa Small,USA,38.73147,-75.74672,cb62f396-574c-4a5a-9482-4765e86e0432,TRUE,FALSE
inPublicationNotRound2,Vitis aestivalis,gbifTaxonomy,GBIF,Vitis bicolor J.Le Conte,USA,42.05361,-76.59583,urn:catalog:UConn:CONN:00053853,FALSE,TRUE
inPublicationNotRound2,Vitis aestivalis,gbifTaxonomy,GBIF,Vitis rufotomentosa Small,USA,27.75222,-81.80166,urn:catalog:UConn:CONN:00172496,TRUE,FALSE
inPublicationNotRound2,Vitis aestivalis,gbifTaxonomy,GBIF,Vitis lincecumii Buckley,USA,30.528611,-96.285278,cae7fc1463dec68d829f389d61c8a09e,TRUE,FALSE
inPublicationNotRound2,Vitis aestivalis,gbifTaxonomy,GBIF,Vitis linsecomii Buckley,USA,32.108441,-94.273015,c6632b26-f424-4fe9-aa2d-83f8180dd487,TRUE,FALSE
inPublicationNotRound2,Vitis aestivalis,gbifTaxonomy,GBIF,Vitis lincecumii Buckley,USA,31.209127,-96.125093,42d9dd53-c4bf-460f-bf70-b03c94b66aa6,TRUE,FALSE
inPublicationNotRound2,Vitis aestivalis,gbifTaxonomy,GBIF,Vitis bicolor J.Le Conte,USA,41.73,-73.4539,urn:uuid:a3a22a5b-4985-4264-b48e-b0c147c7461c,FALSE,TRUE
inPublicationNotRound2,Vitis aestivalis,gbifTaxonomy,GBIF,Vitis lincecumii Buckley,USA,37.277817,-95.217136,f249e7d6-bc9b-4174-a8ea-3a0a428e7a33,TRUE,FALSE
inPublicationNotRound2,Vitis aestivalis,gbifTaxonomy,GBIF,Vitis bicolor J.Le Conte,USA,43.044428,-91.178186,aa4511db-d86b-4882-b937-1e555d1277fc,FALSE,TRUE
inPublicationNotRound2,Vitis aestivalis,gbifTaxonomy,GBIF,Vitis bicolor J.Le Conte,USA,43.007774,-91.174219,d0b22bff-a311-4776-88ce-69257f6612ba,FALSE,TRUE
inPublicationNotRound2,Vitis aestivalis,gbifTaxonomy,GBIF,Vitis rufotomentosa Small,USA,38.35351,-75.41104,11e07d03-04c7-4ea1-892b-368c0a0a13cf,TRUE,FALSE
inPublicationNotRound2,Vitis aestivalis,gbifTaxonomy,GBIF,Vitis linsecomii Buckley,USA,NA,NA,3d577db6-b10d-4644-838b-637a6004be1d,TRUE,FALSE
inPublicationNotRound2,Vitis aestivalis,gbifTaxonomy,GBIF,Vitis bicolor J.Le Conte,USA,NA,NA,d78b6b9f-c4dd-4d04-a188-d59994d76ccf,FALSE,TRUE
inPublicationNotRound2,Vitis aestivalis,gbifTaxonomy,GBIF,Vitis linsecomii Buckley,USA,NA,NA,530b380b-2223-44f9-9d3b-2a2c7f20e0c7,TRUE,FALSE
inPublicationNotRound2,Vitis aestivalis,gbifTaxonomy,GBIF,Vitis linsecomii Buckley,USA,NA,NA,80274733-5b7d-40ee-8928-8ea1e5ad6eed,TRUE,FALSE
inPublicationNotRound2,Vitis aestivalis,gbifTaxonomy,GBIF,Vitis bicolor J.Le Conte,USA,NA,NA,9550091f-e73b-45b6-acb7-88c1ccb750f7,FALSE,TRUE
inPublicationNotRound2,Vitis aestivalis,gbifTaxonomy,GBIF,Vitis linsecomii Buckley,USA,NA,NA,3084a041-244b-4df9-a8b3-1eb1ea2b659b,TRUE,FALSE
inPublicationNotRound2,Vitis aestivalis,gbifTaxonomy,GBIF,Vitis linsecomii Buckley,USA,NA,NA,2f5d537d-807e-443b-9041-46fb6bc92dd2,TRUE,FALSE
inPublicationNotRound2,Vitis aestivalis,gbifTaxonomy,GBIF,Vitis linsecomii Buckley,USA,NA,NA,36056244-4ae2-47b4-8db7-1344d478f01b,TRUE,FALSE
inPublicationNotRound2,Vitis aestivalis,gbifTaxonomy,GBIF,Vitis linsecomii Buckley,USA,NA,NA,9ac1a491-6d19-4f59-8d50-d170fb7d8b9f,TRUE,FALSE
inPublicationNotRound2,Vitis aestivalis,gbifTaxonomy,GBIF,Vitis linsecomii Buckley,USA,NA,NA,4e6e3b8b-7324-45bc-8e62-b2ee64b89171,TRUE,FALSE
inPublicationNotRound2,Vitis aestivalis,gbifTaxonomy,GBIF,Vitis linsecomii Buckley,USA,NA,NA,a026b4b1-1a47-47c4-95b9-814d056b7485,TRUE,FALSE
inPublicationNotRound2,Vitis aestivalis,gbifTaxonomy,GBIF,Vitis linsecomii Buckley,USA,NA,NA,cab71e9a-7d82-4bb0-a21c-9b6618abb008,TRUE,FALSE
inPublicationNotRound2,Vitis aestivalis,gbifTaxonomy,GBIF,Vitis linsecomii Buckley,USA,NA,NA,de80ab41-55ea-46c1-a2e5-52fe2778caf1,TRUE,FALSE
inPublicationNotRound2,Vitis aestivalis,gbifTaxonomy,GBIF,Vitis linsecomii Buckley,USA,NA,NA,8a4c80c1-7ab9-4d88-8574-ecf36d37599e,TRUE,FALSE
inPublicationNotRound2,Vitis aestivalis,gbifTaxonomy,GBIF,Vitis linsecomii Buckley,USA,NA,NA,https://data.biodiversitydata.nl/naturalis/specimen/L.4253902,TRUE,FALSE
inPublicationNotRound2,Vitis aestivalis,gbifTaxonomy,GBIF,Vitis linsecomii Buckley,USA,NA,NA,https://data.biodiversitydata.nl/naturalis/specimen/U.1770378,TRUE,FALSE
inPublicationNotRound2,Vitis aestivalis,gbifTaxonomy,GBIF,Vitis linsecomii Buckley,NA,NA,NA,https://data.biodiversitydata.nl/naturalis/specimen/WAG.1866966,TRUE,FALSE
inPublicationNotRound2,Vitis aestivalis,gbifTaxonomy,GBIF,Vitis linsecomii Buckley,NA,NA,NA,https://data.biodiversitydata.nl/naturalis/specimen/WAG.1866967,TRUE,FALSE
inPublicationNotRound2,Vitis aestivalis,gbifTaxonomy,GBIF,Vitis linsecomii Buckley,USA,NA,NA,https://data.biodiversitydata.nl/naturalis/specimen/U.1770379,TRUE,FALSE
inPublicationNotRound2,Vitis aestivalis,gbifTaxonomy,GBIF,Vitis lincecumii Buckley,USA,NA,NA,5833a009-2687-437d-b4a1-941d5d68e7aa,TRUE,FALSE
inPublicationNotRound2,Vitis aestivalis,gbifTaxonomy,GBIF,Vitis lincecumii Buckley,USA,NA,NA,f5860a69-bfdb-4c02-9568-58b7305282e5,TRUE,FALSE
inPublicationNotRound2,Vitis aestivalis,gbifTaxonomy,GBIF,Vitis bicolor J.Le Conte,USA,NA,NA,ba9b1ef3-7f51-4f56-915c-260f7465c54d,FALSE,TRUE
inPublicationNotRound2,Vitis aestivalis,gbifTaxonomy,GBIF,Vitis lincecumii Buckley,USA,NA,NA,0ada0b96-ecf3-49c2-aca2-83103f6d4473,TRUE,FALSE
inPublicationNotRound2,Vitis aestivalis,gbifTaxonomy,GBIF,Vitis lincecumii Buckley,USA,NA,NA,5162c165-94f3-46df-8731-9355790c49d9,TRUE,FALSE
inPublicationNotRound2,Vitis aestivalis,gbifTaxonomy,GBIF,Vitis linsecomii Buckley,USA,NA,NA,96b11c8e-431c-448a-9727-c1dbfd8e90af,TRUE,FALSE
inPublicationNotRound2,Vitis aestivalis,gbifTaxonomy,GBIF,Vitis lincecumii Buckley,USA,NA,NA,a972b42a-ccb9-4e9a-bc5d-7861756b48a5,TRUE,FALSE
inPublicationNotRound2,Vitis aestivalis,gbifTaxonomy,GBIF,Vitis lincecumii Buckley,USA,NA,NA,961bcbc5-181f-4b89-85cf-b5719c52fb9d,TRUE,FALSE
inPublicationNotRound2,Vitis aestivalis,gbifTaxonomy,GBIF,Vitis lincecumii Buckley,USA,NA,NA,513cc0d5-cff8-4277-85d5-5485d1134902,TRUE,FALSE
inPublicationNotRound2,Vitis aestivalis,gbifTaxonomy,GBIF,Vitis rufotomentosa Small,USA,NA,NA,885a8ff2-e99f-48e3-acfe-47c2e99a7254,TRUE,FALSE
inPublicationNotRound2,Vitis aestivalis,gbifTaxonomy,GBIF,Vitis bicolor J.Le Conte,USA,NA,NA,5375362,FALSE,TRUE
inPublicationNotRound2,Vitis aestivalis,gbifTaxonomy,GBIF,Vitis bourquiniana Munson,USA,NA,NA,urn:catalog:MO:Tropicos:1397327,FALSE,TRUE
inPublicationNotRound2,Vitis aestivalis,gbifTaxonomy,GBIF,Vitis bourquiniana Munson,USA,NA,NA,urn:catalog:MO:Tropicos:1411460,FALSE,TRUE
inPublicationNotRound2,Vitis aestivalis,gbifTaxonomy,GBIF,Vitis rufotomentosa Small,USA,NA,NA,urn:catalog:MO:Tropicos:1394185,TRUE,FALSE
inPublicationNotRound2,Vitis aestivalis,gbifTaxonomy,GBIF,Vitis bourquiniana Munson,USA,NA,NA,urn:catalog:MO:Tropicos:1411510,FALSE,TRUE
inPublicationNotRound2,Vitis aestivalis,gbifTaxonomy,GBIF,Vitis rufotomentosa Small,USA,NA,NA,urn:catalog:MO:Tropicos:1394187,TRUE,FALSE
inPublicationNotRound2,Vitis aestivalis,gbifTaxonomy,GBIF,Vitis linsecomii Buckley,USA,NA,NA,urn:catalog:MO:Tropicos:1390786,TRUE,FALSE
inPublicationNotRound2,Vitis aestivalis,gbifTaxonomy,GBIF,Vitis bourquiniana Munson,USA,NA,NA,urn:catalog:MO:Tropicos:1411512,FALSE,TRUE
inPublicationNotRound2,Vitis aestivalis,gbifTaxonomy,GBIF,Vitis bicolor Raf.,USA,NA,NA,urn:catalog:MO:Tropicos:103587088,FALSE,TRUE
inPublicationNotRound2,Vitis aestivalis,gbifTaxonomy,GBIF,Vitis bourquiniana Munson,USA,NA,NA,urn:catalog:MO:Tropicos:1411455,FALSE,TRUE
inPublicationNotRound2,Vitis aestivalis,gbifTaxonomy,GBIF,Vitis bourquiniana Munson,USA,NA,NA,urn:catalog:MO:Tropicos:1438221,FALSE,TRUE
inPublicationNotRound2,Vitis aestivalis,gbifTaxonomy,GBIF,Vitis lincecumii Buckley,USA,NA,NA,3322209b-e041-4c75-9415-941a44c97757,TRUE,FALSE
inPublicationNotRound2,Vitis aestivalis,gbifTaxonomy,GBIF,Vitis lincecumii Buckley,USA,NA,NA,4ddbfed1-eded-4424-afc5-8c5d58567fa1,TRUE,FALSE
inPublicationNotRound2,Vitis aestivalis,gbifTaxonomy,GBIF,Vitis rufotomentosa Small,USA,NA,NA,f94e26d7-8d67-4554-9443-f19c4c09c276,TRUE,FALSE
inPublicationNotRound2,Vitis aestivalis,gbifTaxonomy,GBIF,Vitis bourquiniana Munson,USA,NA,NA,urn:catalog:MO:Tropicos:1411469,FALSE,TRUE
inPublicationNotRound2,Vitis aestivalis,gbifTaxonomy,GBIF,Vitis bourquiniana Munson,USA,NA,NA,urn:catalog:MO:Tropicos:1411448,FALSE,TRUE
inPublicationNotRound2,Vitis aestivalis,gbifTaxonomy,GBIF,Vitis bourquiniana Munson,USA,NA,NA,urn:catalog:MO:Tropicos:1411466,FALSE,TRUE
inPublicationNotRound2,Vitis aestivalis,gbifTaxonomy,GBIF,Vitis bicolor Raf.,USA,NA,NA,urn:catalog:MO:Tropicos:1392554,FALSE,TRUE
inPublicationNotRound2,Vitis aestivalis,gbifTaxonomy,GBIF,Vitis bicolor Leconte,USA,NA,NA,http://n2t.net/ark:/65665/3475c7d6a-06d1-4c2b-9dbf-63949c347bb9,FALSE,TRUE
inPublicationNotRound2,Vitis aestivalis,gbifTaxonomy,GBIF,Vitis linsecomii Buckley,USA,NA,NA,http://n2t.net/ark:/65665/38cba8618-f643-464d-be19-27a617e3d83b,TRUE,FALSE
inPublicationNotRound2,Vitis aestivalis,gbifTaxonomy,GBIF,Vitis linsecomii Buckley,USA,NA,NA,http://n2t.net/ark:/65665/3c2268c8d-c255-44c1-88be-9bf3cc5a8cfd,TRUE,FALSE
inPublicationNotRound2,Vitis aestivalis,gbifTaxonomy,GBIF,Vitis bicolor Leconte,USA,NA,NA,http://n2t.net/ark:/65665/3687e1902-9c98-4cd3-bd9d-8cc6f09a6c0f,FALSE,TRUE
inPublicationNotRound2,Vitis aestivalis,gbifTaxonomy,GBIF,Vitis bicolor Leconte,USA,NA,NA,http://n2t.net/ark:/65665/3b0fab00b-03bb-4440-ba8a-1ed762b5da67,FALSE,TRUE
inPublicationNotRound2,Vitis aestivalis,gbifTaxonomy,GBIF,Vitis rufotomentosa Small,USA,NA,NA,http://n2t.net/ark:/65665/3af6ddd09-7c43-496d-9fc4-a58fc27e4881,TRUE,FALSE
inPublicationNotRound2,Vitis aestivalis,gbifTaxonomy,GBIF,Vitis linsecomii Buckley,USA,NA,NA,http://n2t.net/ark:/65665/3aaf38891-b294-4e0c-9ed6-a750d509d521,TRUE,FALSE
inPublicationNotRound2,Vitis aestivalis,gbifTaxonomy,GBIF,Vitis bicolor Leconte,USA,NA,NA,http://n2t.net/ark:/65665/329bee8bc-79fb-448a-99bb-a3367c673f9e,FALSE,TRUE
inPublicationNotRound2,Vitis aestivalis,gbifTaxonomy,GBIF,Vitis linsecomii Buckley,USA,NA,NA,http://n2t.net/ark:/65665/3a7723e1c-773b-4dec-93dd-1802507e59b8,TRUE,FALSE
inPublicationNotRound2,Vitis aestivalis,gbifTaxonomy,GBIF,Vitis linsecomii Buckley,USA,NA,NA,http://n2t.net/ark:/65665/3d0b99b45-6f7b-41ca-ac73-0118d6211251,TRUE,FALSE
inPublicationNotRound2,Vitis aestivalis,gbifTaxonomy,GBIF,Vitis bicolor Leconte,USA,NA,NA,http://n2t.net/ark:/65665/3f9af59ef-ae5b-4031-8c88-04b03a70764d,FALSE,TRUE
inPublicationNotRound2,Vitis aestivalis,gbifTaxonomy,GBIF,Vitis bicolor Leconte,USA,NA,NA,http://n2t.net/ark:/65665/346b752c0-1761-48f5-8e66-b9f3aaa3d511,FALSE,TRUE
inPublicationNotRound2,Vitis aestivalis,gbifTaxonomy,GBIF,Vitis bicolor Leconte,USA,NA,NA,http://n2t.net/ark:/65665/3e98f0989-e124-48ae-a9a9-82d1a39f6427,FALSE,TRUE
inPublicationNotRound2,Vitis aestivalis,gbifTaxonomy,GBIF,Vitis bicolor Leconte,USA,NA,NA,http://n2t.net/ark:/65665/3f8a87f57-a64f-42fb-940e-22ff0d0899b4,FALSE,TRUE
inPublicationNotRound2,Vitis aestivalis,gbifTaxonomy,GBIF,Vitis linsecomii Buckley,USA,NA,NA,http://n2t.net/ark:/65665/3af1d46ac-65aa-4efc-b09e-22b2b321384a,TRUE,FALSE
inPublicationNotRound2,Vitis aestivalis,gbifTaxonomy,GBIF,Vitis bicolor Leconte,USA,NA,NA,http://n2t.net/ark:/65665/3561fab30-a42c-4444-ae8a-998fb008d8ad,FALSE,TRUE
inPublicationNotRound2,Vitis aestivalis,gbifTaxonomy,GBIF,Vitis araneosa J.Le Conte,USA,NA,NA,http://n2t.net/ark:/65665/304d7cfea-4e39-40ce-93d9-b0994e8624f1,FALSE,TRUE
inPublicationNotRound2,Vitis aestivalis,gbifTaxonomy,GBIF,Vitis bicolor Leconte,USA,NA,NA,http://n2t.net/ark:/65665/345aa433c-036e-4705-947c-7bf55f086bb7,FALSE,TRUE
inPublicationNotRound2,Vitis aestivalis,gbifTaxonomy,GBIF,Vitis linsecomii Buckley,USA,NA,NA,http://n2t.net/ark:/65665/30d9df745-bd33-4f6c-b43e-23bbf0833822,TRUE,FALSE
inPublicationNotRound2,Vitis aestivalis,gbifTaxonomy,GBIF,Vitis linsecomii Buckley,USA,NA,NA,http://n2t.net/ark:/65665/35d402872-b5b0-49e1-889b-87757a8354de,TRUE,FALSE
inPublicationNotRound2,Vitis aestivalis,gbifTaxonomy,GBIF,Vitis linsecomii Buckley,USA,NA,NA,http://n2t.net/ark:/65665/3ea66542a-de5c-4f96-bbc3-27fac0c59cfb,TRUE,FALSE
inPublicationNotRound2,Vitis aestivalis,gbifTaxonomy,GBIF,Vitis araneosa J.Le Conte,USA,NA,NA,http://n2t.net/ark:/65665/33577a958-4e5e-4c04-b499-93684249daad,FALSE,TRUE
inPublicationNotRound2,Vitis aestivalis,gbifTaxonomy,GBIF,Vitis bicolor Leconte,USA,NA,NA,http://n2t.net/ark:/65665/38a9b042c-eadd-4f57-b736-e47ffd29b385,FALSE,TRUE
inPublicationNotRound2,Vitis aestivalis,gbifTaxonomy,GBIF,Vitis araneosa J.Le Conte,USA,NA,NA,http://n2t.net/ark:/65665/3b8ad7765-8593-48b3-9b92-8bfc5f582134,FALSE,TRUE
inPublicationNotRound2,Vitis aestivalis,gbifTaxonomy,GBIF,Vitis bicolor Leconte,USA,NA,NA,http://n2t.net/ark:/65665/361803dbb-93b5-40c0-99dd-0aaacf4ae49f,FALSE,TRUE
inPublicationNotRound2,Vitis aestivalis,gbifTaxonomy,GBIF,Vitis bicolor Leconte,USA,NA,NA,http://n2t.net/ark:/65665/3ea182d67-30ea-4be2-a49f-91e3c3026dc4,FALSE,TRUE
inPublicationNotRound2,Vitis aestivalis,gbifTaxonomy,GBIF,Vitis linsecomii Buckley,USA,NA,NA,http://n2t.net/ark:/65665/3ec7426f4-587d-45a6-96df-276848875ee8,TRUE,FALSE
inPublicationNotRound2,Vitis aestivalis,gbifTaxonomy,GBIF,Vitis linsecomii Buckley,USA,NA,NA,http://n2t.net/ark:/65665/393b78ba3-f4a3-4a55-b349-796d8252b6c1,TRUE,FALSE
inPublicationNotRound2,Vitis aestivalis,gbifTaxonomy,GBIF,Vitis bicolor Leconte,USA,NA,NA,http://n2t.net/ark:/65665/3c5055ae0-f8ac-4153-8145-342e1a67f17b,FALSE,TRUE
inPublicationNotRound2,Vitis aestivalis,gbifTaxonomy,GBIF,Vitis linsecomii Buckley,USA,NA,NA,http://n2t.net/ark:/65665/3dc54f3bc-6b00-4548-be6c-fffa63ad0d96,TRUE,FALSE
inPublicationNotRound2,Vitis aestivalis,gbifTaxonomy,GBIF,Vitis bicolor Leconte,USA,NA,NA,http://n2t.net/ark:/65665/3743c7543-0463-47e6-82cd-67b2551162bc,FALSE,TRUE
inPublicationNotRound2,Vitis aestivalis,gbifTaxonomy,GBIF,Vitis bicolor Leconte,USA,NA,NA,http://n2t.net/ark:/65665/3441b9c73-ea77-4d97-9caa-c032d3762ec7,FALSE,TRUE
inPublicationNotRound2,Vitis aestivalis,gbifTaxonomy,GBIF,Vitis bicolor Leconte,USA,NA,NA,http://n2t.net/ark:/65665/3582f28c0-570b-434a-9607-e51cb316d9cb,FALSE,TRUE
inPublicationNotRound2,Vitis aestivalis,gbifTaxonomy,GBIF,Vitis bicolor Leconte,USA,NA,NA,http://n2t.net/ark:/65665/348b60c35-4339-491b-adf7-eb71e88ef9aa,FALSE,TRUE
inPublicationNotRound2,Vitis aestivalis,gbifTaxonomy,GBIF,Vitis araneosa J.Le Conte,USA,NA,NA,http://n2t.net/ark:/65665/3e453c764-2160-477d-a66e-a62af7094460,FALSE,TRUE
inPublicationNotRound2,Vitis aestivalis,gbifTaxonomy,GBIF,Vitis linsecomii Buckley,USA,NA,NA,http://n2t.net/ark:/65665/3359b17a5-d5bc-47e7-a6ff-8cccf7996422,TRUE,FALSE
inPublicationNotRound2,Vitis aestivalis,gbifTaxonomy,GBIF,Vitis araneosa J.Le Conte,USA,NA,NA,http://n2t.net/ark:/65665/36d77b734-18ec-4876-862b-955a85b03e2a,FALSE,TRUE
inPublicationNotRound2,Vitis aestivalis,gbifTaxonomy,GBIF,Vitis linsecomii Buckley,USA,NA,NA,http://n2t.net/ark:/65665/390530b34-42c5-4e58-86b9-64618e4c33aa,TRUE,FALSE
inPublicationNotRound2,Vitis aestivalis,gbifTaxonomy,GBIF,Vitis araneosa J.Le Conte,USA,NA,NA,http://n2t.net/ark:/65665/362fd2595-5ac9-435a-809a-5001dda76792,FALSE,TRUE
inPublicationNotRound2,Vitis aestivalis,gbifTaxonomy,GBIF,Vitis linsecomii Buckley,USA,NA,NA,http://n2t.net/ark:/65665/3d3b8f9d2-a593-42bf-bd07-7971ebc873b9,TRUE,FALSE
inPublicationNotRound2,Vitis aestivalis,gbifTaxonomy,GBIF,Vitis bicolor Leconte,USA,NA,NA,http://n2t.net/ark:/65665/3d613f4ac-a9b1-46f4-ac88-a9cc76891dbf,FALSE,TRUE
inPublicationNotRound2,Vitis aestivalis,gbifTaxonomy,GBIF,Vitis bicolor Leconte,USA,NA,NA,http://n2t.net/ark:/65665/313fefbf5-f2dd-4893-ad5c-759f68c568f3,FALSE,TRUE
inPublicationNotRound2,Vitis aestivalis,gbifTaxonomy,GBIF,Vitis linsecomii Buckley,USA,NA,NA,http://n2t.net/ark:/65665/30f627626-4fa9-4184-8de0-c6a97855bb17,TRUE,FALSE
inPublicationNotRound2,Vitis aestivalis,gbifTaxonomy,GBIF,Vitis bicolor Leconte,USA,NA,NA,http://n2t.net/ark:/65665/31f45b381-dd10-46d8-9051-2dc6d13b3c07,FALSE,TRUE
inPublicationNotRound2,Vitis aestivalis,gbifTaxonomy,GBIF,Vitis bicolor Leconte,USA,NA,NA,http://n2t.net/ark:/65665/385bf6b5f-d134-4de5-922e-984a015c5c18,FALSE,TRUE
inPublicationNotRound2,Vitis aestivalis,gbifTaxonomy,GBIF,Vitis linsecomii Buckley,USA,NA,NA,http://n2t.net/ark:/65665/3f49f4134-4ab9-4fa7-b9e8-4d95b753a047,TRUE,FALSE
inPublicationNotRound2,Vitis aestivalis,gbifTaxonomy,GBIF,Vitis linsecomii Buckley,USA,NA,NA,http://n2t.net/ark:/65665/3c607311d-8b75-41ce-9fa9-576c4a55b2a7,TRUE,FALSE
inPublicationNotRound2,Vitis aestivalis,gbifTaxonomy,GBIF,Vitis bicolor Leconte,USA,NA,NA,http://n2t.net/ark:/65665/3746d20c9-e158-47ea-b394-5159661dc513,FALSE,TRUE
inPublicationNotRound2,Vitis aestivalis,gbifTaxonomy,GBIF,Vitis bicolor Leconte,USA,NA,NA,http://n2t.net/ark:/65665/30174a3ea-931b-40dd-911b-57fd10ce678c,FALSE,TRUE
inPublicationNotRound2,Vitis aestivalis,gbifTaxonomy,GBIF,Vitis linsecomii Buckley,USA,NA,NA,http://n2t.net/ark:/65665/388509f40-3174-486a-8b5f-2df75064830b,TRUE,FALSE
inPublicationNotRound2,Vitis aestivalis,gbifTaxonomy,GBIF,Vitis linsecomii Buckley,USA,NA,NA,http://n2t.net/ark:/65665/323815219-191a-4e8a-935d-abbfb0cdc656,TRUE,FALSE
inPublicationNotRound2,Vitis aestivalis,gbifTaxonomy,GBIF,Vitis linsecomii Buckley,USA,NA,NA,http://n2t.net/ark:/65665/3b1b7e159-2cb4-4230-b54e-2e2ecc9e6f4a,TRUE,FALSE
inPublicationNotRound2,Vitis aestivalis,gbifTaxonomy,GBIF,Vitis intermedia Muhl.,NA,NA,NA,https://herbarium.bgbm.org/object/BW04971020,FALSE,TRUE
inPublicationNotRound2,Vitis aestivalis,gbifTaxonomy,GBIF,Vitis rufotomentosa Small,USA,NA,NA,9b472df5-4bfd-4efa-a7b0-871f817064f5,TRUE,FALSE
inPublicationNotRound2,Vitis aestivalis,gbifTaxonomy,GBIF,Vitis × slavinii Rehder,USA,NA,NA,cfff78b0-9b76-4a0b-b44a-719cea9469c1,FALSE,TRUE
inPublicationNotRound2,Vitis aestivalis,gbifTaxonomy,GBIF,Vitis × slavinii Rehder,USA,NA,NA,17917ab3-c741-4cb7-ac0a-c0de438687c0,FALSE,TRUE
inPublicationNotRound2,Vitis aestivalis,gbifTaxonomy,GBIF,Vitis rufotomentosa Small,USA,NA,NA,b2238eee-7b3d-4242-b48f-99ea495b81e8,TRUE,FALSE
inPublicationNotRound2,Vitis aestivalis,gbifTaxonomy,GBIF,Vitis × slavinii Rehder,USA,NA,NA,639943d0-a452-4dc3-bbb6-bffd048ce59a,FALSE,TRUE
inPublicationNotRound2,Vitis aestivalis,gbifTaxonomy,GBIF,Vitis bicolor J.Le Conte,USA,NA,NA,fabd2f02-9ab2-484d-a09a-5ebd12b86b7c,FALSE,TRUE
inPublicationNotRound2,Vitis aestivalis,gbifTaxonomy,GBIF,Vitis linsecomii Buckley,USA,NA,NA,http://coldb.mnhn.fr/catalognumber/mnhn/p/p02343525,TRUE,FALSE
inPublicationNotRound2,Vitis aestivalis,gbifTaxonomy,GBIF,Vitis bicolor Leconte,USA,NA,NA,http://www.botanicalcollections.be/specimen/BR0000034964200,FALSE,TRUE
inPublicationNotRound2,Vitis aestivalis,gbifTaxonomy,GBIF,Vitis lincecumii Buckley,USA,NA,NA,cbd77c5d-65f7-454e-950b-4fb7fe954c8e,TRUE,FALSE
inPublicationNotRound2,Vitis aestivalis,gbifTaxonomy,GBIF,Vitis lincecumii Buckley,USA,NA,NA,a2af722c-a1e0-4488-8ccd-0b972a8da856,TRUE,FALSE
inPublicationNotRound2,Vitis aestivalis,gbifTaxonomy,GBIF,Vitis lincecumii Buckley,USA,NA,NA,cf384c89-9bae-4320-9564-bf7c802e8a48,TRUE,FALSE
inPublicationNotRound2,Vitis aestivalis,gbifTaxonomy,GBIF,Vitis linsecomii Buckley,NA,NA,NA,http://coldb.mnhn.fr/catalognumber/um/mpu/mpu426035,TRUE,FALSE
inPublicationNotRound2,Vitis aestivalis,gbifTaxonomy,GBIF,Vitis linsecomii Buckley,NA,NA,NA,http://coldb.mnhn.fr/catalognumber/um/mpu/mpu426037,TRUE,FALSE
inPublicationNotRound2,Vitis aestivalis,gbifTaxonomy,GBIF,Vitis linsecomii Buckley,NA,NA,NA,http://coldb.mnhn.fr/catalognumber/um/mpu/mpu805757,TRUE,FALSE
inPublicationNotRound2,Vitis aestivalis,gbifTaxonomy,GBIF,Vitis linsecomii Buckley,NA,NA,NA,http://coldb.mnhn.fr/catalognumber/um/mpu/mpu426039,TRUE,FALSE
inPublicationNotRound2,Vitis aestivalis,gbifTaxonomy,GBIF,Vitis linsecomii Buckley,NA,NA,NA,http://coldb.mnhn.fr/catalognumber/um/mpu/mpu426034,TRUE,FALSE
inPublicationNotRound2,Vitis aestivalis,gbifTaxonomy,GBIF,Vitis linsecomii Buckley,NA,NA,NA,http://coldb.mnhn.fr/catalognumber/um/mpu/mpu426038,TRUE,FALSE
inPublicationNotRound2,Vitis aestivalis,gbifTaxonomy,GBIF,Vitis linsecomii Buckley,NA,NA,NA,http://coldb.mnhn.fr/catalognumber/um/mpu/mpu805758,TRUE,FALSE
inPublicationNotRound2,Vitis aestivalis,gbifTaxonomy,GBIF,Vitis linsecomii Buckley,USA,NA,NA,http://specimens.kew.org/herbarium/K004490841,TRUE,FALSE
inPublicationNotRound2,Vitis aestivalis,gbifTaxonomy,GBIF,Vitis linsecomii Buckley,NA,NA,NA,http://specimens.kew.org/herbarium/K004491298,TRUE,FALSE
inPublicationNotRound2,Vitis aestivalis,gbifTaxonomy,GBIF,Vitis linsecomii Buckley,NA,NA,NA,http://specimens.kew.org/herbarium/K004491295,TRUE,FALSE
inPublicationNotRound2,Vitis aestivalis,gbifTaxonomy,GBIF,Vitis linsecomii Buckley,NA,NA,NA,http://coldb.mnhn.fr/catalognumber/um/mpu/mpu1214287,TRUE,FALSE
inPublicationNotRound2,Vitis aestivalis,gbifTaxonomy,GBIF,Vitis linsecomii Buckley,NA,NA,NA,http://coldb.mnhn.fr/catalognumber/um/mpu/mpu426036,TRUE,FALSE
inPublicationNotRound2,Vitis aestivalis,gbifTaxonomy,GBIF,Vitis linsecomii Buckley,USA,NA,NA,http://specimens.kew.org/herbarium/K004490837,TRUE,FALSE
inPublicationNotRound2,Vitis aestivalis,gbifTaxonomy,GBIF,Vitis linsecomii Buckley,USA,NA,NA,http://specimens.kew.org/herbarium/K004490836,TRUE,FALSE
inPublicationNotRound2,Vitis aestivalis,gbifTaxonomy,GBIF,Vitis linsecomii Buckley,USA,NA,NA,http://specimens.kew.org/herbarium/K004490839,TRUE,FALSE
inPublicationNotRound2,Vitis aestivalis,gbifTaxonomy,GBIF,Vitis linsecomii Buckley,USA,NA,NA,http://specimens.kew.org/herbarium/K004490840,TRUE,FALSE
inPublicationNotRound2,Vitis aestivalis,gbifTaxonomy,GBIF,Vitis linsecomii Buckley,USA,NA,NA,http://specimens.kew.org/herbarium/K004490838,TRUE,FALSE
inPublicationNotRound2,Vitis aestivalis,gbifTaxonomy,GBIF,Vitis linsecomii Buckley,NA,NA,NA,http://specimens.kew.org/herbarium/K004491296,TRUE,FALSE
inPublicationNotRound2,Vitis aestivalis,gbifTaxonomy,GBIF,Vitis linsecomii Buckley,NA,NA,NA,http://specimens.kew.org/herbarium/K004491297,TRUE,FALSE
inPublicationNotRound2,Vitis aestivalis,gbifTaxonomy,GBIF,Vitis bicolor Raf.,NA,NA,NA,52253e60-ec0e-456d-8b18-9f37bcfaed20,FALSE,TRUE
inPublicationNotRound2,Vitis aestivalis,gbifTaxonomy,GBIF,Vitis bicolor Raf.,NA,NA,NA,4e099537-81aa-4c49-b065-7f26562be530,FALSE,TRUE
inPublicationNotRound2,Vitis aestivalis,gbifTaxonomy,GBIF,Vitis bicolor Raf.,NA,NA,NA,72935d28-7b58-4b1d-8680-d10a03dd376b,FALSE,TRUE
inPublicationNotRound2,Vitis aestivalis,gbifTaxonomy,GBIF,Vitis bicolor Raf.,USA,NA,NA,88a00889-b607-496a-81bf-033029e4293f,FALSE,TRUE
inPublicationNotRound2,Vitis aestivalis,gbifTaxonomy,GBIF,Vitis bicolor Raf.,NA,NA,NA,c29d91cf-babc-493b-ad60-5cd69dda3c8e,FALSE,TRUE
inPublicationNotRound2,Vitis aestivalis,gbifTaxonomy,GBIF,Vitis bicolor Raf.,NA,NA,NA,71c6e3dc-064c-4deb-b69f-8d496d2a116e,FALSE,TRUE
inPublicationNotRound2,Vitis aestivalis,gbifTaxonomy,GBIF,Vitis bicolor Raf.,NA,NA,NA,866bebb4-c4dc-4f13-8e3f-2c75c936ea6c,FALSE,TRUE
inPublicationNotRound2,Vitis aestivalis,gbifTaxonomy,GBIF,Vitis bicolor Raf.,NA,NA,NA,83f75ae6-a3be-4124-bc34-d846132727f6,FALSE,TRUE
inPublicationNotRound2,Vitis aestivalis,gbifTaxonomy,GBIF,Vitis bicolor Raf.,NA,NA,NA,f554ac0d-c85a-491c-8ce8-e8bd8ad37f0d,FALSE,TRUE
inPublicationNotRound2,Vitis aestivalis,gbifTaxonomy,GBIF,Vitis bicolor Raf.,NA,NA,NA,f6e5fb94-a2d6-4205-a0c4-d738935b861b,FALSE,TRUE
inPublicationNotRound2,Vitis aestivalis,gbifTaxonomy,GBIF,Vitis bicolor Raf.,NA,NA,NA,5332677f-d689-44fc-a051-e180fc7206d0,FALSE,TRUE
inPublicationNotRound2,Vitis aestivalis,gbifTaxonomy,GBIF,Vitis bicolor Raf.,NA,NA,NA,fb9eb5e2-73d2-4ddc-beef-c3e4c3a2850f,FALSE,TRUE
inPublicationNotRound2,Vitis aestivalis,gbifTaxonomy,GBIF,Vitis bicolor Raf.,NA,NA,NA,3aa48762-15aa-4dc6-ad46-7ab63e12f908,FALSE,TRUE
inPublicationNotRound2,Vitis aestivalis,gbifTaxonomy,GBIF,Vitis bicolor Raf.,NA,NA,NA,ade053df-f50a-4b28-9697-3cede077054c,FALSE,TRUE
inPublicationNotRound2,Vitis aestivalis,gbifTaxonomy,GBIF,Vitis bicolor Raf.,NA,NA,NA,8fad6912-6b11-4965-9bc9-4489c2b20c14,FALSE,TRUE
inPublicationNotRound2,Vitis aestivalis,gbifTaxonomy,GBIF,Vitis bicolor Raf.,NA,NA,NA,897f2b0a-afe0-495a-b10c-995791f9578a,FALSE,TRUE
inPublicationNotRound2,Vitis aestivalis,gbifTaxonomy,GBIF,Vitis bicolor Raf.,NA,NA,NA,0b2f09a2-ab72-4681-a9b8-c28d87ea1807,FALSE,TRUE
inPublicationNotRound2,Vitis aestivalis,gbifTaxonomy,GBIF,Vitis bicolor Raf.,NA,NA,NA,a0b5d791-b427-4e4e-8a3a-d8b6f55f03f9,FALSE,TRUE
inPublicationNotRound2,Vitis aestivalis,gbifTaxonomy,GBIF,Vitis bicolor Raf.,NA,NA,NA,186c09bb-52eb-4d28-9b6d-2a5afe0d54aa,FALSE,TRUE
inPublicationNotRound2,Vitis aestivalis,gbifTaxonomy,GBIF,Vitis bicolor Raf.,NA,NA,NA,22e9da7e-0d64-49c8-a963-71d7f530b4bd,FALSE,TRUE
inPublicationNotRound2,Vitis aestivalis,gbifTaxonomy,GBIF,Vitis bicolor Raf.,NA,NA,NA,f3c4492d-bb9c-42e2-aba2-cf833dc9a7e0,FALSE,TRUE
inPublicationNotRound2,Vitis aestivalis,gbifTaxonomy,GBIF,Vitis bicolor Raf.,NA,NA,NA,43ed866d-e9b3-4aa7-92f7-25d71eab0626,FALSE,TRUE
inPublicationNotRound2,Vitis aestivalis,gbifTaxonomy,GBIF,Vitis bicolor Raf.,NA,NA,NA,fb1a1798-f56b-4f7a-9083-6a8e3793d6cb,FALSE,TRUE
inPublicationNotRound2,Vitis aestivalis,gbifTaxonomy,GBIF,Vitis bicolor Raf.,NA,NA,NA,0079ed2b-085c-4b9c-905e-dea64fdea6ee,FALSE,TRUE
inPublicationNotRound2,Vitis aestivalis,gbifTaxonomy,GBIF,Vitis bicolor Raf.,NA,NA,NA,c2f982f8-e009-4a0b-bbdd-7bb567981853,FALSE,TRUE
inPublicationNotRound2,Vitis aestivalis,gbifTaxonomy,GBIF,Vitis lincecumii Buckley,USA,NA,NA,a19586a7-6fae-48ed-907d-4059a6eb0034,TRUE,FALSE
inPublicationNotRound2,Vitis aestivalis,gbifTaxonomy,GBIF,Vitis lincecumii Buckley,USA,NA,NA,f22d9266-2a70-4fae-8016-8e1d02a65174,TRUE,FALSE
inPublicationNotRound2,Vitis aestivalis,gbifTaxonomy,GBIF,Vitis lincecumii Buckley,USA,NA,NA,2697de23-2e11-43d1-b176-189ab23357cd,TRUE,FALSE
inPublicationNotRound2,Vitis aestivalis,gbifTaxonomy,GBIF,Vitis lincecumii Buckley,USA,NA,NA,d360767d-9f30-4645-b107-354d3ce9e877,TRUE,FALSE
inPublicationNotRound2,Vitis aestivalis,gbifTaxonomy,GBIF,Vitis lincecumii Buckley,USA,NA,NA,e0291d3a-afdf-49c4-8bce-4b877b7f17b9,TRUE,FALSE
inPublicationNotRound2,Vitis aestivalis,gbifTaxonomy,GBIF,Vitis lincecumii Buckley,USA,NA,NA,68ee7bb9-abd1-40d3-8046-eaef259cdb75,TRUE,FALSE
inPublicationNotRound2,Vitis aestivalis,gbifTaxonomy,GBIF,Vitis lincecumii Buckley,USA,NA,NA,4451e69d-b4f5-4b27-85b6-2921107d2d12,TRUE,FALSE
inPublicationNotRound2,Vitis aestivalis,gbifTaxonomy,GBIF,Vitis lincecumii Buckley,USA,NA,NA,cbc3a78a-a7c7-4b35-b93f-30e4ae4fc45f,TRUE,FALSE
inPublicationNotRound2,Vitis aestivalis,gbifTaxonomy,GBIF,Vitis lincecumii Buckley,USA,NA,NA,420e9fc7-aa41-4ada-bdb9-c85282590a53,TRUE,FALSE
inPublicationNotRound2,Vitis aestivalis,gbifTaxonomy,GBIF,Vitis lincecumii Buckley,USA,NA,NA,0e488f88-f2d4-4e90-93d3-43238a6739fd,TRUE,FALSE
inPublicationNotRound2,Vitis aestivalis,gbifTaxonomy,GBIF,Vitis lincecumii Buckley,USA,NA,NA,3f1c2a45-9179-4236-a73b-793a92286ece,TRUE,FALSE
inPublicationNotRound2,Vitis aestivalis,gbifTaxonomy,GBIF,Vitis lincecumii Buckley,USA,NA,NA,f0386918-53d0-4bae-8b43-862bffd3c82b,TRUE,FALSE
inPublicationNotRound2,Vitis aestivalis,gbifTaxonomy,GBIF,Vitis lincecumii Buckley,USA,NA,NA,ae1d943e-a882-4a2c-b27c-5e92682a8c1f,TRUE,FALSE
inPublicationNotRound2,Vitis aestivalis,gbifTaxonomy,GBIF,Vitis lincecumii Buckley,USA,NA,NA,2658db5d-2ccc-4718-ae73-6a163db03227,TRUE,FALSE
inPublicationNotRound2,Vitis aestivalis,gbifTaxonomy,GBIF,Vitis lincecumii Buckley,USA,NA,NA,966d8db5-7d17-48cc-9e37-443d959385c3,TRUE,FALSE
inPublicationNotRound2,Vitis aestivalis,gbifTaxonomy,GBIF,Vitis lincecumii Buckley,USA,NA,NA,51584f85-ece7-43fa-9bd5-0a83b03d9a21,TRUE,FALSE
inPublicationNotRound2,Vitis aestivalis,gbifTaxonomy,GBIF,Vitis lincecumii Buckley,USA,NA,NA,80e55ea7-fbaa-43b5-8cdc-bc10825109fb,TRUE,FALSE
inPublicationNotRound2,Vitis aestivalis,gbifTaxonomy,GBIF,Vitis lincecumii Buckley,USA,NA,NA,93bc2aee-e4f2-4453-b7f8-3d747ef051d6,TRUE,FALSE
inPublicationNotRound2,Vitis aestivalis,gbifTaxonomy,GBIF,Vitis lincecumii Buckley,USA,NA,NA,d0744019-ec69-491c-bdd5-d1a5e03121e4,TRUE,FALSE
inPublicationNotRound2,Vitis aestivalis,gbifTaxonomy,GBIF,Vitis lincecumii Buckley,MEX,NA,NA,143593c4-24b5-49e2-8c94-f62b3f26fd0b,TRUE,FALSE
inPublicationNotRound2,Vitis aestivalis,gbifTaxonomy,GBIF,Vitis lincecumii Buckley,USA,NA,NA,e156ac66-937b-4bc0-ab61-416332e09c99,TRUE,FALSE
inPublicationNotRound2,Vitis aestivalis,gbifTaxonomy,GBIF,Vitis lincecumii Buckley,USA,NA,NA,15e53226-7724-488b-afbd-66838449900a,TRUE,FALSE
inPublicationNotRound2,Vitis aestivalis,gbifTaxonomy,GBIF,Vitis lincecumii Buckley,USA,NA,NA,3607926b-70ce-49f7-8664-d66e410de0e1,TRUE,FALSE
inPublicationNotRound2,Vitis aestivalis,gbifTaxonomy,GBIF,Vitis lincecumii Buckley,USA,NA,NA,39c40b5a-b631-452b-8db2-0ae99c68cf85,TRUE,FALSE
inPublicationNotRound2,Vitis aestivalis,gbifTaxonomy,GBIF,Vitis lincecumii Buckley,USA,NA,NA,8152f5e5-192c-49fc-a759-eb0752ac5398,TRUE,FALSE
inPublicationNotRound2,Vitis aestivalis,gbifTaxonomy,GBIF,Vitis lincecumii Buckley,NA,NA,NA,3b4f6813-6848-42d9-9d6b-fea238aeb9a3,TRUE,FALSE
inPublicationNotRound2,Vitis aestivalis,gbifTaxonomy,GBIF,Vitis rufotomentosa Small,USA,NA,NA,5832f276-f74d-4168-9d45-9d7462daa4cf,TRUE,FALSE
inPublicationNotRound2,Vitis aestivalis,gbifTaxonomy,GBIF,Vitis linsecomii Buckley,USA,NA,NA,a7ea05bf-6595-4054-b386-309ad2153249,TRUE,FALSE
inPublicationNotRound2,Vitis aestivalis,gbifTaxonomy,GBIF,Vitis lincecumii Buckley,NA,NA,NA,b65bb7b7-07f8-4fb1-9e3c-c33c7c4a0fa3,TRUE,FALSE
inPublicationNotRound2,Vitis aestivalis,gbifTaxonomy,GBIF,Vitis rufotomentosa Small,USA,NA,NA,93710092-444f-4128-98c6-2948f5511585,TRUE,FALSE
inPublicationNotRound2,Vitis aestivalis,gbifTaxonomy,GBIF,Vitis bicolor J.Le Conte,USA,NA,NA,0b66a242-aa2e-46f3-8437-4c00f620cc3f,FALSE,TRUE
inPublicationNotRound2,Vitis aestivalis,gbifTaxonomy,GBIF,Vitis lincecumii Buckley,USA,NA,NA,7371bb30-dcaa-49d1-a1ca-c694dba8715b,TRUE,FALSE
inPublicationNotRound2,Vitis aestivalis,gbifTaxonomy,GBIF,Vitis lincecumii Buckley,NA,NA,NA,5fc5d314-8300-4df7-9f29-f455ff477116,TRUE,FALSE
inPublicationNotRound2,Vitis aestivalis,gbifTaxonomy,GBIF,Vitis lincecumii Buckley,NA,NA,NA,2b46f244-b6af-4a1c-b39e-c42f319024fe,TRUE,FALSE
inPublicationNotRound2,Vitis aestivalis,gbifTaxonomy,GBIF,Vitis lincecumii Buckley,USA,NA,NA,69539e21-f131-4692-aa39-97efb481336a,TRUE,FALSE
inPublicationNotRound2,Vitis aestivalis,gbifTaxonomy,GBIF,Vitis lincecumii Buckley,NA,NA,NA,6f9b43c2-a198-4a81-af7b-88f4e62cc90d,TRUE,FALSE
inPublicationNotRound2,Vitis aestivalis,gbifTaxonomy,GBIF,Vitis lincecumii Buckley,USA,NA,NA,b3ca7106-6c12-4271-a33d-d24cfd437afb,TRUE,FALSE
inPublicationNotRound2,Vitis aestivalis,gbifTaxonomy,GBIF,Vitis lincecumii Buckley,NA,NA,NA,360f5649-c311-4799-9514-2c98af1ccd28,TRUE,FALSE
inPublicationNotRound2,Vitis aestivalis,gbifTaxonomy,GBIF,Vitis lincecumii Buckley,NA,NA,NA,e0aed596-e178-4c18-bb16-1da4a0b42170,TRUE,FALSE
inPublicationNotRound2,Vitis aestivalis,gbifTaxonomy,GBIF,Vitis lincecumii Buckley,USA,NA,NA,e3d6e399-4c17-4c81-bf83-7dc398d61d1d,TRUE,FALSE
inPublicationNotRound2,Vitis aestivalis,gbifTaxonomy,GBIF,Vitis rufotomentosa Small,USA,NA,NA,ab7c7d5d-4082-4afa-b774-464dc27bdce8,TRUE,FALSE
inPublicationNotRound2,Vitis aestivalis,gbifTaxonomy,GBIF,Vitis lincecumii Buckley,NA,NA,NA,500113e9-10ca-41d7-bafb-e5310c4b7fcd,TRUE,FALSE
inPublicationNotRound2,Vitis aestivalis,gbifTaxonomy,GBIF,Vitis lincecumii Buckley,USA,NA,NA,de597013-322a-4429-94f9-dfed447d8e87,TRUE,FALSE
inPublicationNotRound2,Vitis aestivalis,gbifTaxonomy,GBIF,Vitis lincecumii Buckley,USA,NA,NA,24a112ce-a19d-4812-9e2a-c54905311c98,TRUE,FALSE
inPublicationNotRound2,Vitis aestivalis,gbifTaxonomy,GBIF,Vitis bicolor J.Le Conte,USA,NA,NA,73c555c0-4881-4894-aa99-90ba3527e629,FALSE,TRUE
inPublicationNotRound2,Vitis aestivalis,gbifTaxonomy,GBIF,Vitis lincecumii Buckley,USA,NA,NA,ed090c45-9091-460c-80c2-3e755a6e4eaf,TRUE,FALSE
inPublicationNotRound2,Vitis aestivalis,gbifTaxonomy,GBIF,Vitis lincecumii Buckley,USA,NA,NA,1df32af5-460c-4cc1-beb9-cc9a52c84595,TRUE,FALSE
inPublicationNotRound2,Vitis aestivalis,gbifTaxonomy,GBIF,Vitis lincecumii Buckley,USA,NA,NA,403007e4-83d0-4d79-aab0-ec717882d939,TRUE,FALSE
inPublicationNotRound2,Vitis aestivalis,gbifTaxonomy,GBIF,Vitis lincecumii Buckley,USA,NA,NA,c3d1f153-df59-4f1d-a2b2-2a290f673e67,TRUE,FALSE
inPublicationNotRound2,Vitis aestivalis,gbifTaxonomy,GBIF,Vitis lincecumii Buckley,USA,NA,NA,2704dade-9209-400a-a9c8-5e6d4e0932dc,TRUE,FALSE
inPublicationNotRound2,Vitis aestivalis,gbifTaxonomy,GBIF,Vitis rufotomentosa Small,USA,NA,NA,da29a81f-07ee-4704-aced-106fdbd7632e,TRUE,FALSE
inPublicationNotRound2,Vitis aestivalis,gbifTaxonomy,GBIF,Vitis araneosa J.Le Conte,USA,NA,NA,http://n2t.net/ark:/65665/3fac6aacc-b9f1-44d1-bffd-1c7e2a95424f,FALSE,TRUE
inPublicationNotRound2,Vitis aestivalis,gbifTaxonomy,GBIF,Vitis araneosa J.Le Conte,USA,NA,NA,http://n2t.net/ark:/65665/32073a611-c085-4150-9965-b1be91adaf5f,FALSE,TRUE
inPublicationNotRound2,Vitis aestivalis,gbifTaxonomy,GBIF,Vitis bicolor Leconte,USA,NA,NA,http://n2t.net/ark:/65665/337576141-3837-4617-beea-4ef6dd06574c,FALSE,TRUE
inPublicationNotRound2,Vitis aestivalis,gbifTaxonomy,GBIF,Vitis bicolor Leconte,USA,NA,NA,http://n2t.net/ark:/65665/393e42213-9aa4-4667-be41-fdf98657398a,FALSE,TRUE
inPublicationNotRound2,Vitis aestivalis,gbifTaxonomy,GBIF,Vitis araneosa J.Le Conte,USA,NA,NA,http://n2t.net/ark:/65665/3b70bb7c8-1109-43ba-a063-8569bda376d2,FALSE,TRUE
inPublicationNotRound2,Vitis aestivalis,gbifTaxonomy,GBIF,Vitis araneosa J.Le Conte,USA,NA,NA,http://n2t.net/ark:/65665/35a91f35f-95b3-46fe-b8b4-a2799722d674,FALSE,TRUE
inPublicationNotRound2,Vitis aestivalis,gbifTaxonomy,GBIF,Vitis araneosa J.Le Conte,USA,NA,NA,http://n2t.net/ark:/65665/3a1aa172f-1c28-4466-bae3-42c00d7695ae,FALSE,TRUE
inPublicationNotRound2,Vitis aestivalis,gbifTaxonomy,GBIF,Vitis rufotomentosa Small,USA,NA,NA,urn:catalog:TRH:V:335614,TRUE,FALSE
inPublicationNotRound2,Vitis aestivalis,gbifTaxonomy,GBIF,Vitis lincecumii Buckley,USA,NA,NA,f85ca77a-42c5-4b84-98ba-683c3bb7efc8,TRUE,FALSE
inPublicationNotRound2,Vitis aestivalis,gbifTaxonomy,GBIF,Vitis lincecumii Buckley,USA,NA,NA,d1dc0693-6fad-424b-8041-f6350456bbe1,TRUE,FALSE
inPublicationNotRound2,Vitis aestivalis,gbifTaxonomy,GBIF,Vitis bicolor Raf.,USA,NA,NA,UJ-KRA-P-220542-N,FALSE,TRUE
inPublicationNotRound2,Vitis aestivalis,gbifTaxonomy,GBIF,Vitis bicolor Raf.,USA,NA,NA,UJ-KRA-P-220543-N,FALSE,TRUE
inPublicationNotRound2,Vitis aestivalis,gbifTaxonomy,GBIF,Vitis bicolor Raf.,USA,NA,NA,UJ-KRA-P-220544-N,FALSE,TRUE
inPublicationNotRound2,Vitis aestivalis,gbifTaxonomy,GBIF,Vitis intermedia Muhl.,NA,NA,NA,https://herbarium.bgbm.org/object/BW04971010,FALSE,TRUE
inPublicationNotRound2,Vitis aestivalis,gbifTaxonomy,GBIF,Vitis rufotomentosa Small,USA,NA,NA,e0e971cb-7341-427a-be61-dd9886f8a848,TRUE,FALSE
inPublicationNotRound2,Vitis aestivalis,gbifTaxonomy,GBIF,Vitis lincecumii Buckley,USA,NA,NA,d12a1095-66f0-4218-bd56-569ae5baeb26,TRUE,FALSE
inPublicationNotRound2,Vitis aestivalis,gbifTaxonomy,GBIF,Vitis bicolor J.Le Conte,USA,NA,NA,c4ff88e9-5aae-4ad3-9513-827f46ce732f,FALSE,TRUE
inPublicationNotRound2,Vitis aestivalis,gbifTaxonomy,GBIF,Vitis bicolor J.Le Conte,USA,NA,NA,63c98710-4ad7-4eae-952f-e2f94c581866,FALSE,TRUE
inPublicationNotRound2,Vitis aestivalis,gbifTaxonomy,GBIF,Vitis bicolor J.Le Conte,USA,NA,NA,e3319f3f-100d-4bac-8fe8-a02ed8c222ae,FALSE,TRUE
inPublicationNotRound2,Vitis aestivalis,gbifTaxonomy,GBIF,Vitis bicolor J.Le Conte,USA,NA,NA,8f26394f-1dde-4f2e-9d5f-e1c305b0c6dc,FALSE,TRUE
inPublicationNotRound2,Vitis aestivalis,gbifTaxonomy,GBIF,Vitis bicolor J.Le Conte,USA,NA,NA,40df4a8a-4891-428e-9388-c4d50774c5ec,FALSE,TRUE
inPublicationNotRound2,Vitis aestivalis,gbifTaxonomy,GBIF,Vitis lincecumii Buckley,USA,NA,NA,eb96c435-35f4-438e-badd-616d8d4f4c0d,TRUE,FALSE
inPublicationNotRound2,Vitis aestivalis,gbifTaxonomy,GBIF,Vitis bicolor J.Le Conte,USA,NA,NA,aaf23283-9703-4cd2-aeda-2bbfff67da41,FALSE,TRUE
inPublicationNotRound2,Vitis aestivalis,gbifTaxonomy,GBIF,Vitis lincecumii Buckley,USA,NA,NA,c3c0dfd2-71c5-4882-8e65-f77b78a59ddb,TRUE,FALSE
inPublicationNotRound2,Vitis aestivalis,gbifTaxonomy,GBIF,Vitis lincecumii Buckley,USA,NA,NA,cb7c5ab0-f8a3-11e6-a2c6-70e2840fc270,TRUE,FALSE
inPublicationNotRound2,Vitis aestivalis,gbifTaxonomy,GBIF,Vitis rufotomentosa Small,USA,NA,NA,277bb951-6386-4917-94b6-bf9c4a67becd,TRUE,FALSE
inPublicationNotRound2,Vitis aestivalis,gbifTaxonomy,GBIF,Vitis lincecumii Buckley,USA,NA,NA,0650dc7d-ad68-4df7-8f15-fc66e85f79d2,TRUE,FALSE
inPublicationNotRound2,Vitis aestivalis,gbifTaxonomy,GBIF,Vitis lincecumii Buckley,NA,NA,NA,28ef00b4-393c-46d8-bd28-3f32217b8a9f,TRUE,FALSE
inPublicationNotRound2,Vitis aestivalis,gbifTaxonomy,GBIF,Vitis lincecumii Buckley,NA,NA,NA,9423ba44-04e3-4d6f-ad34-7028c52502b7,TRUE,FALSE
inPublicationNotRound2,Vitis aestivalis,gbifTaxonomy,GBIF,Vitis linsecomii Buckley,NA,NA,NA,http://coldb.mnhn.fr/catalognumber/um/mpu/mpu1214286,TRUE,FALSE
inPublicationNotRound2,Vitis aestivalis,gbifTaxonomy,GBIF,Vitis lincecumii Buckley,USA,NA,NA,6d3d4f0e-67be-44e1-b3fd-a11a9e9e7dac,TRUE,FALSE
inPublicationNotRound2,Vitis aestivalis,gbifTaxonomy,GBIF,Vitis rufotomentosa Small,USA,NA,NA,cad0603a-f1dc-4d2e-a74f-1c9b4cd8aafa,TRUE,FALSE
inPublicationNotRound2,Vitis aestivalis,gbifTaxonomy,GBIF,Vitis lincecumii Buckley,USA,NA,NA,76ab5314-bfdd-48ad-9292-c608272059ed,TRUE,FALSE
inPublicationNotRound2,Vitis aestivalis,gbifTaxonomy,GBIF,Vitis lincecumii Buckley,USA,NA,NA,9adc6ef2-1cf1-4b5d-a81b-123168159850,TRUE,FALSE
inPublicationNotRound2,Vitis aestivalis,gbifTaxonomy,GBIF,Vitis lincecumii Buckley,USA,NA,NA,d8d1e3e8-cf85-4b4b-8588-c9347f6dcbcc,TRUE,FALSE
inPublicationNotRound2,Vitis aestivalis,gbifTaxonomy,GBIF,Vitis lincecumii Buckley,USA,NA,NA,ecbf6912-6099-4051-9752-4cfc7adca64c,TRUE,FALSE
inPublicationNotRound2,Vitis aestivalis,gbifTaxonomy,GBIF,Vitis lincecumii Buckley,USA,NA,NA,aacb708f-0373-4de8-937f-ab78ac36782d,TRUE,FALSE
inPublicationNotRound2,Vitis aestivalis,gbifTaxonomy,GBIF,Vitis lincecumii Buckley,USA,NA,NA,5ffc36dd-ecfa-453c-985b-c92f6612061f,TRUE,FALSE
inPublicationNotRound2,Vitis aestivalis,gbifTaxonomy,GBIF,Vitis lincecumii Buckley,USA,NA,NA,3f232017-3e05-499d-b866-f98724f5ad12,TRUE,FALSE
inPublicationNotRound2,Vitis aestivalis,gbifTaxonomy,GBIF,Vitis lincecumii Buckley,USA,NA,NA,84d5a210-6812-47f4-82e4-8711db4a6afd,TRUE,FALSE
inPublicationNotRound2,Vitis aestivalis,gbifTaxonomy,GBIF,Vitis lincecumii Buckley,USA,NA,NA,6e6cffda-fcc2-4b01-8a8d-807524fd16c4,TRUE,FALSE
inPublicationNotRound2,Vitis aestivalis,gbifTaxonomy,GBIF,Vitis lincecumii Buckley,USA,NA,NA,46d034fe-c217-4750-976d-4843d6ef17d4,TRUE,FALSE
inPublicationNotRound2,Vitis aestivalis,gbifTaxonomy,GBIF,Vitis lincecumii Buckley,USA,NA,NA,b237b59e-5f81-42e8-bfc2-6fae06ebe322,TRUE,FALSE
inPublicationNotRound2,Vitis aestivalis,gbifTaxonomy,GBIF,Vitis bicolor Raf.,NA,NA,NA,78aa215a-6f91-4e38-9b12-9a2528eb8466,FALSE,TRUE
inPublicationNotRound2,Vitis aestivalis,gbifTaxonomy,GBIF,Vitis lecontiana House,USA,NA,NA,7aba1160-07c8-4df6-8dfe-20cdbca8ef97,FALSE,TRUE
inPublicationNotRound2,Vitis aestivalis,gbifTaxonomy,GBIF,Vitis bicolor J.Le Conte,NA,NA,NA,8188d58d-a3a2-404b-9266-37fa3556d322,FALSE,TRUE
inPublicationNotRound2,Vitis aestivalis,gbifTaxonomy,GBIF,Vitis lincecumii Buckley,NA,NA,NA,8051Mtp1,TRUE,FALSE
inPublicationNotRound2,Vitis aestivalis,gbifTaxonomy,GBIF,Vitis lincecumii Buckley,NA,NA,NA,8051Mtp2,TRUE,FALSE
inPublicationNotRound2,Vitis aestivalis,gbifTaxonomy,GBIF,Vitis lincecumii Buckley,NA,NA,NA,8051Bdx1,TRUE,FALSE
inPublicationNotRound2,Vitis aestivalis,gbifTaxonomy,GBIF,Vitis lincecumii Buckley,NA,NA,NA,8051Bdx2,TRUE,FALSE
inPublicationNotRound2,Vitis aestivalis,gbifTaxonomy,GBIF,Vitis lincecumii Buckley,NA,NA,NA,0Bdx1161,TRUE,FALSE
inPublicationNotRound2,Vitis aestivalis,gbifTaxonomy,GBIF,Vitis lincecumii Buckley,NA,NA,NA,0Bdx1149,TRUE,FALSE
inPublicationNotRound2,Vitis aestivalis,gbifTaxonomy,GBIF,Vitis bicolor J.Le Conte,NA,NA,NA,0Bdx1001,FALSE,TRUE
inPublicationNotRound2,Vitis aestivalis,gbifTaxonomy,GBIF,Vitis bicolor J.Le Conte,NA,NA,NA,0Bdx1002,FALSE,TRUE
inPublicationNotRound2,Vitis aestivalis,gbifTaxonomy,GBIF,Vitis lincecumii Buckley,NA,NA,NA,8051Col1,TRUE,FALSE
inPublicationNotRound2,Vitis aestivalis,gbifTaxonomy,GBIF,Vitis americana W.Bartram,NA,NA,NA,130-618-5,FALSE,TRUE
inPublicationNotRound2,Vitis aestivalis,gbifTaxonomy,GBIF,Vitis labrusca var. aestivalis (Michx.) Regel,USA,NA,NA,urn:catalog:MO:Tropicos:1393041,FALSE,TRUE
inPublicationNotRound2,Vitis aestivalis,gbifTaxonomy,GBIF,Vitis × slavinii Rehder,USA,NA,NA,NA,FALSE,FALSE
inPublicationNotRound2,Vitis aestivalis,gbifTaxonomy,GBIF,Vitis lincecumii Buckley,NA,NA,NA,NA,TRUE,FALSE
inPublicationNotRound2,Vitis aestivalis var. aestivalis,gbifTaxonomy,GBIF,Vitis labrusca var. aestivalis (Michx.) Regel,USA,NA,NA,urn:catalog:MO:Tropicos:1393041,FALSE,TRUE
inPublicationNotRound2,Vitis berlandieri,gbifTaxonomy,GBIF,Vitis cordifolia var. helleri L.H.Bailey,USA,30.0472,-99.1403,ef680bd3-2306-4305-bd14-8623425f3236,FALSE,TRUE
inPublicationNotRound2,Vitis berlandieri,gbifTaxonomy,GBIF,Vitis cordifolia var. helleri L.H.Bailey,USA,30.021623,-99.126617,781cba22-cb0c-4732-940f-4d540ed20692,FALSE,TRUE
inPublicationNotRound2,Vitis berlandieri,gbifTaxonomy,GBIF,Vitis cordifolia var. helleri L.H.Bailey,USA,NA,NA,http://n2t.net/ark:/65665/3caaabd49-7d03-439b-97cb-e38819482ffd,FALSE,TRUE
inPublicationNotRound2,Vitis berlandieri,gbifTaxonomy,GBIF,Vitis cordifolia var. helleri L.H.Bailey,USA,NA,NA,2241dda6-9c2f-4a08-889b-36bd4a3a9ee4,FALSE,TRUE
inPublicationNotRound2,Vitis berlandieri,gbifTaxonomy,GBIF,Vitis cordifolia var. helleri L.H.Bailey,NA,NA,NA,99975074-aaf3-4b56-92cc-9f59a6845a80,FALSE,TRUE
inPublicationNotRound2,Vitis berlandieri,gbifTaxonomy,GBIF,Vitis cordifolia var. helleri L.H.Bailey,NA,NA,NA,dadd9b2c-3440-4148-b818-889f17f44633,FALSE,TRUE
inPublicationNotRound2,Vitis cinerea,gbifTaxonomy,GBIF,Vitis berlandieri Planch.,MEX,26.725158,-101.151671,11a9ae94-0af7-4034-96cb-48e62a84fb94,TRUE,FALSE
inPublicationNotRound2,Vitis cinerea,gbifTaxonomy,GBIF,Vitis berlandieri Planch.,MEX,25.2,-101.333333,04ab81cfdc8953c146f7e9c262fbb594,TRUE,FALSE
inPublicationNotRound2,Vitis cinerea,gbifTaxonomy,GBIF,Vitis berlandieri Planch.,MEX,22.534828,-103.8915948,a89b67b9a015d93d5d55e6a60064f5bb,TRUE,FALSE
inPublicationNotRound2,Vitis cinerea,gbifTaxonomy,GBIF,Vitis berlandieri Planch.,MEX,19.266667,-103.233333,80bdb9deb17085c931ef987fc1301ad8,TRUE,FALSE
inPublicationNotRound2,Vitis cinerea,gbifTaxonomy,GBIF,Vitis berlandieri Planch.,MEX,23.100479,-99.186985,fa54df47aba256dfb94d35fda58425a7,TRUE,FALSE
inPublicationNotRound2,Vitis cinerea,gbifTaxonomy,GBIF,Vitis berlandieri Planch.,MEX,19.79925,-97.245548,dbfdcfd12e2c04e6b5c5cd3545710b0d,TRUE,FALSE
inPublicationNotRound2,Vitis cinerea,gbifTaxonomy,GBIF,Vitis berlandieri Planch.,MEX,19.945619,-103.758462,9975e30f88aef65bc0f298ff11279669,TRUE,FALSE
inPublicationNotRound2,Vitis cinerea,gbifTaxonomy,GBIF,Vitis berlandieri Planch.,MEX,22.516667,-103.883333,4256c0cdd1e382a3c228e8c43651803a,TRUE,FALSE
inPublicationNotRound2,Vitis cinerea,gbifTaxonomy,GBIF,Vitis berlandieri Planch.,MEX,18.254051,-95.936907,c1aea4af44141b0856cde7f175ece707,TRUE,FALSE
inPublicationNotRound2,Vitis cinerea,gbifTaxonomy,GBIF,Vitis berlandieri Planch.,MEX,19.566667,-104.25,9b6cb86f4de155a5c6f6594431587139,TRUE,FALSE
inPublicationNotRound2,Vitis cinerea,gbifTaxonomy,GBIF,Vitis berlandieri Planch.,MEX,24.582636,-99.002818,87018c23d43f750c893c5579ce1069ca,TRUE,FALSE
inPublicationNotRound2,Vitis cinerea,gbifTaxonomy,GBIF,Vitis berlandieri Planch.,MEX,24.651389000000002,-98.873055,b2855f70457e34952675b511606a935c,TRUE,FALSE
inPublicationNotRound2,Vitis cinerea,gbifTaxonomy,GBIF,Vitis berlandieri Planch.,MEX,19.79925,-97.245548,e5e857e0e92801fbc66f03df64ce3753,TRUE,FALSE
inPublicationNotRound2,Vitis cinerea,gbifTaxonomy,GBIF,Vitis berlandieri Planch.,MEX,20.05,-97.05,642474be98bba620710828eae27695ae,TRUE,FALSE
inPublicationNotRound2,Vitis cinerea,gbifTaxonomy,GBIF,Vitis berlandieri Planch.,MEX,19.583333,-103.9,935bb11c68f671632a3838319d407c32,TRUE,FALSE
inPublicationNotRound2,Vitis cinerea,gbifTaxonomy,GBIF,Vitis berlandieri Planch.,USA,30.55661,-97.612755,https://www.inaturalist.org/observations/12336695,TRUE,FALSE
inPublicationNotRound2,Vitis cinerea,gbifTaxonomy,GBIF,Vitis berlandieri Planch.,USA,29.97113,-98.717885,https://www.inaturalist.org/observations/272345931,TRUE,FALSE
inPublicationNotRound2,Vitis cinerea,gbifTaxonomy,GBIF,Vitis berlandieri Planch.,USA,29.561203,-98.519831,https://www.inaturalist.org/observations/212624715,TRUE,FALSE
inPublicationNotRound2,Vitis cinerea,gbifTaxonomy,GBIF,Vitis berlandieri Planch.,USA,30.619214,-98.071134,https://www.inaturalist.org/observations/20830569,TRUE,FALSE
inPublicationNotRound2,Vitis cinerea,gbifTaxonomy,GBIF,Vitis berlandieri Planch.,MEX,25.369106,-100.310814,https://www.inaturalist.org/observations/60337813,TRUE,FALSE
inPublicationNotRound2,Vitis cinerea,gbifTaxonomy,GBIF,Vitis berlandieri Planch.,USA,30.172289,-99.380531,https://www.inaturalist.org/observations/85834779,TRUE,FALSE
inPublicationNotRound2,Vitis cinerea,gbifTaxonomy,GBIF,Vitis berlandieri Planch.,MEX,25.445187,-102.172212,https://www.inaturalist.org/observations/182220848,TRUE,FALSE
inPublicationNotRound2,Vitis cinerea,gbifTaxonomy,GBIF,Vitis berlandieri Planch.,USA,31.333579,-97.467992,https://www.inaturalist.org/observations/29829386,TRUE,FALSE
inPublicationNotRound2,Vitis cinerea,gbifTaxonomy,GBIF,Vitis berlandieri Planch.,USA,31.884827,-97.699363,https://www.inaturalist.org/observations/17120158,TRUE,FALSE
inPublicationNotRound2,Vitis cinerea,gbifTaxonomy,GBIF,Vitis berlandieri Planch.,MEX,25.23313,-100.041472,https://www.inaturalist.org/observations/191509688,TRUE,FALSE
inPublicationNotRound2,Vitis cinerea,gbifTaxonomy,GBIF,Vitis berlandieri Planch.,USA,29.565645,-98.577645,https://www.inaturalist.org/observations/95425871,TRUE,FALSE
inPublicationNotRound2,Vitis cinerea,gbifTaxonomy,GBIF,Vitis berlandieri Planch.,USA,29.623985,-98.624685,https://www.inaturalist.org/observations/166801573,TRUE,FALSE
inPublicationNotRound2,Vitis cinerea,gbifTaxonomy,GBIF,Vitis berlandieri Planch.,USA,30.131982,-98.031516,https://www.inaturalist.org/observations/275163139,TRUE,FALSE
inPublicationNotRound2,Vitis cinerea,gbifTaxonomy,GBIF,Vitis berlandieri Planch.,USA,29.996269,-100.045738,https://www.inaturalist.org/observations/79712959,TRUE,FALSE
inPublicationNotRound2,Vitis cinerea,gbifTaxonomy,GBIF,Vitis berlandieri Planch.,USA,30.409303,-97.708858,https://www.inaturalist.org/observations/43547303,TRUE,FALSE
inPublicationNotRound2,Vitis cinerea,gbifTaxonomy,GBIF,Vitis berlandieri Planch.,USA,30.199997,-98.459153,https://www.inaturalist.org/observations/13382222,TRUE,FALSE
inPublicationNotRound2,Vitis cinerea,gbifTaxonomy,GBIF,Vitis berlandieri Planch.,USA,30.3399,-97.839928,https://www.inaturalist.org/observations/72730158,TRUE,FALSE
inPublicationNotRound2,Vitis cinerea,gbifTaxonomy,GBIF,Vitis berlandieri Planch.,USA,29.341176,-98.458459,https://www.inaturalist.org/observations/97719984,TRUE,FALSE
inPublicationNotRound2,Vitis cinerea,gbifTaxonomy,GBIF,Vitis berlandieri Planch.,MEX,25.604462,-100.351294,https://www.inaturalist.org/observations/133021697,TRUE,FALSE
inPublicationNotRound2,Vitis cinerea,gbifTaxonomy,GBIF,Vitis berlandieri Planch.,USA,31.121675,-97.40265,https://www.inaturalist.org/observations/81729116,TRUE,FALSE
inPublicationNotRound2,Vitis cinerea,gbifTaxonomy,GBIF,Vitis berlandieri Planch.,USA,30.660495,-98.049872,https://www.inaturalist.org/observations/11780901,TRUE,FALSE
inPublicationNotRound2,Vitis cinerea,gbifTaxonomy,GBIF,Vitis berlandieri Planch.,USA,30.293429,-97.738699,https://www.inaturalist.org/observations/10856434,TRUE,FALSE
inPublicationNotRound2,Vitis cinerea,gbifTaxonomy,GBIF,Vitis berlandieri Planch.,USA,30.080653,-99.219687,https://www.inaturalist.org/observations/85849706,TRUE,FALSE
inPublicationNotRound2,Vitis cinerea,gbifTaxonomy,GBIF,Vitis berlandieri Planch.,USA,29.62205,-98.679175,https://www.inaturalist.org/observations/290216650,TRUE,FALSE
inPublicationNotRound2,Vitis cinerea,gbifTaxonomy,GBIF,Vitis berlandieri Planch.,USA,30.502884,-97.795084,https://www.inaturalist.org/observations/86987578,TRUE,FALSE
inPublicationNotRound2,Vitis cinerea,gbifTaxonomy,GBIF,Vitis berlandieri Planch.,USA,30.620941,-98.074358,https://www.inaturalist.org/observations/242756402,TRUE,FALSE
inPublicationNotRound2,Vitis cinerea,gbifTaxonomy,GBIF,Vitis berlandieri Planch.,USA,30.506428,-97.775815,https://www.inaturalist.org/observations/140908851,TRUE,FALSE
inPublicationNotRound2,Vitis cinerea,gbifTaxonomy,GBIF,Vitis berlandieri Planch.,USA,29.592928,-98.603103,https://www.inaturalist.org/observations/29261963,TRUE,FALSE
inPublicationNotRound2,Vitis cinerea,gbifTaxonomy,GBIF,Vitis berlandieri Planch.,USA,31.784617,-97.78575,https://www.inaturalist.org/observations/51877755,TRUE,FALSE
inPublicationNotRound2,Vitis cinerea,gbifTaxonomy,GBIF,Vitis berlandieri Planch.,USA,30.619689,-98.073322,https://www.inaturalist.org/observations/74459419,TRUE,FALSE
inPublicationNotRound2,Vitis cinerea,gbifTaxonomy,GBIF,Vitis berlandieri Planch.,USA,30.291959,-97.711715,https://www.inaturalist.org/observations/11720049,TRUE,FALSE
inPublicationNotRound2,Vitis cinerea,gbifTaxonomy,GBIF,Vitis berlandieri Planch.,MEX,25.606133,-100.35218,https://www.inaturalist.org/observations/115265606,TRUE,FALSE
inPublicationNotRound2,Vitis cinerea,gbifTaxonomy,GBIF,Vitis berlandieri Planch.,USA,31.22885,-97.477622,https://www.inaturalist.org/observations/273377461,TRUE,FALSE
inPublicationNotRound2,Vitis cinerea,gbifTaxonomy,GBIF,Vitis berlandieri Planch.,USA,31.322798,-97.471754,https://www.inaturalist.org/observations/12546642,TRUE,FALSE
inPublicationNotRound2,Vitis cinerea,gbifTaxonomy,GBIF,Vitis berlandieri Planch.,USA,30.164481,-98.490975,https://www.inaturalist.org/observations/86494056,TRUE,FALSE
inPublicationNotRound2,Vitis cinerea,gbifTaxonomy,GBIF,Vitis berlandieri Planch.,USA,30.205162,-97.791229,https://www.inaturalist.org/observations/86796000,TRUE,FALSE
inPublicationNotRound2,Vitis cinerea,gbifTaxonomy,GBIF,Vitis berlandieri Planch.,USA,31.344931,-95.255075,https://www.inaturalist.org/observations/88336802,TRUE,FALSE
inPublicationNotRound2,Vitis cinerea,gbifTaxonomy,GBIF,Vitis berlandieri Planch.,USA,29.586397,-99.735833,https://www.inaturalist.org/observations/213018637,TRUE,FALSE
inPublicationNotRound2,Vitis cinerea,gbifTaxonomy,GBIF,Vitis berlandieri Planch.,USA,30.545387,-97.854063,https://www.inaturalist.org/observations/33392856,TRUE,FALSE
inPublicationNotRound2,Vitis cinerea,gbifTaxonomy,GBIF,Vitis berlandieri Planch.,USA,30.154011,-99.340373,https://www.inaturalist.org/observations/81943703,TRUE,FALSE
inPublicationNotRound2,Vitis cinerea,gbifTaxonomy,GBIF,Vitis berlandieri Planch.,USA,29.778487,-98.464517,https://www.inaturalist.org/observations/98165990,TRUE,FALSE
inPublicationNotRound2,Vitis cinerea,gbifTaxonomy,GBIF,Vitis berlandieri Planch.,USA,29.80362,-99.411795,https://www.inaturalist.org/observations/81757793,TRUE,FALSE
inPublicationNotRound2,Vitis cinerea,gbifTaxonomy,GBIF,Vitis berlandieri Planch.,USA,29.831633,-99.602097,https://www.inaturalist.org/observations/44656143,TRUE,FALSE
inPublicationNotRound2,Vitis cinerea,gbifTaxonomy,GBIF,Vitis berlandieri Planch.,USA,31.023772,-97.518893,https://www.inaturalist.org/observations/156136363,TRUE,FALSE
inPublicationNotRound2,Vitis cinerea,gbifTaxonomy,GBIF,Vitis berlandieri Planch.,USA,30.558227,-97.613366,https://www.inaturalist.org/observations/12336184,TRUE,FALSE
inPublicationNotRound2,Vitis cinerea,gbifTaxonomy,GBIF,Vitis berlandieri Planch.,USA,29.525002,-98.431802,https://www.inaturalist.org/observations/31927082,TRUE,FALSE
inPublicationNotRound2,Vitis cinerea,gbifTaxonomy,GBIF,Vitis berlandieri Planch.,USA,29.585767,-99.736,https://www.inaturalist.org/observations/207527077,TRUE,FALSE
inPublicationNotRound2,Vitis cinerea,gbifTaxonomy,GBIF,Vitis berlandieri Planch.,USA,31.708803,-97.590383,https://www.inaturalist.org/observations/167426829,TRUE,FALSE
inPublicationNotRound2,Vitis cinerea,gbifTaxonomy,GBIF,Vitis berlandieri Planch.,USA,30.407841,-97.754076,https://www.inaturalist.org/observations/7779108,TRUE,FALSE
inPublicationNotRound2,Vitis cinerea,gbifTaxonomy,GBIF,Vitis berlandieri Planch.,USA,30.620501,-98.072664,https://www.inaturalist.org/observations/181446923,TRUE,FALSE
inPublicationNotRound2,Vitis cinerea,gbifTaxonomy,GBIF,Vitis berlandieri Planch.,USA,30.541259,-97.833224,https://www.inaturalist.org/observations/77392928,TRUE,FALSE
inPublicationNotRound2,Vitis cinerea,gbifTaxonomy,GBIF,Vitis berlandieri Planch.,USA,29.989094,-99.023134,https://www.inaturalist.org/observations/44672681,TRUE,FALSE
inPublicationNotRound2,Vitis cinerea,gbifTaxonomy,GBIF,Vitis berlandieri Planch.,USA,30.497737,-97.799714,https://www.inaturalist.org/observations/86983466,TRUE,FALSE
inPublicationNotRound2,Vitis cinerea,gbifTaxonomy,GBIF,Vitis berlandieri Planch.,USA,30.559847,-97.619933,https://www.inaturalist.org/observations/8527580,TRUE,FALSE
inPublicationNotRound2,Vitis cinerea,gbifTaxonomy,GBIF,Vitis berlandieri Planch.,USA,30.5095,-97.992042,https://www.inaturalist.org/observations/77162921,TRUE,FALSE
inPublicationNotRound2,Vitis cinerea,gbifTaxonomy,GBIF,Vitis berlandieri Planch.,USA,29.649348,-98.739209,https://www.inaturalist.org/observations/10583630,TRUE,FALSE
inPublicationNotRound2,Vitis cinerea,gbifTaxonomy,GBIF,Vitis berlandieri Planch.,USA,29.988939,-99.023354,https://www.inaturalist.org/observations/214103643,TRUE,FALSE
inPublicationNotRound2,Vitis cinerea,gbifTaxonomy,GBIF,Vitis berlandieri Planch.,USA,30.05905,-98.235091,https://www.inaturalist.org/observations/17464591,TRUE,FALSE
inPublicationNotRound2,Vitis cinerea,gbifTaxonomy,GBIF,Vitis berlandieri Planch.,USA,31.697292,-97.603797,https://www.inaturalist.org/observations/281025377,TRUE,FALSE
inPublicationNotRound2,Vitis cinerea,gbifTaxonomy,GBIF,Vitis berlandieri Planch.,USA,29.619447,-98.773032,https://www.inaturalist.org/observations/13373661,TRUE,FALSE
inPublicationNotRound2,Vitis cinerea,gbifTaxonomy,GBIF,Vitis berlandieri Planch.,USA,31.198045,-97.46778,https://www.inaturalist.org/observations/211855010,TRUE,FALSE
inPublicationNotRound2,Vitis cinerea,gbifTaxonomy,GBIF,Vitis berlandieri Planch.,USA,30.27033,-97.804237,https://www.inaturalist.org/observations/72574395,TRUE,FALSE
inPublicationNotRound2,Vitis cinerea,gbifTaxonomy,GBIF,Vitis berlandieri Planch.,USA,30.344814,-97.841057,https://www.inaturalist.org/observations/82057263,TRUE,FALSE
inPublicationNotRound2,Vitis cinerea,gbifTaxonomy,GBIF,Vitis berlandieri Planch.,USA,30.318992,-97.919228,https://www.inaturalist.org/observations/85962417,TRUE,FALSE
inPublicationNotRound2,Vitis cinerea,gbifTaxonomy,GBIF,Vitis berlandieri Planch.,USA,29.640681,-98.625978,https://www.inaturalist.org/observations/213133445,TRUE,FALSE
inPublicationNotRound2,Vitis cinerea,gbifTaxonomy,GBIF,Vitis berlandieri Planch.,USA,29.613263,-98.460916,https://www.inaturalist.org/observations/131676817,TRUE,FALSE
inPublicationNotRound2,Vitis cinerea,gbifTaxonomy,GBIF,Vitis berlandieri Planch.,USA,31.662423,-97.603687,https://www.inaturalist.org/observations/34460786,TRUE,FALSE
inPublicationNotRound2,Vitis cinerea,gbifTaxonomy,GBIF,Vitis berlandieri Planch.,USA,30.471664,-99.783108,https://www.inaturalist.org/observations/84700095,TRUE,FALSE
inPublicationNotRound2,Vitis cinerea,gbifTaxonomy,GBIF,Vitis berlandieri Planch.,USA,30.360373,-97.792818,https://www.inaturalist.org/observations/8893178,TRUE,FALSE
inPublicationNotRound2,Vitis cinerea,gbifTaxonomy,GBIF,Vitis baileyana Munson,USA,37.28472,-82.28806,https://arctos.database.museum/guid/UAM:Herb:255091,TRUE,FALSE
inPublicationNotRound2,Vitis cinerea,gbifTaxonomy,GBIF,Vitis baileyana Munson,USA,37.93903,-79.23456,https://arctos.database.museum/guid/UAM:Herb:255089,TRUE,FALSE
inPublicationNotRound2,Vitis cinerea,gbifTaxonomy,GBIF,Vitis baileyana Munson,USA,36.60389,-81.30978,https://arctos.database.museum/guid/UAM:Herb:255094,TRUE,FALSE
inPublicationNotRound2,Vitis cinerea,gbifTaxonomy,GBIF,Vitis baileyana Munson,USA,37.21531,-81.17669,https://arctos.database.museum/guid/UAM:Herb:255097,TRUE,FALSE
inPublicationNotRound2,Vitis cinerea,gbifTaxonomy,GBIF,Vitis berlandieri Planch.,USA,29.565278,-98.764167,5115827,TRUE,FALSE
inPublicationNotRound2,Vitis cinerea,gbifTaxonomy,GBIF,Vitis berlandieri Planch.,USA,30.24706,-99.74781,https://arctos.database.museum/guid/UAM:Herb:255110,TRUE,FALSE
inPublicationNotRound2,Vitis cinerea,gbifTaxonomy,GBIF,Vitis berlandieri Planch.,USA,30.36397,-99.73053,https://arctos.database.museum/guid/UAM:Herb:255108,TRUE,FALSE
inPublicationNotRound2,Vitis cinerea,gbifTaxonomy,GBIF,Vitis berlandieri Planch.,USA,30.16544,-99.35514,https://arctos.database.museum/guid/UAM:Herb:255112,TRUE,FALSE
inPublicationNotRound2,Vitis cinerea,gbifTaxonomy,GBIF,Vitis berlandieri Planch.,USA,30.08414,-99.09228,https://arctos.database.museum/guid/UAM:Herb:255113,TRUE,FALSE
inPublicationNotRound2,Vitis cinerea,gbifTaxonomy,GBIF,Vitis simpsonii Munson,USA,30.82722,-90.37444,465392d1-d1a7-49fa-aa29-912a8df738e3,TRUE,FALSE
inPublicationNotRound2,Vitis cinerea,gbifTaxonomy,GBIF,Vitis baileyana Munson,USA,35.176,-80.77,e7f4ebcc-971d-48d2-9268-703991ddc647,TRUE,FALSE
inPublicationNotRound2,Vitis cinerea,gbifTaxonomy,GBIF,Vitis berlandieri Planch.,USA,29.70278,-98.12417,urn:catalog:MO:Tropicos:1396553,TRUE,FALSE
inPublicationNotRound2,Vitis cinerea,gbifTaxonomy,GBIF,Vitis berlandieri Planch.,MEX,19.694167,-101.149444,urn:catalog:MO:Tropicos:1411026,TRUE,FALSE
inPublicationNotRound2,Vitis cinerea,gbifTaxonomy,GBIF,Vitis berlandieri Planch.,MEX,19.68,-101.185278,urn:catalog:MO:Tropicos:1411029,TRUE,FALSE
inPublicationNotRound2,Vitis cinerea,gbifTaxonomy,GBIF,Vitis berlandieri Planch.,USA,29.630667,-99.744167,urn:catalog:MO:Tropicos:101233224,TRUE,FALSE
inPublicationNotRound2,Vitis cinerea,gbifTaxonomy,GBIF,Vitis berlandieri Planch.,USA,29.70278,-98.12417,urn:catalog:MO:Tropicos:1396549,TRUE,FALSE
inPublicationNotRound2,Vitis cinerea,gbifTaxonomy,GBIF,Vitis berlandieri Planch.,USA,29.45888,-101.05916,urn:catalog:MO:Tropicos:1400122,TRUE,FALSE
inPublicationNotRound2,Vitis cinerea,gbifTaxonomy,GBIF,Vitis berlandieri Planch.,USA,38.61306,-90.25917,urn:catalog:MO:Tropicos:1395342,TRUE,FALSE
inPublicationNotRound2,Vitis cinerea,gbifTaxonomy,GBIF,Vitis berlandieri Planch.,MEX,19.9425,-103.765833,urn:catalog:MO:Tropicos:102049478,TRUE,FALSE
inPublicationNotRound2,Vitis cinerea,gbifTaxonomy,GBIF,Vitis berlandieri Planch.,MEX,25.63,-100.23,urn:catalog:MO:Tropicos:1411048,TRUE,FALSE
inPublicationNotRound2,Vitis cinerea,gbifTaxonomy,GBIF,Vitis berlandieri Planch.,USA,29.567778,-98.767778,urn:catalog:MO:Tropicos:103484437,TRUE,FALSE
inPublicationNotRound2,Vitis cinerea,gbifTaxonomy,GBIF,Vitis berlandieri Planch.,MEX,24.66,-100.23,urn:catalog:MO:Tropicos:981006,TRUE,FALSE
inPublicationNotRound2,Vitis cinerea,gbifTaxonomy,GBIF,Vitis berlandieri Planch.,MEX,29.025,-102.125,744bbb07f7242c58fffd7229a6ca9d93,TRUE,FALSE
inPublicationNotRound2,Vitis cinerea,gbifTaxonomy,GBIF,Vitis berlandieri Planch.,MEX,28.97528,-108.5625,ffa7002b617d185ead843866f4a757ac,TRUE,FALSE
inPublicationNotRound2,Vitis cinerea,gbifTaxonomy,GBIF,Vitis berlandieri Planch.,MEX,24.517,-98.95,565e98c3c5dc85275d33d8ecc04c6a2d,TRUE,FALSE
inPublicationNotRound2,Vitis cinerea,gbifTaxonomy,GBIF,Vitis berlandieri Planch.,MEX,24.65,-98.683,bf3570afc3864672fdaa2890c29ac55d,TRUE,FALSE
inPublicationNotRound2,Vitis cinerea,gbifTaxonomy,GBIF,Vitis berlandieri Planch.,MEX,19.48528,-104.29889,110f672b3349591bd935688cb135507e,TRUE,FALSE
inPublicationNotRound2,Vitis cinerea,gbifTaxonomy,GBIF,Vitis berlandieri Planch.,MEX,25.61528,-100.35167,03bc7d56fd919e2403706203b55b8b32,TRUE,FALSE
inPublicationNotRound2,Vitis cinerea,gbifTaxonomy,GBIF,Vitis berlandieri Planch.,MEX,21.5,-104.917,8a7b8570619fad64245c153abe36a351,TRUE,FALSE
inPublicationNotRound2,Vitis cinerea,gbifTaxonomy,GBIF,Vitis berlandieri Planch.,MEX,19.46167,-103.96361,fa3349ec23c69e342c64cf6147bf5028,TRUE,FALSE
inPublicationNotRound2,Vitis cinerea,gbifTaxonomy,GBIF,Vitis berlandieri Planch.,MEX,26.033,-101.383,19fc4a69c515d4e83fea1c8412e855d6,TRUE,FALSE
inPublicationNotRound2,Vitis cinerea,gbifTaxonomy,GBIF,Vitis berlandieri Planch.,MEX,18.25333,-95.93667,91ee73bd99ec4d89c9370b8b8bee39e1,TRUE,FALSE
inPublicationNotRound2,Vitis cinerea,gbifTaxonomy,GBIF,Vitis berlandieri Planch.,MEX,18.25333,-95.93667,ffcfaaebd9f74c9867a034f4591a5857,TRUE,FALSE
inPublicationNotRound2,Vitis cinerea,gbifTaxonomy,GBIF,Vitis berlandieri Planch.,MEX,19.6,-104.31667,a6ca83732b8ffaa818a8583af0c38fde,TRUE,FALSE
inPublicationNotRound2,Vitis cinerea,gbifTaxonomy,GBIF,Vitis berlandieri Planch.,MEX,29.025,-102.125,088a6142a45bca82b8f9d5eab410a7bc,TRUE,FALSE
inPublicationNotRound2,Vitis cinerea,gbifTaxonomy,GBIF,Vitis berlandieri Planch.,USA,30.2471,-99.7478,http://n2t.net/ark:/65665/33c8fa790-0b3d-4365-8136-9e4de89ba857,TRUE,FALSE
inPublicationNotRound2,Vitis cinerea,gbifTaxonomy,GBIF,Vitis baileyana Munson,USA,36.6039,-81.3098,http://n2t.net/ark:/65665/332ab3df7-171b-4fa5-90bf-5c9b7365ced2,TRUE,FALSE
inPublicationNotRound2,Vitis cinerea,gbifTaxonomy,GBIF,Vitis baileyana Munson,USA,35.7092,-81.3097,http://n2t.net/ark:/65665/314422449-0f00-4950-a624-5d1ebfc288d3,TRUE,FALSE
inPublicationNotRound2,Vitis cinerea,gbifTaxonomy,GBIF,Vitis simpsonii Munson,USA,37.5956,-77.4689,http://n2t.net/ark:/65665/37689be01-eedb-45da-b871-06189506cfe3,TRUE,FALSE
inPublicationNotRound2,Vitis cinerea,gbifTaxonomy,GBIF,Vitis baileyana Munson,USA,37.2797,-82.2883,http://n2t.net/ark:/65665/393fad99e-13dd-4f9d-a573-03f7ac09000e,TRUE,FALSE
inPublicationNotRound2,Vitis cinerea,gbifTaxonomy,GBIF,Vitis simpsonii Munson,USA,37.5956,-77.4689,http://n2t.net/ark:/65665/3787e52c9-fd7e-45db-ac03-f64e6d62e3c1,TRUE,FALSE
inPublicationNotRound2,Vitis cinerea,gbifTaxonomy,GBIF,Vitis simpsonii Munson,USA,38.9967,-77.2503,http://n2t.net/ark:/65665/3ed2701ee-d774-4cb2-a6da-115d00deefcf,TRUE,FALSE
inPublicationNotRound2,Vitis cinerea,gbifTaxonomy,GBIF,Vitis baileyana Munson,USA,37.939,-79.2346,http://n2t.net/ark:/65665/3252859f8-346b-4991-95be-d967c0ab7720,TRUE,FALSE
inPublicationNotRound2,Vitis cinerea,gbifTaxonomy,GBIF,Vitis baileyana Munson,USA,38.6405,-80.8454,http://n2t.net/ark:/65665/39bf08698-bfd0-4600-bcc6-0121e7c5b2cc,TRUE,FALSE
inPublicationNotRound2,Vitis cinerea,gbifTaxonomy,GBIF,Vitis simpsonii Munson,USA,25.6228,-80.3097,http://n2t.net/ark:/65665/37600b3f0-d164-4fa0-8f0a-be01cefd2286,TRUE,FALSE
inPublicationNotRound2,Vitis cinerea,gbifTaxonomy,GBIF,Vitis baileyana Munson,USA,37.2847,-82.2881,http://n2t.net/ark:/65665/3b2b3e0d2-cd83-474e-beb4-22fe62484377,TRUE,FALSE
inPublicationNotRound2,Vitis cinerea,gbifTaxonomy,GBIF,Vitis berlandieri Planch.,USA,30.364,-99.7305,http://n2t.net/ark:/65665/335dee285-7a42-4998-b5d7-e36501d52c35,TRUE,FALSE
inPublicationNotRound2,Vitis cinerea,gbifTaxonomy,GBIF,Vitis baileyana Munson,USA,35.7742,-81.326,http://n2t.net/ark:/65665/3da20d31c-0a68-4732-84e9-1aa6768b2fd6,TRUE,FALSE
inPublicationNotRound2,Vitis cinerea,gbifTaxonomy,GBIF,Vitis baileyana Munson,USA,36.0905,-79.3715,http://n2t.net/ark:/65665/39c334ad3-3bb5-4e4b-944e-06a37a01e6a0,TRUE,FALSE
inPublicationNotRound2,Vitis cinerea,gbifTaxonomy,GBIF,Vitis simpsonii Munson,USA,37.5956,-77.4689,http://n2t.net/ark:/65665/3768b23fe-8260-4f6e-9fe0-47e316e8b3cf,TRUE,FALSE
inPublicationNotRound2,Vitis cinerea,gbifTaxonomy,GBIF,Vitis berlandieri Planch.,MEX,18.28,-96.22,http://n2t.net/ark:/65665/39f02cf02-7ffa-4c06-a759-5e7c1bfd4813,TRUE,FALSE
inPublicationNotRound2,Vitis cinerea,gbifTaxonomy,GBIF,Vitis baileyana Munson,USA,37.3311,-80.5584,http://n2t.net/ark:/65665/36405feb4-67a3-4525-8a95-b44f3000a762,TRUE,FALSE
inPublicationNotRound2,Vitis cinerea,gbifTaxonomy,GBIF,Vitis baileyana Munson,USA,37.5285,-77.4842,http://n2t.net/ark:/65665/347679a4e-05a2-4a55-8e64-3d936b14ff8c,TRUE,FALSE
inPublicationNotRound2,Vitis cinerea,gbifTaxonomy,GBIF,Vitis simpsonii Munson,USA,26.4144,-81.6269,http://n2t.net/ark:/65665/31bf32aaa-2f9b-442d-ac86-cbf9e818b68e,TRUE,FALSE
inPublicationNotRound2,Vitis cinerea,gbifTaxonomy,GBIF,Vitis baileyana Munson,USA,38.4304,-82.4539,http://n2t.net/ark:/65665/3f750652d-f0f1-40f5-88af-9a4d4dbe7aa8,TRUE,FALSE
inPublicationNotRound2,Vitis cinerea,gbifTaxonomy,GBIF,Vitis baileyana Munson,USA,33.1385,-87.2312,http://n2t.net/ark:/65665/3071d3cf2-b746-4024-b21d-9bb3df592962,TRUE,FALSE
inPublicationNotRound2,Vitis cinerea,gbifTaxonomy,GBIF,Vitis berlandieri Planch.,USA,29.8031,-98.4934,http://n2t.net/ark:/65665/3e274d12f-d7e6-4d7e-8d2f-32baa0cd8b2e,TRUE,FALSE
inPublicationNotRound2,Vitis cinerea,gbifTaxonomy,GBIF,Vitis baileyana Munson,USA,37.2153,-81.1767,http://n2t.net/ark:/65665/3e17d1d50-f142-4cb3-99ce-c91f5b7a2525,TRUE,FALSE
inPublicationNotRound2,Vitis cinerea,gbifTaxonomy,GBIF,Vitis baileyana Munson,USA,35.5843,-82.5426,http://n2t.net/ark:/65665/30181aee6-ccda-466d-8d3d-d5176bcd1701,TRUE,FALSE
inPublicationNotRound2,Vitis cinerea,gbifTaxonomy,GBIF,Vitis berlandieri Planch.,USA,30.1654,-99.3551,http://n2t.net/ark:/65665/34341c7c5-51a8-4023-895e-e8eb2009fd79,TRUE,FALSE
inPublicationNotRound2,Vitis cinerea,gbifTaxonomy,GBIF,Vitis berlandieri Planch.,USA,30.2584,-98.4836,http://n2t.net/ark:/65665/311d7f5bf-95d4-4d4c-b8b6-3bb36539252b,TRUE,FALSE
inPublicationNotRound2,Vitis cinerea,gbifTaxonomy,GBIF,Vitis baileyana Munson,USA,35.5252,-82.9846,http://n2t.net/ark:/65665/3c3463ad0-bffc-4c85-a752-1604f6f1c0c5,TRUE,FALSE
inPublicationNotRound2,Vitis cinerea,gbifTaxonomy,GBIF,Vitis simpsonii Munson,USA,38.9343,-77.1146,http://n2t.net/ark:/65665/39dba0362-b59f-4196-ad8d-25bdf9c9b736,TRUE,FALSE
inPublicationNotRound2,Vitis cinerea,gbifTaxonomy,GBIF,Vitis baileyana Munson,USA,37.2141,-82.2525,http://n2t.net/ark:/65665/3e18db707-3059-432e-90a0-3de65cbb3cef,TRUE,FALSE
inPublicationNotRound2,Vitis cinerea,gbifTaxonomy,GBIF,Vitis berlandieri Planch.,USA,31.3176,-97.3775,http://n2t.net/ark:/65665/3e0a26d30-6e20-4316-9da2-d0312424c71a,TRUE,FALSE
inPublicationNotRound2,Vitis cinerea,gbifTaxonomy,GBIF,Vitis berlandieri Planch.,USA,30.1393,-99.5669,http://n2t.net/ark:/65665/300780202-e52e-4d33-8711-8cdc5c32ccad,TRUE,FALSE
inPublicationNotRound2,Vitis cinerea,gbifTaxonomy,GBIF,Vitis berlandieri Planch.,USA,30.0841,-99.0923,http://n2t.net/ark:/65665/36434ecef-4c52-4615-bb32-34a8c473339c,TRUE,FALSE
inPublicationNotRound2,Vitis cinerea,gbifTaxonomy,GBIF,Vitis baileyana Munson,USA,33.1899,-87.198,http://n2t.net/ark:/65665/3848d6e67-26af-4313-ae9c-59c70db9090d,TRUE,FALSE
inPublicationNotRound2,Vitis cinerea,gbifTaxonomy,GBIF,Vitis baileyana Munson,USA,36.602,-81.3138,http://n2t.net/ark:/65665/3bd90b1d7-5f87-43b3-b0f5-a4bf828643a4,TRUE,FALSE
inPublicationNotRound2,Vitis cinerea,gbifTaxonomy,GBIF,Vitis simpsonii Munson,USA,29.9963,-84.5566,http://n2t.net/ark:/65665/3328ee1f8-214f-44c2-9e14-2349c935a5df,TRUE,FALSE
inPublicationNotRound2,Vitis cinerea,gbifTaxonomy,GBIF,Vitis baileyana Munson,USA,35.7698,-87.6453,http://n2t.net/ark:/65665/339058232-bfb1-4227-a661-892cecf4df85,TRUE,FALSE
inPublicationNotRound2,Vitis cinerea,gbifTaxonomy,GBIF,Vitis simpsonii Munson,USA,30.914,-86.7379,http://n2t.net/ark:/65665/3c193f8a8-ff69-4132-9114-931e5b50b25f,TRUE,FALSE
inPublicationNotRound2,Vitis cinerea,gbifTaxonomy,GBIF,Vitis baileyana Munson,USA,36.8834,-80.7267,http://n2t.net/ark:/65665/381bed193-96f1-41ae-bc0c-45bc31bafddc,TRUE,FALSE
inPublicationNotRound2,Vitis cinerea,gbifTaxonomy,GBIF,Vitis baileyana Munson,USA,38.0293,-78.4539,http://n2t.net/ark:/65665/31d864c79-f161-4822-b216-d8d7059fb6bd,TRUE,FALSE
inPublicationNotRound2,Vitis cinerea,gbifTaxonomy,GBIF,Vitis berlandieri Planch.,USA,30.1341,-99.0653,http://n2t.net/ark:/65665/3830a21fd-80bc-43ba-9d88-bcc02e87e807,TRUE,FALSE
inPublicationNotRound2,Vitis cinerea,gbifTaxonomy,GBIF,Vitis baileyana Munson,USA,33.1517,-87.2681,http://n2t.net/ark:/65665/30fcc81c8-5190-493f-9d84-de65a9eae92c,TRUE,FALSE
inPublicationNotRound2,Vitis cinerea,gbifTaxonomy,GBIF,Vitis baileyana Munson,USA,37.2711,-80.4189,http://n2t.net/ark:/65665/33150cb4b-24fe-4d36-a766-12123aae81a8,TRUE,FALSE
inPublicationNotRound2,Vitis cinerea,gbifTaxonomy,GBIF,Vitis berlandieri Planch.,MEX,22.5,-100.5,ee055f9a-186c-4037-85c0-92406303185d,TRUE,FALSE
inPublicationNotRound2,Vitis cinerea,gbifTaxonomy,GBIF,Vitis berlandieri Planch.,MEX,24,-98.75,2016dac6-58a8-48c5-9db5-50439d8832f1,TRUE,FALSE
inPublicationNotRound2,Vitis cinerea,gbifTaxonomy,GBIF,Vitis berlandieri Planch.,MEX,24.578171,-99.054282,25a05583-6d40-4697-9bee-a61fe4caf1e6,TRUE,FALSE
inPublicationNotRound2,Vitis cinerea,gbifTaxonomy,GBIF,Vitis berlandieri Planch.,MEX,28.75,-100.916667,c917296e-0f60-4aee-a07a-cb414b20561a,TRUE,FALSE
inPublicationNotRound2,Vitis cinerea,gbifTaxonomy,GBIF,Vitis berlandieri Planch.,MEX,25.4,-100.316667,64a12c6d-7d51-4a4b-8ae4-2e59e487a32d,TRUE,FALSE
inPublicationNotRound2,Vitis cinerea,gbifTaxonomy,GBIF,Vitis simpsonii Munson,USA,32.631078,-80.835402,1cf92d51-23e6-4c19-9574-802da61155e3,TRUE,FALSE
inPublicationNotRound2,Vitis cinerea,gbifTaxonomy,GBIF,Vitis baileyana Munson,USA,33.24857,-83.925719,e35375c1-bcba-4369-be6c-163c70ea60ec,TRUE,FALSE
inPublicationNotRound2,Vitis cinerea,gbifTaxonomy,GBIF,Vitis baileyana Munson,USA,34.334465,-86.908574,196688ce-bccc-4ebb-a00b-ac2eb0cbb79a,TRUE,FALSE
inPublicationNotRound2,Vitis cinerea,gbifTaxonomy,GBIF,Vitis berlandieri Planch.,MEX,20.2,-104.741667,39c0ee9e21ab86ef3a08b422d932a457,TRUE,FALSE
inPublicationNotRound2,Vitis cinerea,gbifTaxonomy,GBIF,Vitis berlandieri Planch.,MEX,19.798611,-97.245278,882c946b51f7522fb30d897967156518,TRUE,FALSE
inPublicationNotRound2,Vitis cinerea,gbifTaxonomy,GBIF,Vitis berlandieri Planch.,MEX,22.516667,-103.883333,9be33004dd6bc6a5dc06105b6183718d,TRUE,FALSE
inPublicationNotRound2,Vitis cinerea,gbifTaxonomy,GBIF,Vitis berlandieri Planch.,MEX,19.266667,-103.233333,523e0856a231f92ed1e8c893cf5a4e44,TRUE,FALSE
inPublicationNotRound2,Vitis cinerea,gbifTaxonomy,GBIF,Vitis berlandieri Planch.,MEX,18.253333,-95.936667,8610b10104cc7ea8d68ed33efc536737,TRUE,FALSE
inPublicationNotRound2,Vitis cinerea,gbifTaxonomy,GBIF,Vitis berlandieri Planch.,MEX,23.1,-99.186667,e05eda79812fd7554cb6121b50f8a968,TRUE,FALSE
inPublicationNotRound2,Vitis cinerea,gbifTaxonomy,GBIF,Vitis berlandieri Planch.,MEX,19.583333,-103.9,e6c0088bea1f837554d456064f115cbb,TRUE,FALSE
inPublicationNotRound2,Vitis cinerea,gbifTaxonomy,GBIF,Vitis berlandieri Planch.,MEX,24.651389000000002,-98.873055,d920e9199f42f2f05073c90c73631375,TRUE,FALSE
inPublicationNotRound2,Vitis cinerea,gbifTaxonomy,GBIF,Vitis berlandieri Planch.,MEX,19.55,-96.966667,e0a3e1b492e3ef2256cfa5a61802632e,TRUE,FALSE
inPublicationNotRound2,Vitis cinerea,gbifTaxonomy,GBIF,Vitis berlandieri Planch.,MEX,19.798611,-97.245278,11acf8307fc21b4eeaff614cba1d1376,TRUE,FALSE
inPublicationNotRound2,Vitis cinerea,gbifTaxonomy,GBIF,Vitis berlandieri Planch.,MEX,19.945,-103.758055,e8f1c3ced5abf957263c9c31ccff7e74,TRUE,FALSE
inPublicationNotRound2,Vitis cinerea,gbifTaxonomy,GBIF,Vitis berlandieri Planch.,MEX,18.253333,-95.936667,33c87a627d8d568fed2d09fc51f579b4,TRUE,FALSE
inPublicationNotRound2,Vitis cinerea,gbifTaxonomy,GBIF,Vitis berlandieri Planch.,MEX,20.05,-97.05,5c45df009713221651c12ffb774b50bb,TRUE,FALSE
inPublicationNotRound2,Vitis cinerea,gbifTaxonomy,GBIF,Vitis berlandieri Planch.,MEX,24.582222,-99.0025,343d22a663882ba6dad4d8f670ec9fee,TRUE,FALSE
inPublicationNotRound2,Vitis cinerea,gbifTaxonomy,GBIF,Vitis berlandieri Planch.,MEX,21.125,-99.526667,9503a2c59db3b6778e31ac10723d3860,TRUE,FALSE
inPublicationNotRound2,Vitis cinerea,gbifTaxonomy,GBIF,Vitis berlandieri Planch.,MEX,19.705,-103.463333,4bd5c8843958a8b2358d9a1b6548f589,TRUE,FALSE
inPublicationNotRound2,Vitis cinerea,gbifTaxonomy,GBIF,Vitis berlandieri Planch.,MEX,19.673333,-103.255,77a72af8f4e44e4481665bae0955746e,TRUE,FALSE
inPublicationNotRound2,Vitis cinerea,gbifTaxonomy,GBIF,Vitis berlandieri Planch.,MEX,19.705,-103.463333,1ece6266d2de8308bd38dfcaac54c24a,TRUE,FALSE
inPublicationNotRound2,Vitis cinerea,gbifTaxonomy,GBIF,Vitis berlandieri Planch.,MEX,19.705,-103.463333,1b3b081a241aaff86c9536fb9755c86c,TRUE,FALSE
inPublicationNotRound2,Vitis cinerea,gbifTaxonomy,GBIF,Vitis berlandieri Planch.,MEX,19.78,-103.71,31ede3847fa07891a3d8931cfe59408b,TRUE,FALSE
inPublicationNotRound2,Vitis cinerea,gbifTaxonomy,GBIF,Vitis berlandieri Planch.,MEX,19.705,-103.463333,33029e885d2f4dc1d97a936f8959badb,TRUE,FALSE
inPublicationNotRound2,Vitis cinerea,gbifTaxonomy,GBIF,Vitis berlandieri Planch.,MEX,21.881667,-103.735,eeb1ed2e2c1fd9a7d856a83f83192a07,TRUE,FALSE
inPublicationNotRound2,Vitis cinerea,gbifTaxonomy,GBIF,Vitis berlandieri Planch.,MEX,25.231667,-100.913333,34d2515247ade592155cf8b72485b6ee,TRUE,FALSE
inPublicationNotRound2,Vitis cinerea,gbifTaxonomy,GBIF,Vitis berlandieri Planch.,MEX,24.823333,-100.075,5d508e30f27e88e790c887d750479ab9,TRUE,FALSE
inPublicationNotRound2,Vitis cinerea,gbifTaxonomy,GBIF,Vitis berlandieri Planch.,MEX,19.705,-103.463333,f9f509903f5add9200b634ae63fd74ef,TRUE,FALSE
inPublicationNotRound2,Vitis cinerea,gbifTaxonomy,GBIF,Vitis berlandieri Planch.,MEX,19.85,-103.083333,ecd55861a152f0a4c1c99d103970dc96,TRUE,FALSE
inPublicationNotRound2,Vitis cinerea,gbifTaxonomy,GBIF,Vitis berlandieri Planch.,MEX,29.586667,-108.33,398013e3f17ca523a788e65f87ea7b81,TRUE,FALSE
inPublicationNotRound2,Vitis cinerea,gbifTaxonomy,GBIF,Vitis berlandieri Planch.,MEX,20.227778,-103.569444,942dffea1f39a091d13cb5b1295c0846,TRUE,FALSE
inPublicationNotRound2,Vitis cinerea,gbifTaxonomy,GBIF,Vitis berlandieri Planch.,MEX,19.846667,-97.498333,9913d87e688d9cbc2641239bfc9a7476,TRUE,FALSE
inPublicationNotRound2,Vitis cinerea,gbifTaxonomy,GBIF,Vitis berlandieri Planch.,MEX,19.7148,-101.20535,http://coldb.mnhn.fr/catalognumber/mnhn/p/p02343687,TRUE,FALSE
inPublicationNotRound2,Vitis cinerea,gbifTaxonomy,GBIF,Vitis berlandieri Planch.,MEX,21.48333,-99.18333,http://coldb.mnhn.fr/catalognumber/mnhn/p/p03735637,TRUE,FALSE
inPublicationNotRound2,Vitis cinerea,gbifTaxonomy,GBIF,Vitis berlandieri Planch.,MEX,21.00861,-99.19267,http://coldb.mnhn.fr/catalognumber/mnhn/p/p02793292,TRUE,FALSE
inPublicationNotRound2,Vitis cinerea,gbifTaxonomy,GBIF,Vitis berlandieri Planch.,MEX,20.98947,-98.65731,http://coldb.mnhn.fr/catalognumber/mnhn/p/p03735636,TRUE,FALSE
inPublicationNotRound2,Vitis cinerea,gbifTaxonomy,GBIF,Vitis simpsonii Munson,USA,28.85277,-81.68535,http://coldb.mnhn.fr/catalognumber/mnhn/p/p02343690,TRUE,FALSE
inPublicationNotRound2,Vitis cinerea,gbifTaxonomy,GBIF,Vitis berlandieri Planch.,USA,29.703,-98.12445,http://coldb.mnhn.fr/catalognumber/mnhn/p/p02343683,TRUE,FALSE
inPublicationNotRound2,Vitis cinerea,gbifTaxonomy,GBIF,Vitis berlandieri Planch.,USA,29.703,-98.12445,http://coldb.mnhn.fr/catalognumber/mnhn/p/p02343684,TRUE,FALSE
inPublicationNotRound2,Vitis cinerea,gbifTaxonomy,GBIF,Vitis simpsonii Munson,USA,28.85277,-81.68535,http://coldb.mnhn.fr/catalognumber/mnhn/p/p02343691,TRUE,FALSE
inPublicationNotRound2,Vitis cinerea,gbifTaxonomy,GBIF,Vitis berlandieri Planch.,MEX,19.68988,-101.1784,http://coldb.mnhn.fr/catalognumber/mnhn/p/p02343688,TRUE,FALSE
inPublicationNotRound2,Vitis cinerea,gbifTaxonomy,GBIF,Vitis baileyana Munson,USA,35.17622,-80.77093,http://coldb.mnhn.fr/catalognumber/mnhn/p/p02343689,TRUE,FALSE
inPublicationNotRound2,Vitis cinerea,gbifTaxonomy,GBIF,Vitis simpsonii Munson,USA,30.951,-85.841,7a3acab4-46ed-4e6d-8b65-00c7ba8fae98,TRUE,FALSE
inPublicationNotRound2,Vitis cinerea,gbifTaxonomy,GBIF,Vitis berlandieri Planch.,USA,30.63326,-97.67798,http://coldb.mnhn.fr/catalognumber/mnhn/p/p02343685,TRUE,FALSE
inPublicationNotRound2,Vitis cinerea,gbifTaxonomy,GBIF,Vitis berlandieri Planch.,MEX,24.82546,-100.07737,http://coldb.mnhn.fr/catalognumber/mnhn/p/p02343686,TRUE,FALSE
inPublicationNotRound2,Vitis cinerea,gbifTaxonomy,GBIF,Vitis berlandieri Planch.,MEX,23.03032,-99.14794,http://coldb.mnhn.fr/catalognumber/mnhn/p/p03684322,TRUE,FALSE
inPublicationNotRound2,Vitis cinerea,gbifTaxonomy,GBIF,Vitis berlandieri Planch.,USA,29.630667,-99.744167,8aa5956d-ac7f-4a21-96d8-072f03e60a5f,TRUE,FALSE
inPublicationNotRound2,Vitis cinerea,gbifTaxonomy,GBIF,Vitis berlandieri Planch.,USA,31.161384,-97.666226,773e108d-e27f-4e22-926c-e82d742b10d8,TRUE,FALSE
inPublicationNotRound2,Vitis cinerea,gbifTaxonomy,GBIF,Vitis berlandieri Planch.,USA,34.88775,-100.051532,dfc74495-bced-4cca-bca0-a2c5fb1352a2,TRUE,FALSE
inPublicationNotRound2,Vitis cinerea,gbifTaxonomy,GBIF,Vitis berlandieri Planch.,MEX,26.63333,-100.28333,5174f8ca-ecd4-4e61-9a13-d9c619ef2275,TRUE,FALSE
inPublicationNotRound2,Vitis cinerea,gbifTaxonomy,GBIF,Vitis berlandieri Planch.,MEX,24.52722,-98.96167,aa233f6c-6f11-4fc0-90d1-41210a3c9ea1,TRUE,FALSE
inPublicationNotRound2,Vitis cinerea,gbifTaxonomy,GBIF,Vitis berlandieri Planch.,MEX,25.2,-101.33333,2c18ab84-54b6-4760-b776-50f17945415d,TRUE,FALSE
inPublicationNotRound2,Vitis cinerea,gbifTaxonomy,GBIF,Vitis berlandieri Planch.,MEX,26.63333,-100.28333,cc440ba6-e293-4495-b791-c5a974bfdcc2,TRUE,FALSE
inPublicationNotRound2,Vitis cinerea,gbifTaxonomy,GBIF,Vitis berlandieri Planch.,USA,29.065364,-99.850176,172a3a1d-e07b-468c-92f7-ce1a0da16e3a,TRUE,FALSE
inPublicationNotRound2,Vitis cinerea,gbifTaxonomy,GBIF,Vitis berlandieri Planch.,USA,34.50481,-96.9414,97c6cf77-e076-4d97-8c08-9009226d3e3f,TRUE,FALSE
inPublicationNotRound2,Vitis cinerea,gbifTaxonomy,GBIF,Vitis sola L.H.Bailey,USA,30.332184,-81.655651,a2586421-45ac-46d9-8363-6757785f072b,FALSE,TRUE
inPublicationNotRound2,Vitis cinerea,gbifTaxonomy,GBIF,Vitis berlandieri Planch.,USA,29.88,-98.2,ca37a78d-0d88-4130-90dc-a8e76be730a8,TRUE,FALSE
inPublicationNotRound2,Vitis cinerea,gbifTaxonomy,GBIF,Vitis sola L.H.Bailey,USA,30.333369,-81.70097,b07914a2-5a81-48de-ae34-e1caa71ab01c,FALSE,TRUE
inPublicationNotRound2,Vitis cinerea,gbifTaxonomy,GBIF,Vitis berlandieri Planch.,USA,29.6306,-99.7442,8fa4a182-9884-47df-b03e-43a908d9e64c,TRUE,FALSE
inPublicationNotRound2,Vitis cinerea,gbifTaxonomy,GBIF,Vitis berlandieri Planch.,USA,30.318055,-98.946481,cb967f30-3c1d-4486-a139-7f207bf5e81d,TRUE,FALSE
inPublicationNotRound2,Vitis cinerea,gbifTaxonomy,GBIF,Vitis berlandieri Planch.,USA,33.755659,-96.536658,2df50949-e670-40dc-9bd1-035af184f277,TRUE,FALSE
inPublicationNotRound2,Vitis cinerea,gbifTaxonomy,GBIF,Vitis berlandieri Planch.,USA,29.944689,-98.711555,2ab1a719-17b0-4a78-89bc-c48387cd24a6,TRUE,FALSE
inPublicationNotRound2,Vitis cinerea,gbifTaxonomy,GBIF,Vitis berlandieri Planch.,USA,29.565278,-98.764167,fcb9007d-2c22-4887-8167-3cf9dce95092,TRUE,FALSE
inPublicationNotRound2,Vitis cinerea,gbifTaxonomy,GBIF,Vitis berlandieri Planch.,USA,29.630667,-99.744167,0c61e0b7-d1c6-4052-bbb9-a31ae7a26752,TRUE,FALSE
inPublicationNotRound2,Vitis cinerea,gbifTaxonomy,GBIF,Vitis berlandieri Planch.,USA,30.974288,-97.367881,ab526094-3055-4361-815a-f0c35aff916b,TRUE,FALSE
inPublicationNotRound2,Vitis cinerea,gbifTaxonomy,GBIF,Vitis berlandieri Planch.,USA,31.293937,-98.989489,94e5af57-2c38-40cd-a465-ee94e0a4ad67,TRUE,FALSE
inPublicationNotRound2,Vitis cinerea,gbifTaxonomy,GBIF,Vitis berlandieri Planch.,MEX,19.583333,-97,dd61abca-cc3c-481e-bd54-294221d805fa,TRUE,FALSE
inPublicationNotRound2,Vitis cinerea,gbifTaxonomy,GBIF,Vitis berlandieri Planch.,MEX,19.933333,-96.833333,c5eff12d-e3a3-4cd0-8906-d4a92610436d,TRUE,FALSE
inPublicationNotRound2,Vitis cinerea,gbifTaxonomy,GBIF,Vitis berlandieri Planch.,MEX,24.15,-99.48333,d837a912-ccc0-4b7d-aebd-2cb6eff1dbca,TRUE,FALSE
inPublicationNotRound2,Vitis cinerea,gbifTaxonomy,GBIF,Vitis berlandieri Planch.,USA,29.766945,-99.435,urn:catalog:MO:Tropicos:103250763,TRUE,FALSE
inPublicationNotRound2,Vitis cinerea,gbifTaxonomy,GBIF,Vitis berlandieri Planch.,MEX,24.92,-99.78,urn:catalog:MO:Tropicos:3603247,TRUE,FALSE
inPublicationNotRound2,Vitis cinerea,gbifTaxonomy,GBIF,Vitis berlandieri Planch.,MEX,19.9425,-103.765833,urn:catalog:MO:Tropicos:2125557,TRUE,FALSE
inPublicationNotRound2,Vitis cinerea,gbifTaxonomy,GBIF,Vitis berlandieri Planch.,USA,34.887134,-100.052861,f27dcc20-9e0d-4438-b8a5-ce77bd0f267b,TRUE,FALSE
inPublicationNotRound2,Vitis cinerea,gbifTaxonomy,GBIF,Vitis berlandieri Planch.,MEX,19.43778,-103.95722,UCR-BPS-83816,TRUE,FALSE
inPublicationNotRound2,Vitis cinerea,gbifTaxonomy,GBIF,Vitis simpsonii Munson,USA,38.53783,-121.79046,8d34ec15-ddda-466f-ad88-42ab34606472,TRUE,FALSE
inPublicationNotRound2,Vitis cinerea,gbifTaxonomy,GBIF,Vitis simpsonii Munson,USA,38.53783,-121.79046,e5c54822-adab-4793-afbe-e9cb776f040c,TRUE,FALSE
inPublicationNotRound2,Vitis cinerea,gbifTaxonomy,GBIF,Vitis simpsonii Munson,USA,38.53783,-121.79046,4cc4bda8-d206-440f-8615-4dcfb331c9b1,TRUE,FALSE
inPublicationNotRound2,Vitis cinerea,gbifTaxonomy,GBIF,Vitis simpsonii Munson,USA,38.53783,-121.79046,8580d7ea-7de6-43f4-adf8-2127d02fe724,TRUE,FALSE
inPublicationNotRound2,Vitis cinerea,gbifTaxonomy,GBIF,Vitis simpsonii Munson,USA,38.53783,-121.79046,faff7a3d-befc-49eb-a609-242a3c3a4817,TRUE,FALSE
inPublicationNotRound2,Vitis cinerea,gbifTaxonomy,GBIF,Vitis simpsonii Munson,USA,38.53783,-121.79046,5c229be4-8d6e-4aea-b8a4-284d08ca8f3f,TRUE,FALSE
inPublicationNotRound2,Vitis cinerea,gbifTaxonomy,GBIF,Vitis simpsonii Munson,USA,38.53783,-121.79046,317024ff-dcec-4b91-8c48-2cffb7440200,TRUE,FALSE
inPublicationNotRound2,Vitis cinerea,gbifTaxonomy,GBIF,Vitis simpsonii Munson,USA,38.53783,-121.79046,9fd56f00-4b25-4579-8728-3c759bc19426,TRUE,FALSE
inPublicationNotRound2,Vitis cinerea,gbifTaxonomy,GBIF,Vitis simpsonii Munson,USA,38.53783,-121.79046,d837f7c6-0ec9-4152-bf64-3a6263a22900,TRUE,FALSE
inPublicationNotRound2,Vitis cinerea,gbifTaxonomy,GBIF,Vitis simpsonii Munson,USA,38.53783,-121.79046,d6952c5b-9491-4962-98fd-ad1badb36eae,TRUE,FALSE
inPublicationNotRound2,Vitis cinerea,gbifTaxonomy,GBIF,Vitis simpsonii Munson,USA,38.53783,-121.79046,25cfc207-5866-4313-9767-23c5b9e1307b,TRUE,FALSE
inPublicationNotRound2,Vitis cinerea,gbifTaxonomy,GBIF,Vitis simpsonii Munson,USA,38.53783,-121.79046,43d04b23-40d8-493a-b620-77d0fc8866ef,TRUE,FALSE
inPublicationNotRound2,Vitis cinerea,gbifTaxonomy,GBIF,Vitis simpsonii Munson,USA,38.53783,-121.79046,6f20819c-7080-434c-87b7-36b14bd680bf,TRUE,FALSE
inPublicationNotRound2,Vitis cinerea,gbifTaxonomy,GBIF,Vitis simpsonii Munson,USA,38.53783,-121.79046,287dc8f1-82a0-4d4d-a9c8-8537fa298802,TRUE,FALSE
inPublicationNotRound2,Vitis cinerea,gbifTaxonomy,GBIF,Vitis simpsonii Munson,USA,38.53783,-121.79046,f92c9965-3847-4c34-88f8-ffc1e4cdb0d6,TRUE,FALSE
inPublicationNotRound2,Vitis cinerea,gbifTaxonomy,GBIF,Vitis simpsonii Munson,USA,38.53783,-121.79046,e906018a-5c0f-4775-9918-f988e88f1c26,TRUE,FALSE
inPublicationNotRound2,Vitis cinerea,gbifTaxonomy,GBIF,Vitis simpsonii Munson,USA,38.53783,-121.79046,39c6c196-97cd-4c22-8f0a-e009ae9a2b1e,TRUE,FALSE
inPublicationNotRound2,Vitis cinerea,gbifTaxonomy,GBIF,Vitis simpsonii Munson,USA,38.53783,-121.79046,cb88e5df-fb2c-4f32-90d8-a182a7790159,TRUE,FALSE
inPublicationNotRound2,Vitis cinerea,gbifTaxonomy,GBIF,Vitis simpsonii Munson,USA,38.53783,-121.79046,0d31c6a8-dd1c-415e-bedc-dbaf4fcdc5c7,TRUE,FALSE
inPublicationNotRound2,Vitis cinerea,gbifTaxonomy,GBIF,Vitis simpsonii Munson,USA,38.53783,-121.79046,bf211dec-9737-4558-917e-b87d830cd307,TRUE,FALSE
inPublicationNotRound2,Vitis cinerea,gbifTaxonomy,GBIF,Vitis simpsonii Munson,USA,38.53783,-121.79046,4904cca6-882e-4ea4-b3dd-83baa3eb1384,TRUE,FALSE
inPublicationNotRound2,Vitis cinerea,gbifTaxonomy,GBIF,Vitis simpsonii Munson,USA,38.53783,-121.79046,c2f3e53b-2a39-4a99-81d5-81efe43bcbb0,TRUE,FALSE
inPublicationNotRound2,Vitis cinerea,gbifTaxonomy,GBIF,Vitis simpsonii Munson,USA,38.53783,-121.79046,20968236-22c9-4d1c-8ed1-6d5b188d14fa,TRUE,FALSE
inPublicationNotRound2,Vitis cinerea,gbifTaxonomy,GBIF,Vitis simpsonii Munson,USA,38.53783,-121.79046,98fe7f7d-9636-42ff-a01e-35f7dbcd7ba3,TRUE,FALSE
inPublicationNotRound2,Vitis cinerea,gbifTaxonomy,GBIF,Vitis simpsonii Munson,USA,38.53783,-121.79046,27adb7b4-3d52-466f-84f7-cbb583d88b5a,TRUE,FALSE
inPublicationNotRound2,Vitis cinerea,gbifTaxonomy,GBIF,Vitis simpsonii Munson,USA,38.53783,-121.79046,cb3d13eb-878b-4a09-9230-930b35b25955,TRUE,FALSE
inPublicationNotRound2,Vitis cinerea,gbifTaxonomy,GBIF,Vitis simpsonii Munson,USA,38.53783,-121.79046,eb789a30-d502-4ace-bbcb-a4f24e008a24,TRUE,FALSE
inPublicationNotRound2,Vitis cinerea,gbifTaxonomy,GBIF,Vitis simpsonii Munson,USA,38.53783,-121.79046,95e66f9a-d670-43b6-9bea-e29971827ce9,TRUE,FALSE
inPublicationNotRound2,Vitis cinerea,gbifTaxonomy,GBIF,Vitis simpsonii Munson,USA,38.53783,-121.79046,e8c5d4ac-0629-43d4-882e-9675b4a86b39,TRUE,FALSE
inPublicationNotRound2,Vitis cinerea,gbifTaxonomy,GBIF,Vitis simpsonii Munson,USA,38.53783,-121.79046,f86fda82-b8d2-4e36-84f7-e76c00b64a3c,TRUE,FALSE
inPublicationNotRound2,Vitis cinerea,gbifTaxonomy,GBIF,Vitis simpsonii Munson,USA,38.53783,-121.79046,69c415c0-d968-47b0-83d9-aa04c85533c5,TRUE,FALSE
inPublicationNotRound2,Vitis cinerea,gbifTaxonomy,GBIF,Vitis berlandieri Planch.,MEX,24.52722,-98.96167,cd597c2b-85ed-4f35-ba7f-467016e46e78,TRUE,FALSE
inPublicationNotRound2,Vitis cinerea,gbifTaxonomy,GBIF,Vitis berlandieri Planch.,MEX,25.25,-101.33333,641e4d28-eeb4-40ea-9384-d51194d0a6a7,TRUE,FALSE
inPublicationNotRound2,Vitis cinerea,gbifTaxonomy,GBIF,Vitis baileyana Munson,USA,35.926194,-78.599498,efae4160-6250-4456-81c4-3ed1b1fa9533,TRUE,FALSE
inPublicationNotRound2,Vitis cinerea,gbifTaxonomy,GBIF,Vitis berlandieri Planch.,USA,29.567778,-98.767778,https://arctos.database.museum/guid/UTEP:Herb:76904,TRUE,FALSE
inPublicationNotRound2,Vitis cinerea,gbifTaxonomy,GBIF,Vitis baileyana Munson,USA,36.3399,-81.2283,http://n2t.net/ark:/65665/3c6ec0e83-9403-4f8b-8591-0a0071007278,TRUE,FALSE
inPublicationNotRound2,Vitis cinerea,gbifTaxonomy,GBIF,Vitis berlandieri Planch.,USA,30.1673,-99.7583,http://n2t.net/ark:/65665/3a5d4e8a2-88a3-4bac-ad9c-f3a5a0585e9d,TRUE,FALSE
inPublicationNotRound2,Vitis cinerea,gbifTaxonomy,GBIF,Vitis baileyana Munson,USA,38.1222,-83.5383,http://n2t.net/ark:/65665/30e7cf6f5-1a75-478a-bdd7-30bebba40da6,TRUE,FALSE
inPublicationNotRound2,Vitis cinerea,gbifTaxonomy,GBIF,Vitis baileyana Munson,USA,36.0537,-81.1772,http://n2t.net/ark:/65665/343532504-8df5-42f3-b9d8-60c3997f30bd,TRUE,FALSE
inPublicationNotRound2,Vitis cinerea,gbifTaxonomy,GBIF,Vitis berlandieri Planch.,USA,30.211,-98.2807,http://n2t.net/ark:/65665/3f1eedb1e-1ac3-4d15-9a38-b7a8aa94c185,TRUE,FALSE
inPublicationNotRound2,Vitis cinerea,gbifTaxonomy,GBIF,Vitis berlandieri Planch.,MEX,22.940953,-99.591522,77e6992e4c4fe77f0353a1553c10f088,TRUE,FALSE
inPublicationNotRound2,Vitis cinerea,gbifTaxonomy,GBIF,Vitis berlandieri Planch.,MEX,23.052072,-99.187489,f9566ef2d99b18a75e97782928cf292c,TRUE,FALSE
inPublicationNotRound2,Vitis cinerea,gbifTaxonomy,GBIF,Vitis berlandieri Planch.,MEX,25.25,-101.333333,cc762918bf25c1d9c94272da7436d56e,TRUE,FALSE
inPublicationNotRound2,Vitis cinerea,gbifTaxonomy,GBIF,Vitis berlandieri Planch.,MEX,30.7651,-115.9341,9173705626c37905dea1f2d10c710848,TRUE,FALSE
inPublicationNotRound2,Vitis cinerea,gbifTaxonomy,GBIF,Vitis berlandieri Planch.,USA,29.753704,-98.810576,c9d52937-d1b5-42dc-85d6-6d890afc0a17,TRUE,FALSE
inPublicationNotRound2,Vitis cinerea,gbifTaxonomy,GBIF,Vitis baileyana Munson,USA,33.172561,-84.012634,98fbf85c-82d3-4105-9b75-04bc8bdc8fd4,TRUE,FALSE
inPublicationNotRound2,Vitis cinerea,gbifTaxonomy,GBIF,Vitis simpsonii Munson,USA,25.67666,-80.24944,urn:catalog:UConn:CONN:00172502,TRUE,FALSE
inPublicationNotRound2,Vitis cinerea,gbifTaxonomy,GBIF,Vitis simpsonii Munson,USA,26.17583,-80.16388,urn:catalog:UConn:CONN:00172503,TRUE,FALSE
inPublicationNotRound2,Vitis cinerea,gbifTaxonomy,GBIF,Vitis simpsonii Munson,USA,25.54944,-80.52666,urn:catalog:UConn:CONN:00172504,TRUE,FALSE
inPublicationNotRound2,Vitis cinerea,gbifTaxonomy,GBIF,Vitis simpsonii Munson,USA,25.74666,-80.93944,urn:catalog:UConn:CONN:00172505,TRUE,FALSE
inPublicationNotRound2,Vitis cinerea,gbifTaxonomy,GBIF,Vitis simpsonii Munson,USA,25.77527,-80.20972,urn:catalog:UConn:CONN:00172506,TRUE,FALSE
inPublicationNotRound2,Vitis cinerea,gbifTaxonomy,GBIF,Vitis simpsonii Munson,USA,26.56694,-81.88305,urn:catalog:UConn:CONN:00172500,TRUE,FALSE
inPublicationNotRound2,Vitis cinerea,gbifTaxonomy,GBIF,Vitis simpsonii Munson,USA,26.56694,-81.88305,urn:catalog:UConn:CONN:00172501,TRUE,FALSE
inPublicationNotRound2,Vitis cinerea,gbifTaxonomy,GBIF,Vitis berlandieri Planch.,MEX,29.025,-102.125,c271a43c4c18c427fb2c268b1197c6be,TRUE,FALSE
inPublicationNotRound2,Vitis cinerea,gbifTaxonomy,GBIF,Vitis berlandieri Planch.,MEX,19.331472,-97.033811,3b5b0f247a9d5c357fd02626ec59f026,TRUE,FALSE
inPublicationNotRound2,Vitis cinerea,gbifTaxonomy,GBIF,Vitis berlandieri Planch.,MEX,23.061667,-99.205,399273d2fee179937986b19cff27216b,TRUE,FALSE
inPublicationNotRound2,Vitis cinerea,gbifTaxonomy,GBIF,Vitis berlandieri Planch.,MEX,19.974444,-96.794167,bf5c9d4ce0a3bfa91e3c777cd59ea269,TRUE,FALSE
inPublicationNotRound2,Vitis cinerea,gbifTaxonomy,GBIF,Vitis berlandieri Planch.,MEX,19.525556,-104.473333,21b862bc46e2cb6c6ffdd66dece8bcc5,TRUE,FALSE
inPublicationNotRound2,Vitis cinerea,gbifTaxonomy,GBIF,Vitis berlandieri Planch.,MEX,22.398333,-103.895278,ca409171994002cefc10b0ad5b3a5de7,TRUE,FALSE
inPublicationNotRound2,Vitis cinerea,gbifTaxonomy,GBIF,Vitis berlandieri Planch.,MEX,25.2,-101.333333,addbf19f990ac03449ddfff4c85b1b3c,TRUE,FALSE
inPublicationNotRound2,Vitis cinerea,gbifTaxonomy,GBIF,Vitis berlandieri Planch.,MEX,19.557222,-104.219444,84e14a018666cd5d26a7e3aa5d5e8040,TRUE,FALSE
inPublicationNotRound2,Vitis cinerea,gbifTaxonomy,GBIF,Vitis berlandieri Planch.,MEX,19.586944,-97.009167,8513691294cc61b1dff7a5e80df0cbff,TRUE,FALSE
inPublicationNotRound2,Vitis cinerea,gbifTaxonomy,GBIF,Vitis berlandieri Planch.,MEX,19.798611,-97.245278,a913edc107dc9e87c396109b048a3822,TRUE,FALSE
inPublicationNotRound2,Vitis cinerea,gbifTaxonomy,GBIF,Vitis berlandieri Planch.,MEX,24.825278,-100.048056,7a06760aa87debdeda19f51a2cc5d57c,TRUE,FALSE
inPublicationNotRound2,Vitis cinerea,gbifTaxonomy,GBIF,Vitis berlandieri Planch.,MEX,23.083889,-99.184167,184bd44c860a85145a333be93ddbcec3,TRUE,FALSE
inPublicationNotRound2,Vitis cinerea,gbifTaxonomy,GBIF,Vitis berlandieri Planch.,MEX,19.922778,-103.024444,16bfba4adb4c85f4f099cb9154a175fa,TRUE,FALSE
inPublicationNotRound2,Vitis cinerea,gbifTaxonomy,GBIF,Vitis berlandieri Planch.,MEX,22.560278,-99.166389,f4e5e71e250243ee5ecaf6135dfc9070,TRUE,FALSE
inPublicationNotRound2,Vitis cinerea,gbifTaxonomy,GBIF,Vitis berlandieri Planch.,MEX,19.765833,-104.355833,956bdf16e9698ddcbc93815ce4b85499,TRUE,FALSE
inPublicationNotRound2,Vitis cinerea,gbifTaxonomy,GBIF,Vitis berlandieri Planch.,MEX,22.965556,-99.624722,3d1def66ac9608ebc00c38f8dbd165b1,TRUE,FALSE
inPublicationNotRound2,Vitis cinerea,gbifTaxonomy,GBIF,Vitis berlandieri Planch.,MEX,19.998889,-97.330833,390e6b4a0b02329821bd622292d22a6f,TRUE,FALSE
inPublicationNotRound2,Vitis cinerea,gbifTaxonomy,GBIF,Vitis berlandieri Planch.,MEX,21.9325,-99.993889,cbf3bbafdaef9fa3bc754b14dfbf655c,TRUE,FALSE
inPublicationNotRound2,Vitis cinerea,gbifTaxonomy,GBIF,Vitis berlandieri Planch.,MEX,19.798611,-97.245278,781c4faf85e8220d53d1a04155febab8,TRUE,FALSE
inPublicationNotRound2,Vitis cinerea,gbifTaxonomy,GBIF,Vitis berlandieri Planch.,MEX,21.153333,-99.461667,a20aafc233429aa0377b07e12eb5a289,TRUE,FALSE
inPublicationNotRound2,Vitis cinerea,gbifTaxonomy,GBIF,Vitis berlandieri Planch.,MEX,20.074167,-97.098333,87ab05ac3099f28be034e8101c542620,TRUE,FALSE
inPublicationNotRound2,Vitis cinerea,gbifTaxonomy,GBIF,Vitis berlandieri Planch.,MEX,25.554444,-102.459444,d96edbfdd9ffcd2723c37d7ed3b4dd39,TRUE,FALSE
inPublicationNotRound2,Vitis cinerea,gbifTaxonomy,GBIF,Vitis berlandieri Planch.,MEX,19.823056,-104.41805600000001,05c60f60ccafd08fccae19bfbf5af593,TRUE,FALSE
inPublicationNotRound2,Vitis cinerea,gbifTaxonomy,GBIF,Vitis berlandieri Planch.,MEX,19.871667,-105.333333,88ab16927d219be7d37449e0331b366e,TRUE,FALSE
inPublicationNotRound2,Vitis cinerea,gbifTaxonomy,GBIF,Vitis berlandieri Planch.,MEX,19.418333,-103.351667,4844868aacf02248a716620ef1d51257,TRUE,FALSE
inPublicationNotRound2,Vitis cinerea,gbifTaxonomy,GBIF,Vitis berlandieri Planch.,MEX,19.678333,-104.325,c11313e5e50521999e5f0fe3b8cc6e73,TRUE,FALSE
inPublicationNotRound2,Vitis cinerea,gbifTaxonomy,GBIF,Vitis baileyana Munson,USA,36.060806,-78.885344,058426eb-8400-42f8-a74c-9b66254c2f43,TRUE,FALSE
inPublicationNotRound2,Vitis cinerea,gbifTaxonomy,GBIF,Vitis berlandieri Planch.,MEX,20.2,-104.741667,3809db047aecfd318edbdcff21e5a0ac,TRUE,FALSE
inPublicationNotRound2,Vitis cinerea,gbifTaxonomy,GBIF,Vitis berlandieri Planch.,MEX,18.254051,-95.936907,75df47050d579c5a7cf17a3024dcc315,TRUE,FALSE
inPublicationNotRound2,Vitis cinerea,gbifTaxonomy,GBIF,Vitis berlandieri Planch.,MEX,19.55,-96.966667,a7ec21f64d9aefd99e6c992037203822,TRUE,FALSE
inPublicationNotRound2,Vitis cinerea,gbifTaxonomy,GBIF,Vitis berlandieri Planch.,MEX,18.254051,-95.936907,f95beaaaf19a310a2fff51fdd2ff141d,TRUE,FALSE
inPublicationNotRound2,Vitis cinerea,gbifTaxonomy,GBIF,Vitis berlandieri Planch.,MEX,19.408333,-101.658333,3097515e34db0d86b8de7f293b0650e4,TRUE,FALSE
inPublicationNotRound2,Vitis cinerea,gbifTaxonomy,GBIF,Vitis berlandieri Planch.,MEX,23.995833,-105.483611,051d705661e8663ce89c7259d66a05b4,TRUE,FALSE
inPublicationNotRound2,Vitis cinerea,gbifTaxonomy,GBIF,Vitis berlandieri Planch.,MEX,23.000472,-104.00042,3ffae3f335c9e248a95e2f8f525d7c65,TRUE,FALSE
inPublicationNotRound2,Vitis cinerea,gbifTaxonomy,GBIF,Vitis berlandieri Planch.,MEX,24.735833,-105.008611,571e8313e406a05ddbe0782049c5763c,TRUE,FALSE
inPublicationNotRound2,Vitis cinerea,gbifTaxonomy,GBIF,Vitis baileyana Munson,USA,34.9907,-90.1308,42eaf903-9487-4607-bb3c-d2fe30a6ad9d,TRUE,FALSE
inPublicationNotRound2,Vitis cinerea,gbifTaxonomy,GBIF,Vitis berlandieri Planch.,MEX,25.2,-101.333333,c61f307ea07e9ef3966d1d3d87085c83,TRUE,FALSE
inPublicationNotRound2,Vitis cinerea,gbifTaxonomy,GBIF,Vitis berlandieri Planch.,USA,29.565278,-98.764167,https://specieslink.net/guid/40/390058,TRUE,FALSE
inPublicationNotRound2,Vitis cinerea,gbifTaxonomy,GBIF,Vitis berlandieri Planch.,MEX,24.655194,-98.685889,ae4cb73d692ceaf54861caadf9b45144,TRUE,FALSE
inPublicationNotRound2,Vitis cinerea,gbifTaxonomy,GBIF,Vitis berlandieri Planch.,MEX,24.158333,-99.491667,ea13e169c04003822d6197fbb14fcc75,TRUE,FALSE
inPublicationNotRound2,Vitis cinerea,gbifTaxonomy,GBIF,Vitis berlandieri Planch.,USA,31.505149,-97.161539,76d2a7fd-72c7-4f06-beee-18482928f8a2,TRUE,FALSE
inPublicationNotRound2,Vitis cinerea,gbifTaxonomy,GBIF,Vitis berlandieri Planch.,USA,30.264543,-97.757519,d5be600e-b1ce-416e-b9aa-8e69a6df2c85,TRUE,FALSE
inPublicationNotRound2,Vitis cinerea,gbifTaxonomy,GBIF,Vitis berlandieri Planch.,USA,29.54759,-98.76534,592b599f-92e9-40ab-a7c1-6c4068d9bd47,TRUE,FALSE
inPublicationNotRound2,Vitis cinerea,gbifTaxonomy,GBIF,Vitis berlandieri Planch.,USA,31.51796,-97.17989,a16e9808-fb23-47c8-9759-b1f769545430,TRUE,FALSE
inPublicationNotRound2,Vitis cinerea,gbifTaxonomy,GBIF,Vitis baileyana Munson,USA,35.17275,-80.76953,e3685032-e6a1-4cae-8d09-826aef47886d,TRUE,FALSE
inPublicationNotRound2,Vitis cinerea,gbifTaxonomy,GBIF,Vitis baileyana Munson,USA,39.043736,-76.762596,30b0c0c4-e4d0-44af-b555-376da7007673,TRUE,FALSE
inPublicationNotRound2,Vitis cinerea,gbifTaxonomy,GBIF,Vitis baileyana Munson,USA,32.40893,-88.50704,b837ab74-6ba3-466f-9e29-1efbcad8e07d,TRUE,FALSE
inPublicationNotRound2,Vitis cinerea,gbifTaxonomy,GBIF,Vitis baileyana Munson,USA,33.38742,-89.40584,c6fbd5f2-fb87-458e-abaf-be08f50d5ba1,TRUE,FALSE
inPublicationNotRound2,Vitis cinerea,gbifTaxonomy,GBIF,Vitis baileyana Munson,USA,34.9907,-90.1308,b8d48b90-39b2-48e1-875d-c3cc5ed15f69,TRUE,FALSE
inPublicationNotRound2,Vitis cinerea,gbifTaxonomy,GBIF,Vitis baileyana Munson,USA,31.9,-87.38,UNA00009587,TRUE,FALSE
inPublicationNotRound2,Vitis cinerea,gbifTaxonomy,GBIF,Vitis simpsonii Munson,USA,37.850196,-78.153845,89aaa4b6-33da-473b-b79a-43132c7a3387,TRUE,FALSE
inPublicationNotRound2,Vitis cinerea,gbifTaxonomy,GBIF,Vitis baileyana Munson,USA,37.42283,-78.660247,fd1602cf-5bc4-4791-8054-f3d39c61588a,TRUE,FALSE
inPublicationNotRound2,Vitis cinerea,gbifTaxonomy,GBIF,Vitis simpsonii Munson,USA,38.010867,-78.201923,f897be04-6f80-4cd3-94a5-2a0f095fe92b,TRUE,FALSE
inPublicationNotRound2,Vitis cinerea,gbifTaxonomy,GBIF,Vitis simpsonii Munson,USA,37.677937,-77.835563,1d6f86db-b772-4bc8-a5d0-b86a428dcbea,TRUE,FALSE
inPublicationNotRound2,Vitis cinerea,gbifTaxonomy,GBIF,Vitis baileyana Munson,USA,37.566681,-78.255354,05bfcbf4-652f-4c73-bcf8-bc9fc2d74cce,TRUE,FALSE
inPublicationNotRound2,Vitis cinerea,gbifTaxonomy,GBIF,Vitis simpsonii Munson,USA,38.610616,-77.250468,40df1516-2e92-4598-949c-982f1d89eaf5,TRUE,FALSE
inPublicationNotRound2,Vitis cinerea,gbifTaxonomy,GBIF,Vitis berlandieri Planch.,USA,29.640681,-98.625978,https://www.inaturalist.org/observations/213133444,TRUE,FALSE
inPublicationNotRound2,Vitis cinerea,gbifTaxonomy,GBIF,Vitis berlandieri Planch.,USA,32.33139,-100.09889,G00493772,TRUE,FALSE
inPublicationNotRound2,Vitis cinerea,gbifTaxonomy,GBIF,Vitis berlandieri Planch.,USA,32.33139,-100.09889,G00493873,TRUE,FALSE
inPublicationNotRound2,Vitis cinerea,gbifTaxonomy,GBIF,Vitis berlandieri Planch.,USA,32.33139,-100.09889,G00493859,TRUE,FALSE
inPublicationNotRound2,Vitis cinerea,gbifTaxonomy,GBIF,Vitis berlandieri Planch.,USA,29.621883,-99.17382,https://www.inaturalist.org/observations/63190470,TRUE,FALSE
inPublicationNotRound2,Vitis cinerea,gbifTaxonomy,GBIF,Vitis berlandieri Planch.,MEX,19.608889,-104.271667,1249751ca0f9cac3dc24a3a119e78399,TRUE,FALSE
inPublicationNotRound2,Vitis cinerea,gbifTaxonomy,GBIF,Vitis berlandieri Planch.,MEX,16.702783,-91.9931,b61e56f071b31955d92ae08812297e8e,TRUE,FALSE
inPublicationNotRound2,Vitis cinerea,gbifTaxonomy,GBIF,Vitis berlandieri Planch.,MEX,19.888333,-97.388333,9b5438a84e2bc69464a8cb240658d97c,TRUE,FALSE
inPublicationNotRound2,Vitis cinerea,gbifTaxonomy,GBIF,Vitis baileyana Munson,USA,33.68454,-89.689731,c5b21aca-3246-48dd-a19e-1ddfb40a6b1c,TRUE,FALSE
inPublicationNotRound2,Vitis cinerea,gbifTaxonomy,GBIF,Vitis berlandieri Planch.,USA,33.235667,-97.133254,9eb5fc5b-f827-4e93-885d-d133bbaa424d,TRUE,FALSE
inPublicationNotRound2,Vitis cinerea,gbifTaxonomy,GBIF,Vitis berlandieri Planch.,MEX,19.566667,-104.25,f689a8cce3e2f36c4172891ed2dc2e9e,TRUE,FALSE
inPublicationNotRound2,Vitis cinerea,gbifTaxonomy,GBIF,Vitis berlandieri Planch.,MEX,18.253333,-95.936667,2a120e5077e35b883755e7b4aed44c45,TRUE,FALSE
inPublicationNotRound2,Vitis cinerea,gbifTaxonomy,GBIF,Vitis berlandieri Planch.,MEX,25.2,-101.333333,8ce6ae9d-8bc2-4445-b176-ab99c6374b30,TRUE,FALSE
inPublicationNotRound2,Vitis cinerea,gbifTaxonomy,GBIF,Vitis berlandieri Planch.,MEX,19.331472,-97.033811,urn:catalog:FC-UNAM:FCME:NO DISPONIBLE:62d28a16a019a2f0ad17a7cfed2fc2dc,TRUE,FALSE
inPublicationNotRound2,Vitis cinerea,gbifTaxonomy,GBIF,Vitis berlandieri Planch.,MEX,19.744722,-104.41,urn:catalog:MO:Tropicos:2126087,TRUE,FALSE
inPublicationNotRound2,Vitis cinerea,gbifTaxonomy,GBIF,Vitis berlandieri Planch.,MEX,22.226594,-98.948581,5c41e0d04eeb9d8fe12e4bd21189ca03,TRUE,FALSE
inPublicationNotRound2,Vitis cinerea,gbifTaxonomy,GBIF,Vitis berlandieri Planch.,MEX,25.613333,-100.356111,bac6b556bfc4f05cf09774f00b8cc055,TRUE,FALSE
inPublicationNotRound2,Vitis cinerea,gbifTaxonomy,GBIF,Vitis berlandieri Planch.,MEX,25.338889000000002,-100.271389,6e4bad64b4b5b323df667655b7bff434,TRUE,FALSE
inPublicationNotRound2,Vitis cinerea,gbifTaxonomy,GBIF,Vitis berlandieri Planch.,MEX,25.191944,-100.130556,bf8bff8f409e6f3c61ad31967bcc7f4f,TRUE,FALSE
inPublicationNotRound2,Vitis cinerea,gbifTaxonomy,GBIF,Vitis berlandieri Planch.,MEX,23.372778,-104.300833,75b16e1a06ab107ffaf634951d9cb142,TRUE,FALSE
inPublicationNotRound2,Vitis cinerea,gbifTaxonomy,GBIF,Vitis berlandieri Planch.,MEX,24.658333,-98.691667,7eb0284f53d7e211f47f1e900c2fc0bf,TRUE,FALSE
inPublicationNotRound2,Vitis cinerea,gbifTaxonomy,GBIF,Vitis berlandieri Planch.,MEX,24.658333,-98.691667,dd1e39b68e730b26f04315cf5c572d96,TRUE,FALSE
inPublicationNotRound2,Vitis cinerea,gbifTaxonomy,GBIF,Vitis berlandieri Planch.,MEX,24.558333,-98.908333,3c9d3144f595dcaba2ea8c8147976895,TRUE,FALSE
inPublicationNotRound2,Vitis cinerea,gbifTaxonomy,GBIF,Vitis berlandieri Planch.,MEX,24.525,-98.958333,9686317af6ce0305ffa0bbd163c53e80,TRUE,FALSE
inPublicationNotRound2,Vitis cinerea,gbifTaxonomy,GBIF,Vitis berlandieri Planch.,MEX,24.525,-98.958333,e86e3fb11400748040ccd6b20dd168d8,TRUE,FALSE
inPublicationNotRound2,Vitis cinerea,gbifTaxonomy,GBIF,Vitis baileyana Munson,USA,39.060553,-78.076074,SWLCP2_BLAN_2012_Ground_Vitis baileyana,TRUE,FALSE
inPublicationNotRound2,Vitis cinerea,gbifTaxonomy,GBIF,Vitis berlandieri var. tomentosa Planch.,MEX,23.9747,-99.7349,http://n2t.net/ark:/65665/34182e01a-a95e-413f-b458-eb2769294859,FALSE,TRUE
inPublicationNotRound2,Vitis cinerea,gbifTaxonomy,GBIF,Vitis berlandieri var. tomentosa Planch.,MEX,29.2636,-100.971,http://n2t.net/ark:/65665/31321e518-574c-4061-9508-b05e62263d24,FALSE,TRUE
inPublicationNotRound2,Vitis cinerea,gbifTaxonomy,GBIF,Vitis berlandieri var. tomentosa Planch.,MEX,29.0741,-100.679,http://n2t.net/ark:/65665/35e4082e2-c622-4661-b28e-044afa3b962e,FALSE,TRUE
inPublicationNotRound2,Vitis cinerea,gbifTaxonomy,GBIF,Vitis berlandieri var. tomentosa Planch.,MEX,25.396,-100.797,http://n2t.net/ark:/65665/31723e0d3-5196-45c4-b3ea-5d4abbfd3cbd,FALSE,TRUE
inPublicationNotRound2,Vitis cinerea,gbifTaxonomy,GBIF,Vitis berlandieri var. tomentosa Planch.,MEX,27.9703,-101.581,http://n2t.net/ark:/65665/3e8048a07-a4df-415b-ae44-962dc322d604,FALSE,TRUE
inPublicationNotRound2,Vitis cinerea,gbifTaxonomy,GBIF,Vitis berlandieri var. tomentosa Planch.,MEX,25.3214,-101.401,http://n2t.net/ark:/65665/3860de1e6-4cf5-4888-8edf-bde10026ebef,FALSE,TRUE
inPublicationNotRound2,Vitis cinerea,gbifTaxonomy,GBIF,Vitis berlandieri var. tomentosa Planch.,MEX,28.4183,-100.891,http://n2t.net/ark:/65665/3ef6dcf66-c94e-4159-b7f3-7e815d9d11ca,FALSE,TRUE
inPublicationNotRound2,Vitis cinerea,gbifTaxonomy,GBIF,Vitis berlandieri var. tomentosa Planch.,MEX,23.9747,-99.7349,http://n2t.net/ark:/65665/320a2ff10-9bf5-45da-8290-2fda20fb5b1e,FALSE,TRUE
inPublicationNotRound2,Vitis cinerea,gbifTaxonomy,GBIF,Vitis berlandieri var. tomentosa Planch.,MEX,25.3779,-100.791,http://n2t.net/ark:/65665/31952a939-6711-40ce-9fe0-c86978663f23,FALSE,TRUE
inPublicationNotRound2,Vitis cinerea,gbifTaxonomy,GBIF,Vitis berlandieri var. tomentosa Planch.,MEX,29.2636,-100.971,http://n2t.net/ark:/65665/31bac6153-2ee2-4316-97d4-02a29186034f,FALSE,TRUE
inPublicationNotRound2,Vitis cinerea,gbifTaxonomy,GBIF,Vitis berlandieri var. tomentosa Planch.,MEX,23.9733,-99.7375,http://n2t.net/ark:/65665/388631d68-5bd8-4d8b-80aa-c90c70b09d4c,FALSE,TRUE
inPublicationNotRound2,Vitis cinerea,gbifTaxonomy,GBIF,Vitis berlandieri Planch.,MEX,NA,NA,de16852b-e546-49b1-953e-0f7993f669f2,TRUE,FALSE
inPublicationNotRound2,Vitis cinerea,gbifTaxonomy,GBIF,Vitis baileyana Munson,USA,NA,NA,https://data.biodiversitydata.nl/naturalis/specimen/L.2338946,TRUE,FALSE
inPublicationNotRound2,Vitis cinerea,gbifTaxonomy,GBIF,Vitis baileyana Munson,USA,NA,NA,https://specieslink.net/guid/1/108677,TRUE,FALSE
inPublicationNotRound2,Vitis cinerea,gbifTaxonomy,GBIF,Vitis berlandieri Planch.,NA,NA,NA,https://data.biodiversitydata.nl/naturalis/specimen/L.2338956,TRUE,FALSE
inPublicationNotRound2,Vitis cinerea,gbifTaxonomy,GBIF,Vitis berlandieri Planch.,MEX,NA,NA,https://data.biodiversitydata.nl/naturalis/specimen/L.2338954,TRUE,FALSE
inPublicationNotRound2,Vitis cinerea,gbifTaxonomy,GBIF,Vitis baileyana Munson,USA,NA,NA,https://data.biodiversitydata.nl/naturalis/specimen/U.1770369,TRUE,FALSE
inPublicationNotRound2,Vitis cinerea,gbifTaxonomy,GBIF,Vitis berlandieri Planch.,USA,NA,NA,https://data.biodiversitydata.nl/naturalis/specimen/L.2338955,TRUE,FALSE
inPublicationNotRound2,Vitis cinerea,gbifTaxonomy,GBIF,Vitis berlandieri Planch.,NA,NA,NA,https://data.biodiversitydata.nl/naturalis/specimen/L.2338957,TRUE,FALSE
inPublicationNotRound2,Vitis cinerea,gbifTaxonomy,GBIF,Vitis baileyana Munson,NA,NA,NA,http://id.luomus.fi/MY.4766817,TRUE,FALSE
inPublicationNotRound2,Vitis cinerea,gbifTaxonomy,GBIF,Vitis baileyana Munson,NA,NA,NA,http://id.luomus.fi/MY.4766820,TRUE,FALSE
inPublicationNotRound2,Vitis cinerea,gbifTaxonomy,GBIF,Vitis baileyana Munson,USA,NA,NA,b906f7d4-1b3e-4558-8455-32f40e5d0c8b,TRUE,FALSE
inPublicationNotRound2,Vitis cinerea,gbifTaxonomy,GBIF,Vitis baileyana Munson,USA,NA,NA,5f7e7bcc-7490-40a8-b810-6b5dfec5eea0,TRUE,FALSE
inPublicationNotRound2,Vitis cinerea,gbifTaxonomy,GBIF,Vitis simpsonii Munson,USA,NA,NA,a41471d2-e12e-45b4-8b5b-5604d2f4b96f,TRUE,FALSE
inPublicationNotRound2,Vitis cinerea,gbifTaxonomy,GBIF,Vitis berlandieri Planch.,MEX,NA,NA,f6364bd1ccc4f2dfda5903004dba8852,TRUE,FALSE
inPublicationNotRound2,Vitis cinerea,gbifTaxonomy,GBIF,Vitis baileyana Munson,NA,NA,NA,3F02A28EF2C04C2CA4BCCDCB0FAA0590,TRUE,FALSE
inPublicationNotRound2,Vitis cinerea,gbifTaxonomy,GBIF,Vitis berlandieri Planch.,NA,NA,NA,2C100A82166541A09DF9BC66CD412664,TRUE,FALSE
inPublicationNotRound2,Vitis cinerea,gbifTaxonomy,GBIF,Vitis berlandieri Planch.,NA,NA,NA,B57D57F87AD048F6BD088091C448A282,TRUE,FALSE
inPublicationNotRound2,Vitis cinerea,gbifTaxonomy,GBIF,Vitis virginiana Munson,NA,NA,NA,urn:catalog:JBRJ:RB:452330,FALSE,TRUE
inPublicationNotRound2,Vitis cinerea,gbifTaxonomy,GBIF,Vitis helleri (L.H.Bailey) Small,USA,NA,NA,88df51b6-33e6-4e2e-b03a-f9dcce348d69,FALSE,TRUE
inPublicationNotRound2,Vitis cinerea,gbifTaxonomy,GBIF,Vitis berlandieri Planch.,USA,NA,NA,3711d111-0902-4f63-a8e5-2d19f1205cd5,TRUE,FALSE
inPublicationNotRound2,Vitis cinerea,gbifTaxonomy,GBIF,Vitis berlandieri Planch.,USA,NA,NA,d4476ae3-93a9-4455-9b07-a5fa41497ee1,TRUE,FALSE
inPublicationNotRound2,Vitis cinerea,gbifTaxonomy,GBIF,Vitis berlandieri Planch.,MEX,NA,NA,05f56d6b-7c53-4a7d-b2ab-4f36209f6214,TRUE,FALSE
inPublicationNotRound2,Vitis cinerea,gbifTaxonomy,GBIF,Vitis berlandieri Planch.,USA,NA,NA,cbfd9a63-4f78-4257-8f2e-a14ad6753781,TRUE,FALSE
inPublicationNotRound2,Vitis cinerea,gbifTaxonomy,GBIF,Vitis berlandieri Planch.,USA,NA,NA,ac96e7ae-e809-4361-9006-45f1942e12ca,TRUE,FALSE
inPublicationNotRound2,Vitis cinerea,gbifTaxonomy,GBIF,Vitis berlandieri Planch.,USA,NA,NA,952c13fa-d5c4-4b6a-8df7-f8d647f57dde,TRUE,FALSE
inPublicationNotRound2,Vitis cinerea,gbifTaxonomy,GBIF,Vitis berlandieri Planch.,USA,NA,NA,a237e93b-ca6c-41ce-92ba-068b6cc38782,TRUE,FALSE
inPublicationNotRound2,Vitis cinerea,gbifTaxonomy,GBIF,Vitis berlandieri Planch.,USA,NA,NA,de721c6d-28e5-401b-b193-f4b951d5b1fa,TRUE,FALSE
inPublicationNotRound2,Vitis cinerea,gbifTaxonomy,GBIF,Vitis berlandieri Planch.,USA,NA,NA,f5a0ef31-e019-44de-aa39-ac9677a2b08a,TRUE,FALSE
inPublicationNotRound2,Vitis cinerea,gbifTaxonomy,GBIF,Vitis berlandieri Planch.,USA,NA,NA,fa5e7ff3-afb9-4a66-a727-e99df705336e,TRUE,FALSE
inPublicationNotRound2,Vitis cinerea,gbifTaxonomy,GBIF,Vitis berlandieri Planch.,USA,NA,NA,85d21d13-eea7-4b14-bd6d-8597c40e3eba,TRUE,FALSE
inPublicationNotRound2,Vitis cinerea,gbifTaxonomy,GBIF,Vitis baileyana Munson,USA,NA,NA,7408045,TRUE,FALSE
inPublicationNotRound2,Vitis cinerea,gbifTaxonomy,GBIF,Vitis baileyana Munson,USA,NA,NA,urn:catalog:MO:Tropicos:103579076,TRUE,FALSE
inPublicationNotRound2,Vitis cinerea,gbifTaxonomy,GBIF,Vitis berlandieri Planch.,USA,NA,NA,urn:catalog:MO:Tropicos:1397129,TRUE,FALSE
inPublicationNotRound2,Vitis cinerea,gbifTaxonomy,GBIF,Vitis berlandieri Planch.,MEX,NA,NA,urn:catalog:MO:Tropicos:1411033,TRUE,FALSE
inPublicationNotRound2,Vitis cinerea,gbifTaxonomy,GBIF,Vitis berlandieri Planch.,USA,NA,NA,urn:catalog:MO:Tropicos:1395339,TRUE,FALSE
inPublicationNotRound2,Vitis cinerea,gbifTaxonomy,GBIF,Vitis berlandieri Planch.,USA,NA,NA,urn:catalog:MO:Tropicos:1396563,TRUE,FALSE
inPublicationNotRound2,Vitis cinerea,gbifTaxonomy,GBIF,Vitis berlandieri Planch.,USA,NA,NA,urn:catalog:MO:Tropicos:1399455,TRUE,FALSE
inPublicationNotRound2,Vitis cinerea,gbifTaxonomy,GBIF,Vitis baileyana Munson,USA,NA,NA,urn:catalog:MO:Tropicos:103594482,TRUE,FALSE
inPublicationNotRound2,Vitis cinerea,gbifTaxonomy,GBIF,Vitis berlandieri Planch.,USA,NA,NA,urn:catalog:MO:Tropicos:1397109,TRUE,FALSE
inPublicationNotRound2,Vitis cinerea,gbifTaxonomy,GBIF,Vitis berlandieri Planch.,USA,NA,NA,urn:catalog:MO:Tropicos:1400127,TRUE,FALSE
inPublicationNotRound2,Vitis cinerea,gbifTaxonomy,GBIF,Vitis berlandieri Planch.,MEX,NA,NA,urn:catalog:MO:Tropicos:2125359,TRUE,FALSE
inPublicationNotRound2,Vitis cinerea,gbifTaxonomy,GBIF,Vitis berlandieri Planch.,MEX,NA,NA,urn:catalog:MO:Tropicos:1411036,TRUE,FALSE
inPublicationNotRound2,Vitis cinerea,gbifTaxonomy,GBIF,Vitis berlandieri Planch.,USA,NA,NA,urn:catalog:MO:Tropicos:1395338,TRUE,FALSE
inPublicationNotRound2,Vitis cinerea,gbifTaxonomy,GBIF,Vitis berlandieri Planch.,MEX,NA,NA,urn:catalog:MO:Tropicos:102049839,TRUE,FALSE
inPublicationNotRound2,Vitis cinerea,gbifTaxonomy,GBIF,Vitis berlandieri Planch.,USA,NA,NA,urn:catalog:MO:Tropicos:1395397,TRUE,FALSE
inPublicationNotRound2,Vitis cinerea,gbifTaxonomy,GBIF,Vitis berlandieri Planch.,MEX,NA,NA,urn:catalog:MO:Tropicos:1411075,TRUE,FALSE
inPublicationNotRound2,Vitis cinerea,gbifTaxonomy,GBIF,Vitis berlandieri Planch.,USA,NA,NA,urn:catalog:MO:Tropicos:1400113,TRUE,FALSE
inPublicationNotRound2,Vitis cinerea,gbifTaxonomy,GBIF,Vitis berlandieri Planch.,USA,NA,NA,urn:catalog:MO:Tropicos:1395778,TRUE,FALSE
inPublicationNotRound2,Vitis cinerea,gbifTaxonomy,GBIF,Vitis berlandieri Planch.,USA,NA,NA,urn:catalog:MO:Tropicos:1395789,TRUE,FALSE
inPublicationNotRound2,Vitis cinerea,gbifTaxonomy,GBIF,Vitis berlandieri Planch.,USA,NA,NA,urn:catalog:MO:Tropicos:1400187,TRUE,FALSE
inPublicationNotRound2,Vitis cinerea,gbifTaxonomy,GBIF,Vitis berlandieri Planch.,USA,NA,NA,urn:catalog:MO:Tropicos:1395409,TRUE,FALSE
inPublicationNotRound2,Vitis cinerea,gbifTaxonomy,GBIF,Vitis berlandieri Planch.,USA,NA,NA,urn:catalog:MO:Tropicos:1396534,TRUE,FALSE
inPublicationNotRound2,Vitis cinerea,gbifTaxonomy,GBIF,Vitis berlandieri Planch.,MEX,NA,NA,urn:catalog:MO:Tropicos:2124837,TRUE,FALSE
inPublicationNotRound2,Vitis cinerea,gbifTaxonomy,GBIF,Vitis berlandieri Planch.,USA,NA,NA,urn:catalog:MO:Tropicos:1397107,TRUE,FALSE
inPublicationNotRound2,Vitis cinerea,gbifTaxonomy,GBIF,Vitis berlandieri Planch.,USA,NA,NA,urn:catalog:MO:Tropicos:1395340,TRUE,FALSE
inPublicationNotRound2,Vitis cinerea,gbifTaxonomy,GBIF,Vitis berlandieri Planch.,MEX,NA,NA,urn:catalog:MO:Tropicos:2124970,TRUE,FALSE
inPublicationNotRound2,Vitis cinerea,gbifTaxonomy,GBIF,Vitis berlandieri Planch.,USA,NA,NA,urn:catalog:MO:Tropicos:1397110,TRUE,FALSE
inPublicationNotRound2,Vitis cinerea,gbifTaxonomy,GBIF,Vitis berlandieri Planch.,USA,NA,NA,urn:catalog:MO:Tropicos:1395332,TRUE,FALSE
inPublicationNotRound2,Vitis cinerea,gbifTaxonomy,GBIF,Vitis berlandieri Planch.,USA,NA,NA,urn:catalog:MO:Tropicos:1414135,TRUE,FALSE
inPublicationNotRound2,Vitis cinerea,gbifTaxonomy,GBIF,Vitis berlandieri Planch.,USA,NA,NA,urn:catalog:MO:Tropicos:1395330,TRUE,FALSE
inPublicationNotRound2,Vitis cinerea,gbifTaxonomy,GBIF,Vitis berlandieri Planch.,USA,NA,NA,urn:catalog:MO:Tropicos:1395411,TRUE,FALSE
inPublicationNotRound2,Vitis cinerea,gbifTaxonomy,GBIF,Vitis berlandieri Planch.,USA,NA,NA,urn:catalog:MO:Tropicos:1397130,TRUE,FALSE
inPublicationNotRound2,Vitis cinerea,gbifTaxonomy,GBIF,Vitis berlandieri Planch.,USA,NA,NA,urn:catalog:MO:Tropicos:1395334,TRUE,FALSE
inPublicationNotRound2,Vitis cinerea,gbifTaxonomy,GBIF,Vitis berlandieri Planch.,USA,NA,NA,urn:catalog:MO:Tropicos:1395050,TRUE,FALSE
inPublicationNotRound2,Vitis cinerea,gbifTaxonomy,GBIF,Vitis berlandieri Planch.,USA,NA,NA,urn:catalog:MO:Tropicos:1395344,TRUE,FALSE
inPublicationNotRound2,Vitis cinerea,gbifTaxonomy,GBIF,Vitis berlandieri Planch.,USA,NA,NA,urn:catalog:MO:Tropicos:1396532,TRUE,FALSE
inPublicationNotRound2,Vitis cinerea,gbifTaxonomy,GBIF,Vitis berlandieri Planch.,USA,NA,NA,urn:catalog:MO:Tropicos:1397108,TRUE,FALSE
inPublicationNotRound2,Vitis cinerea,gbifTaxonomy,GBIF,Vitis berlandieri Planch.,USA,NA,NA,urn:catalog:MO:Tropicos:1397131,TRUE,FALSE
inPublicationNotRound2,Vitis cinerea,gbifTaxonomy,GBIF,Vitis berlandieri Planch.,USA,NA,NA,urn:catalog:MO:Tropicos:103498918,TRUE,FALSE
inPublicationNotRound2,Vitis cinerea,gbifTaxonomy,GBIF,Vitis berlandieri Planch.,USA,NA,NA,urn:catalog:MO:Tropicos:1396558,TRUE,FALSE
inPublicationNotRound2,Vitis cinerea,gbifTaxonomy,GBIF,Vitis berlandieri Planch.,MEX,NA,NA,e2e38b1110360bb5782f137c00653a9b,TRUE,FALSE
inPublicationNotRound2,Vitis cinerea,gbifTaxonomy,GBIF,Vitis berlandieri Planch.,MEX,NA,NA,c3dac421e7f8146101042c257567dec8,TRUE,FALSE
inPublicationNotRound2,Vitis cinerea,gbifTaxonomy,GBIF,Vitis berlandieri Planch.,MEX,NA,NA,d74eb33cfe57b1107b30d70825ea2ee2,TRUE,FALSE
inPublicationNotRound2,Vitis cinerea,gbifTaxonomy,GBIF,Vitis berlandieri Planch.,USA,NA,NA,3ff81c5ca8bdc8660fffb2e0ecdc8984,TRUE,FALSE
inPublicationNotRound2,Vitis cinerea,gbifTaxonomy,GBIF,Vitis berlandieri Planch.,MEX,NA,NA,62243fd829fc89ce91c1afa45ed63ce9,TRUE,FALSE
inPublicationNotRound2,Vitis cinerea,gbifTaxonomy,GBIF,Vitis baileyana Munson,USA,NA,NA,121c70e62587ed0602a9eec2eea47a03,TRUE,FALSE
inPublicationNotRound2,Vitis cinerea,gbifTaxonomy,GBIF,Vitis berlandieri Planch.,MEX,NA,NA,69c8a2d820470b7ed0125d4cf94c80a0,TRUE,FALSE
inPublicationNotRound2,Vitis cinerea,gbifTaxonomy,GBIF,Vitis berlandieri Planch.,MEX,NA,NA,608b45fcdbd689f3cbbd06cc1d80dea3,TRUE,FALSE
inPublicationNotRound2,Vitis cinerea,gbifTaxonomy,GBIF,Vitis berlandieri Planch.,MEX,NA,NA,e75f31b52652f5864744be9f5dd86ad3,TRUE,FALSE
inPublicationNotRound2,Vitis cinerea,gbifTaxonomy,GBIF,Vitis berlandieri Planch.,MEX,NA,NA,d8d2a4763609663d61432fbfb20c92c9,TRUE,FALSE
inPublicationNotRound2,Vitis cinerea,gbifTaxonomy,GBIF,Vitis berlandieri Planch.,MEX,NA,NA,c75750e51cf68becd61c574ecc93b5ac,TRUE,FALSE
inPublicationNotRound2,Vitis cinerea,gbifTaxonomy,GBIF,Vitis berlandieri Planch.,MEX,NA,NA,2394ee26010c0be709bb7abc0245e5e2,TRUE,FALSE
inPublicationNotRound2,Vitis cinerea,gbifTaxonomy,GBIF,Vitis berlandieri Planch.,USA,NA,NA,169d7dda3bca475e6e6b24b3b3127676,TRUE,FALSE
inPublicationNotRound2,Vitis cinerea,gbifTaxonomy,GBIF,Vitis berlandieri Planch.,MEX,NA,NA,a1636b38e12aa8807b944b65aead4f7c,TRUE,FALSE
inPublicationNotRound2,Vitis cinerea,gbifTaxonomy,GBIF,Vitis berlandieri Planch.,MEX,NA,NA,e283428f08d2c410256fc5b173bfbb13,TRUE,FALSE
inPublicationNotRound2,Vitis cinerea,gbifTaxonomy,GBIF,Vitis berlandieri Planch.,MEX,NA,NA,9a696e2bdee99425192d8c9ba1883582,TRUE,FALSE
inPublicationNotRound2,Vitis cinerea,gbifTaxonomy,GBIF,Vitis berlandieri Planch.,MEX,NA,NA,f5e2b253e708121cb8ce5eb9bd7251ac,TRUE,FALSE
inPublicationNotRound2,Vitis cinerea,gbifTaxonomy,GBIF,Vitis berlandieri Planch.,MEX,NA,NA,8cf212802c30402ef62e7058ae3fa4b5,TRUE,FALSE
inPublicationNotRound2,Vitis cinerea,gbifTaxonomy,GBIF,Vitis berlandieri Planch.,MEX,NA,NA,2c90c141d3e20526ebe0e6c99e5273d7,TRUE,FALSE
inPublicationNotRound2,Vitis cinerea,gbifTaxonomy,GBIF,Vitis berlandieri Planch.,MEX,NA,NA,21a41f6b7f712f0828e7e9546feae44a,TRUE,FALSE
inPublicationNotRound2,Vitis cinerea,gbifTaxonomy,GBIF,Vitis berlandieri Planch.,MEX,NA,NA,9569cb058a0d1b7ba42b60604ac6945f,TRUE,FALSE
inPublicationNotRound2,Vitis cinerea,gbifTaxonomy,GBIF,Vitis berlandieri Planch.,MEX,NA,NA,510f4319b1197abebeaece449eac53f8,TRUE,FALSE
inPublicationNotRound2,Vitis cinerea,gbifTaxonomy,GBIF,Vitis berlandieri Planch.,MEX,NA,NA,c9ace850122fffe9d3918afd8658ab91,TRUE,FALSE
inPublicationNotRound2,Vitis cinerea,gbifTaxonomy,GBIF,Vitis berlandieri Planch.,MEX,NA,NA,5e09ddfe248ff6e9854e730dcb66b1ee,TRUE,FALSE
inPublicationNotRound2,Vitis cinerea,gbifTaxonomy,GBIF,Vitis berlandieri Planch.,MEX,NA,NA,http://n2t.net/ark:/65665/315a74c3f-faf9-4ab4-a52b-acd701fee8bb,TRUE,FALSE
inPublicationNotRound2,Vitis cinerea,gbifTaxonomy,GBIF,Vitis simpsonii Munson,USA,NA,NA,http://n2t.net/ark:/65665/359c1d3c3-0ce9-4df0-8bde-a7bd7534ad3e,TRUE,FALSE
inPublicationNotRound2,Vitis cinerea,gbifTaxonomy,GBIF,Vitis berlandieri Planch.,USA,NA,NA,http://n2t.net/ark:/65665/33da2ced5-a209-4dda-bd8e-00e7854bda31,TRUE,FALSE
inPublicationNotRound2,Vitis cinerea,gbifTaxonomy,GBIF,Vitis baileyana Munson,USA,NA,NA,http://n2t.net/ark:/65665/3cee9dcae-8a1a-4f32-833c-924b75f9929d,TRUE,FALSE
inPublicationNotRound2,Vitis cinerea,gbifTaxonomy,GBIF,Vitis simpsonii Munson,USA,NA,NA,http://n2t.net/ark:/65665/3079f3f9b-9c7d-46f8-865b-fff10dd144c8,TRUE,FALSE
inPublicationNotRound2,Vitis cinerea,gbifTaxonomy,GBIF,Vitis berlandieri Planch.,MEX,NA,NA,http://n2t.net/ark:/65665/3b6821d5c-dfec-4591-8a4b-1dc5d3630738,TRUE,FALSE
inPublicationNotRound2,Vitis cinerea,gbifTaxonomy,GBIF,Vitis baileyana Munson,USA,NA,NA,http://n2t.net/ark:/65665/3a84e66c4-a979-482d-b71f-5cd52a0c2a1e,TRUE,FALSE
inPublicationNotRound2,Vitis cinerea,gbifTaxonomy,GBIF,Vitis berlandieri Planch.,USA,NA,NA,http://n2t.net/ark:/65665/389d524ba-13c2-46cb-b542-58f5172192d8,TRUE,FALSE
inPublicationNotRound2,Vitis cinerea,gbifTaxonomy,GBIF,Vitis berlandieri Planch.,MEX,NA,NA,http://n2t.net/ark:/65665/3871b82d4-e2ad-4c6c-9b69-8197cc274b7b,TRUE,FALSE
inPublicationNotRound2,Vitis cinerea,gbifTaxonomy,GBIF,Vitis berlandieri Planch.,USA,NA,NA,http://n2t.net/ark:/65665/3aec55e22-4929-466f-838b-ff17418e4af5,TRUE,FALSE
inPublicationNotRound2,Vitis cinerea,gbifTaxonomy,GBIF,Vitis simpsonii Munson,USA,NA,NA,http://n2t.net/ark:/65665/38badfa5e-e4ec-4da1-9b94-4b534e8589ad,TRUE,FALSE
inPublicationNotRound2,Vitis cinerea,gbifTaxonomy,GBIF,Vitis berlandieri Planch.,USA,NA,NA,http://n2t.net/ark:/65665/371db90bf-03f2-4765-a63d-2b3c143774f0,TRUE,FALSE
inPublicationNotRound2,Vitis cinerea,gbifTaxonomy,GBIF,Vitis berlandieri Planch.,MEX,NA,NA,http://n2t.net/ark:/65665/33d4d7a9a-2a1e-4552-bb6d-be9c99789450,TRUE,FALSE
inPublicationNotRound2,Vitis cinerea,gbifTaxonomy,GBIF,Vitis berlandieri Planch.,MEX,NA,NA,http://n2t.net/ark:/65665/3050f1e8a-2410-40e6-b910-786653600fef,TRUE,FALSE
inPublicationNotRound2,Vitis cinerea,gbifTaxonomy,GBIF,Vitis simpsonii Munson,USA,NA,NA,http://n2t.net/ark:/65665/3c46db32e-5919-4584-82f1-44b11c489871,TRUE,FALSE
inPublicationNotRound2,Vitis cinerea,gbifTaxonomy,GBIF,Vitis berlandieri Planch.,USA,NA,NA,http://n2t.net/ark:/65665/3c2e8078e-adce-4c92-8423-3689dce80e4c,TRUE,FALSE
inPublicationNotRound2,Vitis cinerea,gbifTaxonomy,GBIF,Vitis berlandieri Planch.,MEX,NA,NA,http://n2t.net/ark:/65665/37ee1d1e4-aae2-4515-96d8-3fcf6da42769,TRUE,FALSE
inPublicationNotRound2,Vitis cinerea,gbifTaxonomy,GBIF,Vitis berlandieri Planch.,USA,NA,NA,http://n2t.net/ark:/65665/3e164ced5-e682-44cc-b3ba-f50962b9c484,TRUE,FALSE
inPublicationNotRound2,Vitis cinerea,gbifTaxonomy,GBIF,Vitis berlandieri Planch.,USA,NA,NA,http://n2t.net/ark:/65665/39019852d-871b-4551-907e-f6f7a0f0c6f2,TRUE,FALSE
inPublicationNotRound2,Vitis cinerea,gbifTaxonomy,GBIF,Vitis berlandieri Planch.,MEX,NA,NA,http://n2t.net/ark:/65665/34439930c-a09d-43bb-a367-7d2855a475aa,TRUE,FALSE
inPublicationNotRound2,Vitis cinerea,gbifTaxonomy,GBIF,Vitis simpsonii Munson,USA,NA,NA,http://n2t.net/ark:/65665/3a1f3e815-648c-4edc-8dd1-5ca9845d50d3,TRUE,FALSE
inPublicationNotRound2,Vitis cinerea,gbifTaxonomy,GBIF,Vitis berlandieri Planch.,USA,NA,NA,http://n2t.net/ark:/65665/32423f514-36d0-4cdb-bdc3-166cfefb2e33,TRUE,FALSE
inPublicationNotRound2,Vitis cinerea,gbifTaxonomy,GBIF,Vitis berlandieri Planch.,USA,NA,NA,http://n2t.net/ark:/65665/323d2ba95-7831-462b-8a13-dd2729e1a431,TRUE,FALSE
inPublicationNotRound2,Vitis cinerea,gbifTaxonomy,GBIF,Vitis berlandieri Planch.,USA,NA,NA,http://n2t.net/ark:/65665/3940901b7-cde1-4822-8e0e-4d97c8b2e09f,TRUE,FALSE
inPublicationNotRound2,Vitis cinerea,gbifTaxonomy,GBIF,Vitis berlandieri Planch.,USA,NA,NA,http://n2t.net/ark:/65665/3f48abb84-8f0a-40c4-9a32-13dc581d6f41,TRUE,FALSE
inPublicationNotRound2,Vitis cinerea,gbifTaxonomy,GBIF,Vitis berlandieri Planch.,MEX,NA,NA,http://n2t.net/ark:/65665/35f08a26d-e43b-426d-ad10-3e68446319a2,TRUE,FALSE
inPublicationNotRound2,Vitis cinerea,gbifTaxonomy,GBIF,Vitis berlandieri Planch.,USA,NA,NA,http://n2t.net/ark:/65665/3ceb433e7-a348-4d99-b2ec-637d071aea9e,TRUE,FALSE
inPublicationNotRound2,Vitis cinerea,gbifTaxonomy,GBIF,Vitis berlandieri Planch.,USA,NA,NA,http://n2t.net/ark:/65665/302bfb6e9-58d9-4bfd-94a3-4fd049fc0a82,TRUE,FALSE
inPublicationNotRound2,Vitis cinerea,gbifTaxonomy,GBIF,Vitis berlandieri Planch.,MEX,NA,NA,http://n2t.net/ark:/65665/3b9022e1c-7bc4-4687-b59f-7bccd85368d0,TRUE,FALSE
inPublicationNotRound2,Vitis cinerea,gbifTaxonomy,GBIF,Vitis berlandieri Planch.,USA,NA,NA,http://n2t.net/ark:/65665/3ccb99372-d80f-4468-ab00-d2dbebbbde67,TRUE,FALSE
inPublicationNotRound2,Vitis cinerea,gbifTaxonomy,GBIF,Vitis berlandieri Planch.,MEX,NA,NA,http://n2t.net/ark:/65665/3c3230e52-f81b-41f8-8aea-36a8177c06db,TRUE,FALSE
inPublicationNotRound2,Vitis cinerea,gbifTaxonomy,GBIF,Vitis berlandieri Planch.,USA,NA,NA,http://n2t.net/ark:/65665/3a86d03ec-26d1-48aa-a1d9-72a56690912a,TRUE,FALSE
inPublicationNotRound2,Vitis cinerea,gbifTaxonomy,GBIF,Vitis berlandieri Planch.,MEX,NA,NA,http://n2t.net/ark:/65665/347a0bbfc-77bc-40b5-ae2b-629ebafe7008,TRUE,FALSE
inPublicationNotRound2,Vitis cinerea,gbifTaxonomy,GBIF,Vitis berlandieri Planch.,USA,NA,NA,http://n2t.net/ark:/65665/367930e1b-bfc9-4b52-ba7c-941e2ec437b9,TRUE,FALSE
inPublicationNotRound2,Vitis cinerea,gbifTaxonomy,GBIF,Vitis baileyana Munson,USA,NA,NA,http://n2t.net/ark:/65665/343af5ce0-d4f8-4834-adbc-44218b87b7c9,TRUE,FALSE
inPublicationNotRound2,Vitis cinerea,gbifTaxonomy,GBIF,Vitis simpsonii Munson,USA,NA,NA,http://n2t.net/ark:/65665/312d0186c-a149-4043-8a4a-73bd10965454,TRUE,FALSE
inPublicationNotRound2,Vitis cinerea,gbifTaxonomy,GBIF,Vitis simpsonii Munson,USA,NA,NA,http://n2t.net/ark:/65665/3feafbd41-f771-4af9-9206-23ab1f4fa151,TRUE,FALSE
inPublicationNotRound2,Vitis cinerea,gbifTaxonomy,GBIF,Vitis berlandieri Planch.,USA,NA,NA,http://n2t.net/ark:/65665/382f1aa18-0c30-4963-abde-b1024c879a22,TRUE,FALSE
inPublicationNotRound2,Vitis cinerea,gbifTaxonomy,GBIF,Vitis berlandieri Planch.,USA,NA,NA,http://n2t.net/ark:/65665/3628a26e8-93b8-4713-a425-91f44cec491b,TRUE,FALSE
inPublicationNotRound2,Vitis cinerea,gbifTaxonomy,GBIF,Vitis berlandieri Planch.,USA,NA,NA,http://n2t.net/ark:/65665/330f37b9c-67db-4ef6-9768-3689cb23e8c2,TRUE,FALSE
inPublicationNotRound2,Vitis cinerea,gbifTaxonomy,GBIF,Vitis berlandieri Planch.,USA,NA,NA,http://n2t.net/ark:/65665/3ec76fa0d-7879-455c-ad7d-b9e8496d5d34,TRUE,FALSE
inPublicationNotRound2,Vitis cinerea,gbifTaxonomy,GBIF,Vitis berlandieri Planch.,USA,NA,NA,http://n2t.net/ark:/65665/35c9eb18c-6cc3-4081-a522-8b7715138e10,TRUE,FALSE
inPublicationNotRound2,Vitis cinerea,gbifTaxonomy,GBIF,Vitis berlandieri Planch.,MEX,NA,NA,http://n2t.net/ark:/65665/3e954b34c-192b-4089-ade8-50c584f108fc,TRUE,FALSE
inPublicationNotRound2,Vitis cinerea,gbifTaxonomy,GBIF,Vitis simpsonii Munson,USA,NA,NA,http://n2t.net/ark:/65665/39b3d820b-2d61-47cd-a9fd-45c735226b38,TRUE,FALSE
inPublicationNotRound2,Vitis cinerea,gbifTaxonomy,GBIF,Vitis austrina Small,USA,NA,NA,http://n2t.net/ark:/65665/36f25fb96-6d44-48cf-a129-7ff796c900c9,FALSE,TRUE
inPublicationNotRound2,Vitis cinerea,gbifTaxonomy,GBIF,Vitis baileyana Munson,USA,NA,NA,http://n2t.net/ark:/65665/38c3b8f7c-13ea-462e-abbe-8d8f95d76359,TRUE,FALSE
inPublicationNotRound2,Vitis cinerea,gbifTaxonomy,GBIF,Vitis berlandieri Planch.,USA,NA,NA,http://n2t.net/ark:/65665/3fc067664-8d81-4355-8183-6f82920346ed,TRUE,FALSE
inPublicationNotRound2,Vitis cinerea,gbifTaxonomy,GBIF,Vitis berlandieri Planch.,USA,NA,NA,http://n2t.net/ark:/65665/35776517f-6902-4a80-b57f-a3c921d86586,TRUE,FALSE
inPublicationNotRound2,Vitis cinerea,gbifTaxonomy,GBIF,Vitis berlandieri Planch.,USA,NA,NA,http://n2t.net/ark:/65665/3603d62e6-7297-4851-bf59-e99ae438fa6f,TRUE,FALSE
inPublicationNotRound2,Vitis cinerea,gbifTaxonomy,GBIF,Vitis simpsonii Munson,USA,NA,NA,http://n2t.net/ark:/65665/33b939b4c-3b60-46d9-bbc2-6b5243843876,TRUE,FALSE
inPublicationNotRound2,Vitis cinerea,gbifTaxonomy,GBIF,Vitis berlandieri Planch.,MEX,NA,NA,UCJEPS:UC:UC1015881,TRUE,FALSE
inPublicationNotRound2,Vitis cinerea,gbifTaxonomy,GBIF,Vitis berlandieri Planch.,USA,NA,NA,UCJEPS:UC:UC109216,TRUE,FALSE
inPublicationNotRound2,Vitis cinerea,gbifTaxonomy,GBIF,Vitis berlandieri Planch.,MEX,NA,NA,UCJEPS:UC:UC1053351,TRUE,FALSE
inPublicationNotRound2,Vitis cinerea,gbifTaxonomy,GBIF,Vitis berlandieri Planch.,MEX,NA,NA,3f14674a-20fe-11e3-9e2e-000c29035824,TRUE,FALSE
inPublicationNotRound2,Vitis cinerea,gbifTaxonomy,GBIF,Vitis berlandieri Planch.,USA,NA,NA,http://n2t.net/ark:/65665/349b1f140-3a39-454e-ac17-6822553bb2ca,TRUE,FALSE
inPublicationNotRound2,Vitis cinerea,gbifTaxonomy,GBIF,Vitis berlandieri Planch.,USA,NA,NA,http://n2t.net/ark:/65665/353309965-8c94-41da-a29d-f49599a5adc3,TRUE,FALSE
inPublicationNotRound2,Vitis cinerea,gbifTaxonomy,GBIF,Vitis baileyana Munson,USA,NA,NA,http://n2t.net/ark:/65665/36903f0d2-741e-4f40-9892-5f40d3126729,TRUE,FALSE
inPublicationNotRound2,Vitis cinerea,gbifTaxonomy,GBIF,Vitis berlandieri Planch.,USA,NA,NA,http://n2t.net/ark:/65665/3bf9c4475-0b11-4746-8123-1864cb9a7385,TRUE,FALSE
inPublicationNotRound2,Vitis cinerea,gbifTaxonomy,GBIF,Vitis berlandieri Planch.,USA,NA,NA,http://n2t.net/ark:/65665/38c5d4694-24dc-4078-ba3c-9c9c966202ef,TRUE,FALSE
inPublicationNotRound2,Vitis cinerea,gbifTaxonomy,GBIF,Vitis simpsonii Munson,USA,NA,NA,http://n2t.net/ark:/65665/3a9600506-3dd0-40d6-a23d-6aa6d3bbc811,TRUE,FALSE
inPublicationNotRound2,Vitis cinerea,gbifTaxonomy,GBIF,Vitis berlandieri Planch.,USA,NA,NA,http://n2t.net/ark:/65665/31b2d7f3f-8728-4eeb-9e81-46693a1eefd1,TRUE,FALSE
inPublicationNotRound2,Vitis cinerea,gbifTaxonomy,GBIF,Vitis berlandieri Planch.,USA,NA,NA,http://n2t.net/ark:/65665/313094d32-cb41-4bdf-b3e1-7d3936f7135a,TRUE,FALSE
inPublicationNotRound2,Vitis cinerea,gbifTaxonomy,GBIF,Vitis berlandieri Planch.,USA,NA,NA,http://n2t.net/ark:/65665/3e068bca8-4c65-410d-8a56-3b23e388dba5,TRUE,FALSE
inPublicationNotRound2,Vitis cinerea,gbifTaxonomy,GBIF,Vitis berlandieri Planch.,USA,NA,NA,http://n2t.net/ark:/65665/31bd22335-d75b-45da-8d8c-8c1748d58a68,TRUE,FALSE
inPublicationNotRound2,Vitis cinerea,gbifTaxonomy,GBIF,Vitis berlandieri Planch.,USA,NA,NA,5f2f120c-e74c-4f07-aa2c-a82e82f5671a,TRUE,FALSE
inPublicationNotRound2,Vitis cinerea,gbifTaxonomy,GBIF,Vitis baileyana Munson,USA,NA,NA,f358f229-c31c-4ef7-955f-346cd696830f,TRUE,FALSE
inPublicationNotRound2,Vitis cinerea,gbifTaxonomy,GBIF,Vitis berlandieri Planch.,USA,NA,NA,4c24301e-82b4-4f71-900f-d5a4b8ace2a6,TRUE,FALSE
inPublicationNotRound2,Vitis cinerea,gbifTaxonomy,GBIF,Vitis berlandieri Planch.,USA,NA,NA,8015e183-7d1d-41fc-b71f-8b5ceadf54bf,TRUE,FALSE
inPublicationNotRound2,Vitis cinerea,gbifTaxonomy,GBIF,Vitis berlandieri Planch.,USA,NA,NA,386e818b-167c-4788-b22e-93acc18383ed,TRUE,FALSE
inPublicationNotRound2,Vitis cinerea,gbifTaxonomy,GBIF,Vitis berlandieri Planch.,USA,NA,NA,445ed5f1-50b5-45be-aee9-c2f53f82d488,TRUE,FALSE
inPublicationNotRound2,Vitis cinerea,gbifTaxonomy,GBIF,Vitis berlandieri Planch.,USA,NA,NA,3429fe35-48b2-4441-8ffc-a40d56ad8338,TRUE,FALSE
inPublicationNotRound2,Vitis cinerea,gbifTaxonomy,GBIF,Vitis berlandieri Planch.,USA,NA,NA,38ccf69a-61c5-4200-b133-9515684e3dba,TRUE,FALSE
inPublicationNotRound2,Vitis cinerea,gbifTaxonomy,GBIF,Vitis berlandieri Planch.,USA,NA,NA,72fe1049-edf0-4eb2-81cd-08e85c10c988,TRUE,FALSE
inPublicationNotRound2,Vitis cinerea,gbifTaxonomy,GBIF,Vitis berlandieri Planch.,USA,NA,NA,df76d68d-d234-4d0c-87e6-3385e0f0cf02,TRUE,FALSE
inPublicationNotRound2,Vitis cinerea,gbifTaxonomy,GBIF,Vitis berlandieri Planch.,USA,NA,NA,689acaf3-006d-41ce-9fb4-aed38fc6ac86,TRUE,FALSE
inPublicationNotRound2,Vitis cinerea,gbifTaxonomy,GBIF,Vitis berlandieri Planch.,USA,NA,NA,9eac1322-3690-4544-a650-e2197c04a7d6,TRUE,FALSE
inPublicationNotRound2,Vitis cinerea,gbifTaxonomy,GBIF,Vitis berlandieri Planch.,USA,NA,NA,f76a6412-787a-4b07-aeda-94c2df253d91,TRUE,FALSE
inPublicationNotRound2,Vitis cinerea,gbifTaxonomy,GBIF,Vitis berlandieri Planch.,USA,NA,NA,a4b75859-d32a-4e1d-b2f9-be2d9b6acdda,TRUE,FALSE
inPublicationNotRound2,Vitis cinerea,gbifTaxonomy,GBIF,Vitis baileyana Munson,USA,NA,NA,b1ece397-d6c1-45c2-9a68-7140a44483ab,TRUE,FALSE
inPublicationNotRound2,Vitis cinerea,gbifTaxonomy,GBIF,Vitis berlandieri Planch.,USA,NA,NA,38da3e7b-3ebd-40d9-a0cf-fd438c1a7724,TRUE,FALSE
inPublicationNotRound2,Vitis cinerea,gbifTaxonomy,GBIF,Vitis berlandieri Planch.,USA,NA,NA,0902b68c-2509-4b37-a965-87633b4f6ef9,TRUE,FALSE
inPublicationNotRound2,Vitis cinerea,gbifTaxonomy,GBIF,Vitis baileyana Munson,USA,NA,NA,2c46dd60-5b76-45b9-bd11-ab37d9b22746,TRUE,FALSE
inPublicationNotRound2,Vitis cinerea,gbifTaxonomy,GBIF,Vitis baileyana Munson,USA,NA,NA,e0ef96fa-17ca-4c58-868d-216a8fb585fd,TRUE,FALSE
inPublicationNotRound2,Vitis cinerea,gbifTaxonomy,GBIF,Vitis baileyana Munson,USA,NA,NA,7b07538e-ed77-453d-a290-f9c613baf807,TRUE,FALSE
inPublicationNotRound2,Vitis cinerea,gbifTaxonomy,GBIF,Vitis berlandieri Planch.,USA,NA,NA,59218b5e-2d6f-41af-95fe-d36fab855d13,TRUE,FALSE
inPublicationNotRound2,Vitis cinerea,gbifTaxonomy,GBIF,Vitis berlandieri Planch.,USA,NA,NA,643fd01d-28d7-4de3-9bea-72aa3dd880dd,TRUE,FALSE
inPublicationNotRound2,Vitis cinerea,gbifTaxonomy,GBIF,Vitis berlandieri Planch.,USA,NA,NA,72c41f1a-ca43-4bc7-9634-fd77f9b43066,TRUE,FALSE
inPublicationNotRound2,Vitis cinerea,gbifTaxonomy,GBIF,Vitis berlandieri Planch.,USA,NA,NA,7c82602a-d111-4147-8b10-987794b0f65d,TRUE,FALSE
inPublicationNotRound2,Vitis cinerea,gbifTaxonomy,GBIF,Vitis baileyana Munson,USA,NA,NA,37f1eefe-41ba-4f31-92e0-06bbbf248d6b,TRUE,FALSE
inPublicationNotRound2,Vitis cinerea,gbifTaxonomy,GBIF,Vitis berlandieri Planch.,MEX,NA,NA,65326117-ba50-42d9-81e4-4a87656e9735,TRUE,FALSE
inPublicationNotRound2,Vitis cinerea,gbifTaxonomy,GBIF,Vitis berlandieri Planch.,USA,NA,NA,b2df208f-0585-4a87-bed0-c30e26678aca,TRUE,FALSE
inPublicationNotRound2,Vitis cinerea,gbifTaxonomy,GBIF,Vitis berlandieri Planch.,USA,NA,NA,6b405eda-15a4-40c0-a745-bc26b99d627e,TRUE,FALSE
inPublicationNotRound2,Vitis cinerea,gbifTaxonomy,GBIF,Vitis berlandieri Planch.,USA,NA,NA,a444636f-27b7-4306-8d91-4c2016f0ec66,TRUE,FALSE
inPublicationNotRound2,Vitis cinerea,gbifTaxonomy,GBIF,Vitis baileyana Munson,USA,NA,NA,a9b0553f-171b-4075-ba87-97c0f7d1ac9a,TRUE,FALSE
inPublicationNotRound2,Vitis cinerea,gbifTaxonomy,GBIF,Vitis berlandieri Planch.,USA,NA,NA,2c623c7b-d424-496f-84bd-e5ba564528b1,TRUE,FALSE
inPublicationNotRound2,Vitis cinerea,gbifTaxonomy,GBIF,Vitis berlandieri Planch.,USA,NA,NA,10208a56-ad3d-4592-bb50-aa3ef94068e5,TRUE,FALSE
inPublicationNotRound2,Vitis cinerea,gbifTaxonomy,GBIF,Vitis berlandieri Planch.,USA,NA,NA,ca5d85cb-cb23-452e-a752-b4fe1416c84f,TRUE,FALSE
inPublicationNotRound2,Vitis cinerea,gbifTaxonomy,GBIF,Vitis berlandieri Planch.,USA,NA,NA,327cca00-db02-40fc-8430-4583fc5ff2d4,TRUE,FALSE
inPublicationNotRound2,Vitis cinerea,gbifTaxonomy,GBIF,Vitis berlandieri Planch.,USA,NA,NA,222803d5-5b89-42a6-914d-c6e19e834d9a,TRUE,FALSE
inPublicationNotRound2,Vitis cinerea,gbifTaxonomy,GBIF,Vitis berlandieri Planch.,USA,NA,NA,dc0d18a0-70e7-42a4-9222-c152acd014d1,TRUE,FALSE
inPublicationNotRound2,Vitis cinerea,gbifTaxonomy,GBIF,Vitis baileyana Munson,USA,NA,NA,74e6dc41-71f1-4847-b20e-f62e13ffa50e,TRUE,FALSE
inPublicationNotRound2,Vitis cinerea,gbifTaxonomy,GBIF,Vitis berlandieri Planch.,USA,NA,NA,16476421-a6ff-40f4-895c-59c45c9b4bef,TRUE,FALSE
inPublicationNotRound2,Vitis cinerea,gbifTaxonomy,GBIF,Vitis berlandieri Planch.,USA,NA,NA,e3b4632e-0d53-4fa8-89ce-7778010f45ee,TRUE,FALSE
inPublicationNotRound2,Vitis cinerea,gbifTaxonomy,GBIF,Vitis baileyana Munson,USA,NA,NA,41a4cb15-4ff6-4b1b-815a-c64261f3e143,TRUE,FALSE
inPublicationNotRound2,Vitis cinerea,gbifTaxonomy,GBIF,Vitis berlandieri Planch.,USA,NA,NA,a4dd9cb3-3a07-454d-b34f-90d41393af60,TRUE,FALSE
inPublicationNotRound2,Vitis cinerea,gbifTaxonomy,GBIF,Vitis berlandieri Planch.,USA,NA,NA,66c28d1d-02ca-4b99-bcb5-026383fee451,TRUE,FALSE
inPublicationNotRound2,Vitis cinerea,gbifTaxonomy,GBIF,Vitis berlandieri Planch.,USA,NA,NA,99f57e47-6fed-447e-87b6-f7103948d648,TRUE,FALSE
inPublicationNotRound2,Vitis cinerea,gbifTaxonomy,GBIF,Vitis berlandieri Planch.,USA,NA,NA,5b98433d-e632-4f65-bc41-40c29bacc6c6,TRUE,FALSE
inPublicationNotRound2,Vitis cinerea,gbifTaxonomy,GBIF,Vitis berlandieri Planch.,USA,NA,NA,f4b07ca9-dac0-4d64-9d35-b0ed22552497,TRUE,FALSE
inPublicationNotRound2,Vitis cinerea,gbifTaxonomy,GBIF,Vitis berlandieri Planch.,USA,NA,NA,a3770c96-98c1-42bb-88b3-149b415b4fb3,TRUE,FALSE
inPublicationNotRound2,Vitis cinerea,gbifTaxonomy,GBIF,Vitis berlandieri Planch.,MEX,NA,NA,a8485076-a9f1-4367-81bf-42d3f27c026e,TRUE,FALSE
inPublicationNotRound2,Vitis cinerea,gbifTaxonomy,GBIF,Vitis berlandieri Planch.,MEX,NA,NA,a8539c4e-57af-4a12-a06f-390c2aff8f52,TRUE,FALSE
inPublicationNotRound2,Vitis cinerea,gbifTaxonomy,GBIF,Vitis berlandieri Planch.,USA,NA,NA,3ddcc610-7fca-450f-b45c-fc640dbaf177,TRUE,FALSE
inPublicationNotRound2,Vitis cinerea,gbifTaxonomy,GBIF,Vitis berlandieri Planch.,USA,NA,NA,882b56a4-339e-4be7-bf6a-52fe05db5486,TRUE,FALSE
inPublicationNotRound2,Vitis cinerea,gbifTaxonomy,GBIF,Vitis berlandieri Planch.,USA,NA,NA,07e2eaa2-9a05-4fad-9a94-c2c95aa51e3c,TRUE,FALSE
inPublicationNotRound2,Vitis cinerea,gbifTaxonomy,GBIF,Vitis berlandieri Planch.,USA,NA,NA,a7e56dfa-6af7-4a24-819a-ac17c14f8d59,TRUE,FALSE
inPublicationNotRound2,Vitis cinerea,gbifTaxonomy,GBIF,Vitis berlandieri Planch.,USA,NA,NA,d172f760-8d8c-460c-bd96-0e7057ac0830,TRUE,FALSE
inPublicationNotRound2,Vitis cinerea,gbifTaxonomy,GBIF,Vitis berlandieri Planch.,USA,NA,NA,28669532-67e3-4304-8520-e5e64d76b920,TRUE,FALSE
inPublicationNotRound2,Vitis cinerea,gbifTaxonomy,GBIF,Vitis berlandieri Planch.,USA,NA,NA,5192080c-4552-4821-8f90-027827415c95,TRUE,FALSE
inPublicationNotRound2,Vitis cinerea,gbifTaxonomy,GBIF,Vitis berlandieri Planch.,USA,NA,NA,3493d55b-154a-480b-91ee-d6ae3ab897ff,TRUE,FALSE
inPublicationNotRound2,Vitis cinerea,gbifTaxonomy,GBIF,Vitis baileyana Munson,USA,NA,NA,df4d2074-a6dd-42cd-9d96-b5b95a7f0ab3,TRUE,FALSE
inPublicationNotRound2,Vitis cinerea,gbifTaxonomy,GBIF,Vitis berlandieri Planch.,USA,NA,NA,a29a7886-f2e1-4daf-a6f1-5672528a1646,TRUE,FALSE
inPublicationNotRound2,Vitis cinerea,gbifTaxonomy,GBIF,Vitis berlandieri Planch.,USA,NA,NA,2b33dc03-654a-4803-968a-1ecd2420e645,TRUE,FALSE
inPublicationNotRound2,Vitis cinerea,gbifTaxonomy,GBIF,Vitis berlandieri Planch.,USA,NA,NA,b81fc6aa-2779-49c3-b74b-fc3050012cfd,TRUE,FALSE
inPublicationNotRound2,Vitis cinerea,gbifTaxonomy,GBIF,Vitis baileyana Munson,USA,NA,NA,0454e6b0-6b0c-4c0f-bcf5-7328a7f31105,TRUE,FALSE
inPublicationNotRound2,Vitis cinerea,gbifTaxonomy,GBIF,Vitis baileyana Munson,USA,NA,NA,2e5aac00-3cde-4023-9247-67cd5034bd34,TRUE,FALSE
inPublicationNotRound2,Vitis cinerea,gbifTaxonomy,GBIF,Vitis berlandieri Planch.,USA,NA,NA,19b6781c-cd67-4350-b731-ab75e3a97881,TRUE,FALSE
inPublicationNotRound2,Vitis cinerea,gbifTaxonomy,GBIF,Vitis baileyana Munson,USA,NA,NA,94af2ff5-e19e-45a0-891e-d15a2071c7f0,TRUE,FALSE
inPublicationNotRound2,Vitis cinerea,gbifTaxonomy,GBIF,Vitis berlandieri Planch.,MEX,NA,NA,51e64b7734f4102223e876a31c1b9814,TRUE,FALSE
inPublicationNotRound2,Vitis cinerea,gbifTaxonomy,GBIF,Vitis berlandieri Planch.,MEX,NA,NA,9d361f574ca03259c627d2760866cd2d,TRUE,FALSE
inPublicationNotRound2,Vitis cinerea,gbifTaxonomy,GBIF,Vitis baileyana Munson,USA,NA,NA,http://www.botanicalcollections.be/specimen/BR0000034964149,TRUE,FALSE
inPublicationNotRound2,Vitis cinerea,gbifTaxonomy,GBIF,Vitis berlandieri Planch.,USA,NA,NA,http://www.botanicalcollections.be/specimen/BR0000034964163,TRUE,FALSE
inPublicationNotRound2,Vitis cinerea,gbifTaxonomy,GBIF,Vitis simpsonii Munson,USA,NA,NA,acd696d9-7a60-4b48-aa35-a136bbf51c94,TRUE,FALSE
inPublicationNotRound2,Vitis cinerea,gbifTaxonomy,GBIF,Vitis austrina Small,NA,NA,NA,https://data.rbge.org.uk/herb/E01448688,FALSE,TRUE
inPublicationNotRound2,Vitis cinerea,gbifTaxonomy,GBIF,Vitis berlandieri Planch.,NA,NA,NA,https://data.rbge.org.uk/herb/E01448864,TRUE,FALSE
inPublicationNotRound2,Vitis cinerea,gbifTaxonomy,GBIF,Vitis berlandieri Planch.,USA,NA,NA,ef9ced0d-09c8-458d-93a0-280edd575b6f,TRUE,FALSE
inPublicationNotRound2,Vitis cinerea,gbifTaxonomy,GBIF,Vitis berlandieri Planch.,NA,NA,NA,http://coldb.mnhn.fr/catalognumber/um/mpu/mpu1213381,TRUE,FALSE
inPublicationNotRound2,Vitis cinerea,gbifTaxonomy,GBIF,Vitis berlandieri Planch.,NA,NA,NA,http://coldb.mnhn.fr/catalognumber/um/mpu/mpu700003,TRUE,FALSE
inPublicationNotRound2,Vitis cinerea,gbifTaxonomy,GBIF,Vitis berlandieri Planch.,NA,NA,NA,http://coldb.mnhn.fr/catalognumber/um/mpu/mpu700000,TRUE,FALSE
inPublicationNotRound2,Vitis cinerea,gbifTaxonomy,GBIF,Vitis berlandieri Planch.,NA,NA,NA,http://coldb.mnhn.fr/catalognumber/um/mpu/mpu700002,TRUE,FALSE
inPublicationNotRound2,Vitis cinerea,gbifTaxonomy,GBIF,Vitis simpsonii Munson,NA,NA,NA,http://coldb.mnhn.fr/catalognumber/um/mpu/mpu1214534,TRUE,FALSE
inPublicationNotRound2,Vitis cinerea,gbifTaxonomy,GBIF,Vitis berlandieri Planch.,NA,NA,NA,http://coldb.mnhn.fr/catalognumber/um/mpu/mpu700001,TRUE,FALSE
inPublicationNotRound2,Vitis cinerea,gbifTaxonomy,GBIF,Vitis simpsonii Munson,NA,NA,NA,http://coldb.mnhn.fr/catalognumber/um/mpu/mpu805780,TRUE,FALSE
inPublicationNotRound2,Vitis cinerea,gbifTaxonomy,GBIF,Vitis berlandieri Planch.,NA,NA,NA,http://coldb.mnhn.fr/catalognumber/um/mpu/mpu700017,TRUE,FALSE
inPublicationNotRound2,Vitis cinerea,gbifTaxonomy,GBIF,Vitis canescens G.Nicholson,NA,NA,NA,http://coldb.mnhn.fr/catalognumber/um/mpu/mpu674064,FALSE,TRUE
inPublicationNotRound2,Vitis cinerea,gbifTaxonomy,GBIF,Vitis virginiana Munson,NA,NA,NA,http://coldb.mnhn.fr/catalognumber/um/mpu/mpu674127,FALSE,TRUE
inPublicationNotRound2,Vitis cinerea,gbifTaxonomy,GBIF,Vitis berlandieri Planch.,NA,NA,NA,http://coldb.mnhn.fr/catalognumber/um/mpu/mpu805734,TRUE,FALSE
inPublicationNotRound2,Vitis cinerea,gbifTaxonomy,GBIF,Vitis berlandieri Planch.,USA,NA,NA,http://coldb.mnhn.fr/catalognumber/um/mpu/mpu018270,TRUE,FALSE
inPublicationNotRound2,Vitis cinerea,gbifTaxonomy,GBIF,Vitis berlandieri Planch.,NA,NA,NA,http://coldb.mnhn.fr/catalognumber/um/mpu/mpu1213378,TRUE,FALSE
inPublicationNotRound2,Vitis cinerea,gbifTaxonomy,GBIF,Vitis berlandieri Planch.,MEX,NA,NA,http://specimens.kew.org/herbarium/K004491100,TRUE,FALSE
inPublicationNotRound2,Vitis cinerea,gbifTaxonomy,GBIF,Vitis berlandieri Planch.,USA,NA,NA,http://specimens.kew.org/herbarium/K004490896,TRUE,FALSE
inPublicationNotRound2,Vitis cinerea,gbifTaxonomy,GBIF,Vitis berlandieri Planch.,USA,NA,NA,http://specimens.kew.org/herbarium/K004490892,TRUE,FALSE
inPublicationNotRound2,Vitis cinerea,gbifTaxonomy,GBIF,Vitis berlandieri Planch.,NA,NA,NA,http://specimens.kew.org/herbarium/K004491240,TRUE,FALSE
inPublicationNotRound2,Vitis cinerea,gbifTaxonomy,GBIF,Vitis berlandieri Planch.,NA,NA,NA,http://specimens.kew.org/herbarium/K004490900,TRUE,FALSE
inPublicationNotRound2,Vitis cinerea,gbifTaxonomy,GBIF,Vitis berlandieri Planch.,USA,NA,NA,http://specimens.kew.org/herbarium/K004490899,TRUE,FALSE
inPublicationNotRound2,Vitis cinerea,gbifTaxonomy,GBIF,Vitis berlandieri Planch.,USA,NA,NA,http://specimens.kew.org/herbarium/K004490893,TRUE,FALSE
inPublicationNotRound2,Vitis cinerea,gbifTaxonomy,GBIF,Vitis berlandieri Planch.,MEX,NA,NA,1bdfcb88-f50c-49f0-975a-6452333264ef,TRUE,FALSE
inPublicationNotRound2,Vitis cinerea,gbifTaxonomy,GBIF,Vitis berlandieri Planch.,MEX,NA,NA,be515629-e933-4505-a89f-019b5fc6fada,TRUE,FALSE
inPublicationNotRound2,Vitis cinerea,gbifTaxonomy,GBIF,Vitis simpsonii Munson,NA,NA,NA,http://coldb.mnhn.fr/catalognumber/um/mpu/mpu805777,TRUE,FALSE
inPublicationNotRound2,Vitis cinerea,gbifTaxonomy,GBIF,Vitis canescens G.Nicholson,NA,NA,NA,http://coldb.mnhn.fr/catalognumber/um/mpu/mpu1213366,FALSE,TRUE
inPublicationNotRound2,Vitis cinerea,gbifTaxonomy,GBIF,Vitis berlandieri Planch.,NA,NA,NA,http://coldb.mnhn.fr/catalognumber/um/mpu/mpu118418,TRUE,FALSE
inPublicationNotRound2,Vitis cinerea,gbifTaxonomy,GBIF,Vitis berlandieri Planch.,USA,NA,NA,http://coldb.mnhn.fr/catalognumber/um/mpu/mpu018268,TRUE,FALSE
inPublicationNotRound2,Vitis cinerea,gbifTaxonomy,GBIF,Vitis berlandieri Planch.,NA,NA,NA,http://coldb.mnhn.fr/catalognumber/um/mpu/mpu1213357,TRUE,FALSE
inPublicationNotRound2,Vitis cinerea,gbifTaxonomy,GBIF,Vitis berlandieri Planch.,NA,NA,NA,http://coldb.mnhn.fr/catalognumber/um/mpu/mpu1213380,TRUE,FALSE
inPublicationNotRound2,Vitis cinerea,gbifTaxonomy,GBIF,Vitis berlandieri Planch.,USA,NA,NA,http://specimens.kew.org/herbarium/K004490897,TRUE,FALSE
inPublicationNotRound2,Vitis cinerea,gbifTaxonomy,GBIF,Vitis baileyana Munson,NA,NA,NA,http://specimens.kew.org/herbarium/K004491238,TRUE,FALSE
inPublicationNotRound2,Vitis cinerea,gbifTaxonomy,GBIF,Vitis berlandieri Planch.,USA,NA,NA,http://specimens.kew.org/herbarium/K004490895,TRUE,FALSE
inPublicationNotRound2,Vitis cinerea,gbifTaxonomy,GBIF,Vitis berlandieri Planch.,MEX,NA,NA,http://specimens.kew.org/herbarium/K004491101,TRUE,FALSE
inPublicationNotRound2,Vitis cinerea,gbifTaxonomy,GBIF,Vitis berlandieri Planch.,USA,NA,NA,http://specimens.kew.org/herbarium/K004490894,TRUE,FALSE
inPublicationNotRound2,Vitis cinerea,gbifTaxonomy,GBIF,Vitis berlandieri Planch.,NA,NA,NA,http://specimens.kew.org/herbarium/K004491241,TRUE,FALSE
inPublicationNotRound2,Vitis cinerea,gbifTaxonomy,GBIF,Vitis baileyana Munson,NA,NA,NA,f34e14a6-7323-4efc-b08a-3430f7c36455,TRUE,FALSE
inPublicationNotRound2,Vitis cinerea,gbifTaxonomy,GBIF,Vitis baileyana Munson,NA,NA,NA,MG664843,TRUE,FALSE
inPublicationNotRound2,Vitis cinerea,gbifTaxonomy,GBIF,Vitis berlandieri Planch.,MEX,NA,NA,1e5e0197-c9b4-4971-b9bc-10d1c65b58d2,TRUE,FALSE
inPublicationNotRound2,Vitis cinerea,gbifTaxonomy,GBIF,Vitis berlandieri Planch.,NA,NA,NA,7a091bff-b45c-4b3e-946a-79c5223e2b7b,TRUE,FALSE
inPublicationNotRound2,Vitis cinerea,gbifTaxonomy,GBIF,Vitis berlandieri Planch.,USA,NA,NA,792745db-ceed-4e72-ab8a-b4ae7f8bcf87,TRUE,FALSE
inPublicationNotRound2,Vitis cinerea,gbifTaxonomy,GBIF,Vitis berlandieri Planch.,USA,NA,NA,1de421ef-5b7c-498c-bd3f-b787a40c2a66,TRUE,FALSE
inPublicationNotRound2,Vitis cinerea,gbifTaxonomy,GBIF,Vitis berlandieri Planch.,USA,NA,NA,84e2d882-8005-471f-8cc2-970ea8ec6d7a,TRUE,FALSE
inPublicationNotRound2,Vitis cinerea,gbifTaxonomy,GBIF,Vitis berlandieri Planch.,USA,NA,NA,adef31ec-d5fb-44c3-bdea-4b5f53ba6283,TRUE,FALSE
inPublicationNotRound2,Vitis cinerea,gbifTaxonomy,GBIF,Vitis berlandieri Planch.,USA,NA,NA,979e6beb-751b-4a7a-9e78-56171b4428ac,TRUE,FALSE
inPublicationNotRound2,Vitis cinerea,gbifTaxonomy,GBIF,Vitis berlandieri Planch.,USA,NA,NA,450369f8-144a-40a3-9566-4c538ea5a94c,TRUE,FALSE
inPublicationNotRound2,Vitis cinerea,gbifTaxonomy,GBIF,Vitis berlandieri Planch.,USA,NA,NA,ec14a24c-93d2-4fad-b056-cadb488242e7,TRUE,FALSE
inPublicationNotRound2,Vitis cinerea,gbifTaxonomy,GBIF,Vitis berlandieri Planch.,USA,NA,NA,39533f69-1466-431c-af53-7dac24143d6b,TRUE,FALSE
inPublicationNotRound2,Vitis cinerea,gbifTaxonomy,GBIF,Vitis berlandieri Planch.,USA,NA,NA,645a178a-73dc-4a07-8ca0-c88ecd383bba,TRUE,FALSE
inPublicationNotRound2,Vitis cinerea,gbifTaxonomy,GBIF,Vitis helleri (L.H.Bailey) Small,USA,NA,NA,db08c984-66b5-4aca-a66b-f1d1bb0ae462,FALSE,TRUE
inPublicationNotRound2,Vitis cinerea,gbifTaxonomy,GBIF,Vitis berlandieri Planch.,USA,NA,NA,27a3f1f3-449d-4478-9bb9-fdcf80c55a18,TRUE,FALSE
inPublicationNotRound2,Vitis cinerea,gbifTaxonomy,GBIF,Vitis helleri (L.H.Bailey) Small,USA,NA,NA,8ba1de6e-79f7-4a19-a0dd-b7d3369cbb88,FALSE,TRUE
inPublicationNotRound2,Vitis cinerea,gbifTaxonomy,GBIF,Vitis berlandieri Planch.,USA,NA,NA,9da5b427-219b-466e-a393-08c8e86ecc5b,TRUE,FALSE
inPublicationNotRound2,Vitis cinerea,gbifTaxonomy,GBIF,Vitis berlandieri Planch.,USA,NA,NA,7e086f64-6a21-4453-a2a7-8f3c4fb8a5b2,TRUE,FALSE
inPublicationNotRound2,Vitis cinerea,gbifTaxonomy,GBIF,Vitis helleri (L.H.Bailey) Small,USA,NA,NA,4eb3a751-60a2-494e-96b8-b780c841d97c,FALSE,TRUE
inPublicationNotRound2,Vitis cinerea,gbifTaxonomy,GBIF,Vitis berlandieri Planch.,USA,NA,NA,c16507e8-2245-413a-a630-7099417762d8,TRUE,FALSE
inPublicationNotRound2,Vitis cinerea,gbifTaxonomy,GBIF,Vitis berlandieri Planch.,USA,NA,NA,f1e6eeaa-ab73-4938-be9a-bbfd5b7bdffe,TRUE,FALSE
inPublicationNotRound2,Vitis cinerea,gbifTaxonomy,GBIF,Vitis helleri (L.H.Bailey) Small,USA,NA,NA,89b54575-b75d-4918-9c7c-2c13ab118743,FALSE,TRUE
inPublicationNotRound2,Vitis cinerea,gbifTaxonomy,GBIF,Vitis berlandieri Planch.,USA,NA,NA,b51e05dc-0913-412a-96a8-c0d900d8cc84,TRUE,FALSE
inPublicationNotRound2,Vitis cinerea,gbifTaxonomy,GBIF,Vitis berlandieri Planch.,USA,NA,NA,3115783b-26b0-438a-a53b-45c973732550,TRUE,FALSE
inPublicationNotRound2,Vitis cinerea,gbifTaxonomy,GBIF,Vitis helleri (L.H.Bailey) Small,USA,NA,NA,f257ba5d-253a-4428-b23b-33cc0946c139,FALSE,TRUE
inPublicationNotRound2,Vitis cinerea,gbifTaxonomy,GBIF,Vitis berlandieri Planch.,USA,NA,NA,02e4a5ca-7ac6-415c-bc64-83f5daf34ac9,TRUE,FALSE
inPublicationNotRound2,Vitis cinerea,gbifTaxonomy,GBIF,Vitis helleri (L.H.Bailey) Small,USA,NA,NA,3196a98b-5778-4fe7-af31-b4deb12ff48a,FALSE,TRUE
inPublicationNotRound2,Vitis cinerea,gbifTaxonomy,GBIF,Vitis berlandieri Planch.,USA,NA,NA,cb5b4957-0cc7-405b-9c9d-dc08109449c9,TRUE,FALSE
inPublicationNotRound2,Vitis cinerea,gbifTaxonomy,GBIF,Vitis berlandieri Planch.,USA,NA,NA,aa04a237-9ee7-4830-acd6-024d45a55227,TRUE,FALSE
inPublicationNotRound2,Vitis cinerea,gbifTaxonomy,GBIF,Vitis berlandieri Planch.,USA,NA,NA,bf331501-2e2a-4711-b3cc-f8564606e392,TRUE,FALSE
inPublicationNotRound2,Vitis cinerea,gbifTaxonomy,GBIF,Vitis berlandieri Planch.,USA,NA,NA,ca8d7887-50fb-4719-b6a4-86e0030ba163,TRUE,FALSE
inPublicationNotRound2,Vitis cinerea,gbifTaxonomy,GBIF,Vitis berlandieri Planch.,USA,NA,NA,e81ab084-da7a-471a-b8c6-24edf4728e5a,TRUE,FALSE
inPublicationNotRound2,Vitis cinerea,gbifTaxonomy,GBIF,Vitis berlandieri Planch.,USA,NA,NA,28da849b-01c2-4c5e-bb84-dd7dde0aef84,TRUE,FALSE
inPublicationNotRound2,Vitis cinerea,gbifTaxonomy,GBIF,Vitis berlandieri Planch.,USA,NA,NA,44aefedb-df9b-4f8e-8a09-301da56f8510,TRUE,FALSE
inPublicationNotRound2,Vitis cinerea,gbifTaxonomy,GBIF,Vitis berlandieri Planch.,USA,NA,NA,f67d8170-7d34-49ed-8892-b70f3feb1cfd,TRUE,FALSE
inPublicationNotRound2,Vitis cinerea,gbifTaxonomy,GBIF,Vitis berlandieri Planch.,USA,NA,NA,98d173bd-6394-4152-bf69-7d73658b604d,TRUE,FALSE
inPublicationNotRound2,Vitis cinerea,gbifTaxonomy,GBIF,Vitis berlandieri Planch.,USA,NA,NA,3f557a92-2d3e-4996-9405-1641075187d6,TRUE,FALSE
inPublicationNotRound2,Vitis cinerea,gbifTaxonomy,GBIF,Vitis berlandieri Planch.,USA,NA,NA,aa703592-c334-4ce9-8503-438210c8e45e,TRUE,FALSE
inPublicationNotRound2,Vitis cinerea,gbifTaxonomy,GBIF,Vitis berlandieri Planch.,MEX,NA,NA,b5b5a89f-7367-4a99-9483-5f5782351e95,TRUE,FALSE
inPublicationNotRound2,Vitis cinerea,gbifTaxonomy,GBIF,Vitis berlandieri Planch.,USA,NA,NA,e83e595d-022b-43ca-affc-b951cdb027be,TRUE,FALSE
inPublicationNotRound2,Vitis cinerea,gbifTaxonomy,GBIF,Vitis berlandieri Planch.,USA,NA,NA,f8ce1754-2d6c-45d1-8c73-09f905c0ac55,TRUE,FALSE
inPublicationNotRound2,Vitis cinerea,gbifTaxonomy,GBIF,Vitis berlandieri Planch.,USA,NA,NA,c00cdf69-21b1-4593-8828-488a0d4f788b,TRUE,FALSE
inPublicationNotRound2,Vitis cinerea,gbifTaxonomy,GBIF,Vitis berlandieri Planch.,USA,NA,NA,5cbc430b-3bb1-45c9-908b-98f0158adc0e,TRUE,FALSE
inPublicationNotRound2,Vitis cinerea,gbifTaxonomy,GBIF,Vitis berlandieri Planch.,USA,NA,NA,4a05d719-03f2-4ac9-b624-ff16e121bcf2,TRUE,FALSE
inPublicationNotRound2,Vitis cinerea,gbifTaxonomy,GBIF,Vitis simpsonii Munson,USA,NA,NA,9e5746ea-d3b9-4607-964f-e9cda64677b3,TRUE,FALSE
inPublicationNotRound2,Vitis cinerea,gbifTaxonomy,GBIF,Vitis berlandieri Planch.,MEX,NA,NA,56931834-84fc-463e-8f51-db4104c6a06b,TRUE,FALSE
inPublicationNotRound2,Vitis cinerea,gbifTaxonomy,GBIF,Vitis baileyana Munson,USA,NA,NA,941072a7-4e8c-4823-85a4-692f12e35e7b,TRUE,FALSE
inPublicationNotRound2,Vitis cinerea,gbifTaxonomy,GBIF,Vitis berlandieri Planch.,MEX,NA,NA,465a479c-7201-4b2a-9538-2cf7337c98a8,TRUE,FALSE
inPublicationNotRound2,Vitis cinerea,gbifTaxonomy,GBIF,Vitis simpsonii Munson,USA,NA,NA,a395dcf6-c804-47fe-8d93-7f7817c0218d,TRUE,FALSE
inPublicationNotRound2,Vitis cinerea,gbifTaxonomy,GBIF,Vitis berlandieri Planch.,MEX,NA,NA,92599fde-6d71-4c79-99be-dafb45aa4ca0,TRUE,FALSE
inPublicationNotRound2,Vitis cinerea,gbifTaxonomy,GBIF,Vitis simpsonii Munson,USA,NA,NA,7c8a5c5e-3275-4214-ae28-3807c7e68ea8,TRUE,FALSE
inPublicationNotRound2,Vitis cinerea,gbifTaxonomy,GBIF,Vitis berlandieri Planch.,MEX,NA,NA,urn:catalog:MO:Tropicos:2127703,TRUE,FALSE
inPublicationNotRound2,Vitis cinerea,gbifTaxonomy,GBIF,Vitis baileyana Munson,USA,NA,NA,fe3eaf7e-63c2-4d45-897a-bb13cd42fc54,TRUE,FALSE
inPublicationNotRound2,Vitis cinerea,gbifTaxonomy,GBIF,Vitis berlandieri Planch.,USA,NA,NA,adc20adc-f80c-48c4-941a-37b494273f49,TRUE,FALSE
inPublicationNotRound2,Vitis cinerea,gbifTaxonomy,GBIF,Vitis baileyana Munson,USA,NA,NA,72875484-3381-4674-87ea-a774c3e0233b,TRUE,FALSE
inPublicationNotRound2,Vitis cinerea,gbifTaxonomy,GBIF,Vitis simpsonii Munson,USA,NA,NA,ee5156c5-5f6b-4deb-94c5-c3df4690f020,TRUE,FALSE
inPublicationNotRound2,Vitis cinerea,gbifTaxonomy,GBIF,Vitis simpsonii Munson,USA,NA,NA,f10aac4e-1d45-4941-a586-6a4808ab787c,TRUE,FALSE
inPublicationNotRound2,Vitis cinerea,gbifTaxonomy,GBIF,Vitis simpsonii Munson,USA,NA,NA,af1a41b7-0071-45dd-8db7-b3253ca247d6,TRUE,FALSE
inPublicationNotRound2,Vitis cinerea,gbifTaxonomy,GBIF,Vitis simpsonii Munson,USA,NA,NA,efc767a2-570e-4b12-9b97-4fd54cfb2321,TRUE,FALSE
inPublicationNotRound2,Vitis cinerea,gbifTaxonomy,GBIF,Vitis virginiana Munson,USA,NA,NA,6521834c-9700-4fc8-ad34-1e9a284fb943,FALSE,TRUE
inPublicationNotRound2,Vitis cinerea,gbifTaxonomy,GBIF,Vitis berlandieri Planch.,USA,NA,NA,dadc9b85-8eb0-4f8f-85c4-06355217a76f,TRUE,FALSE
inPublicationNotRound2,Vitis cinerea,gbifTaxonomy,GBIF,Vitis berlandieri Planch.,USA,NA,NA,6a899444-b1f9-422f-beef-f30fae053737,TRUE,FALSE
inPublicationNotRound2,Vitis cinerea,gbifTaxonomy,GBIF,Vitis berlandieri Planch.,USA,NA,NA,1692c51d-08d3-4767-a045-b87cf95263db,TRUE,FALSE
inPublicationNotRound2,Vitis cinerea,gbifTaxonomy,GBIF,Vitis berlandieri Planch.,USA,NA,NA,fe02dec6-3b08-4f5e-a1b0-e603d5d2f3d8,TRUE,FALSE
inPublicationNotRound2,Vitis cinerea,gbifTaxonomy,GBIF,Vitis berlandieri Planch.,USA,NA,NA,359d8fc0-3e61-429d-a2f9-9da7fde090a1,TRUE,FALSE
inPublicationNotRound2,Vitis cinerea,gbifTaxonomy,GBIF,Vitis berlandieri Planch.,USA,NA,NA,0b1bb2a3-c7c2-4ed6-99e0-d2ceae331b88,TRUE,FALSE
inPublicationNotRound2,Vitis cinerea,gbifTaxonomy,GBIF,Vitis simpsonii Munson,USA,NA,NA,b2e55cef-d5a8-481b-8350-2f0a5a264c73,TRUE,FALSE
inPublicationNotRound2,Vitis cinerea,gbifTaxonomy,GBIF,Vitis simpsonii Munson,USA,NA,NA,3e31ef3c-6d57-46c9-8373-dfd4c95d0c54,TRUE,FALSE
inPublicationNotRound2,Vitis cinerea,gbifTaxonomy,GBIF,Vitis simpsonii Munson,USA,NA,NA,1df6f199-4073-4ceb-9364-6810dd9e606d,TRUE,FALSE
inPublicationNotRound2,Vitis cinerea,gbifTaxonomy,GBIF,Vitis simpsonii Munson,USA,NA,NA,c0b6815f-b912-4a43-b784-33f9dd8ad060,TRUE,FALSE
inPublicationNotRound2,Vitis cinerea,gbifTaxonomy,GBIF,Vitis simpsonii Munson,USA,NA,NA,ccd8f15e-72a8-412a-9eb5-b29af00e51fb,TRUE,FALSE
inPublicationNotRound2,Vitis cinerea,gbifTaxonomy,GBIF,Vitis simpsonii Munson,USA,NA,NA,fc854ec6-bccd-4327-aa7b-7399834d6669,TRUE,FALSE
inPublicationNotRound2,Vitis cinerea,gbifTaxonomy,GBIF,Vitis simpsonii Munson,USA,NA,NA,3477fe82-3a23-45bf-ab2b-346f5084cc1f,TRUE,FALSE
inPublicationNotRound2,Vitis cinerea,gbifTaxonomy,GBIF,Vitis berlandieri Planch.,USA,NA,NA,5196d5b6-d8bc-4db8-aaa4-e4025ec7049d,TRUE,FALSE
inPublicationNotRound2,Vitis cinerea,gbifTaxonomy,GBIF,Vitis berlandieri Planch.,USA,NA,NA,0eaccbb8-8b61-4787-bf72-f6ede0345c0e,TRUE,FALSE
inPublicationNotRound2,Vitis cinerea,gbifTaxonomy,GBIF,Vitis berlandieri Planch.,USA,NA,NA,0db6c846-5cfa-4326-a389-a87f73f677bb,TRUE,FALSE
inPublicationNotRound2,Vitis cinerea,gbifTaxonomy,GBIF,Vitis berlandieri Planch.,USA,NA,NA,a29603b9-20ae-409b-b219-8085d0dd417a,TRUE,FALSE
inPublicationNotRound2,Vitis cinerea,gbifTaxonomy,GBIF,Vitis berlandieri Planch.,USA,NA,NA,f62cb450-ce07-4cca-937c-f05fefa99504,TRUE,FALSE
inPublicationNotRound2,Vitis cinerea,gbifTaxonomy,GBIF,Vitis berlandieri Planch.,USA,NA,NA,1a396b10-b1e2-4cf2-8d68-78e8ccfb0981,TRUE,FALSE
inPublicationNotRound2,Vitis cinerea,gbifTaxonomy,GBIF,Vitis berlandieri Planch.,USA,NA,NA,3db8fc2a-61d3-4426-9e07-ab0522a5abb6,TRUE,FALSE
inPublicationNotRound2,Vitis cinerea,gbifTaxonomy,GBIF,Vitis berlandieri Planch.,USA,NA,NA,70a9bbb5-5b5a-4476-b3f3-43b72bf9dffa,TRUE,FALSE
inPublicationNotRound2,Vitis cinerea,gbifTaxonomy,GBIF,Vitis berlandieri Planch.,USA,NA,NA,f571927c-1922-4f3d-a55b-d222e73a6e29,TRUE,FALSE
inPublicationNotRound2,Vitis cinerea,gbifTaxonomy,GBIF,Vitis berlandieri Planch.,USA,NA,NA,eeeada98-434d-47c6-a64d-9d92adc4399f,TRUE,FALSE
inPublicationNotRound2,Vitis cinerea,gbifTaxonomy,GBIF,Vitis berlandieri Planch.,MEX,NA,NA,af34820a-a574-4678-bbca-ffe807ab0f76,TRUE,FALSE
inPublicationNotRound2,Vitis cinerea,gbifTaxonomy,GBIF,Vitis berlandieri Planch.,MEX,NA,NA,fef45e50-4b1e-4491-bca9-a2f03545142d,TRUE,FALSE
inPublicationNotRound2,Vitis cinerea,gbifTaxonomy,GBIF,Vitis baileyana Munson,NA,NA,NA,12202876-4b0e-4019-bc56-ba8898b87f2a,TRUE,FALSE
inPublicationNotRound2,Vitis cinerea,gbifTaxonomy,GBIF,Vitis baileyana Munson,USA,NA,NA,075cf1ef-f5e8-4014-96b5-5071bea41e48,TRUE,FALSE
inPublicationNotRound2,Vitis cinerea,gbifTaxonomy,GBIF,Vitis baileyana Munson,USA,NA,NA,b3b0e666-bcfc-4513-a476-2358e0f7ceea,TRUE,FALSE
inPublicationNotRound2,Vitis cinerea,gbifTaxonomy,GBIF,Vitis simpsonii Munson,USA,NA,NA,9a1618b5-673e-4d52-98d5-53e4077e7269,TRUE,FALSE
inPublicationNotRound2,Vitis cinerea,gbifTaxonomy,GBIF,Vitis simpsonii Munson,USA,NA,NA,11184b82-5f25-401b-9a42-070120887bb2,TRUE,FALSE
inPublicationNotRound2,Vitis cinerea,gbifTaxonomy,GBIF,Vitis berlandieri Planch.,MEX,NA,NA,http://n2t.net/ark:/65665/3c89d66c7-2f5e-4904-b22d-7733c0dcec31,TRUE,FALSE
inPublicationNotRound2,Vitis cinerea,gbifTaxonomy,GBIF,Vitis baileyana Munson,USA,NA,NA,http://n2t.net/ark:/65665/330162d80-4986-4764-8742-a508ed03bbc9,TRUE,FALSE
inPublicationNotRound2,Vitis cinerea,gbifTaxonomy,GBIF,Vitis berlandieri Planch.,USA,NA,NA,9e737519-716d-4213-b288-76a2c676fc8c,TRUE,FALSE
inPublicationNotRound2,Vitis cinerea,gbifTaxonomy,GBIF,Vitis berlandieri Planch.,USA,NA,NA,ab3dadb8-c2c3-45e2-99b8-0220b5a8349d,TRUE,FALSE
inPublicationNotRound2,Vitis cinerea,gbifTaxonomy,GBIF,Vitis berlandieri Planch.,MEX,NA,NA,fc0b413decd1dd3e8140de3ec9810a9e,TRUE,FALSE
inPublicationNotRound2,Vitis cinerea,gbifTaxonomy,GBIF,Vitis baileyana Munson,USA,NA,NA,5c6c20b6-ff6d-11e2-9beb-001c23ce290f,TRUE,FALSE
inPublicationNotRound2,Vitis cinerea,gbifTaxonomy,GBIF,Vitis simpsonii Munson,USA,NA,NA,UJ-KRA-P-220595-N,TRUE,FALSE
inPublicationNotRound2,Vitis cinerea,gbifTaxonomy,GBIF,Vitis berlandieri Planch.,NA,NA,NA,C6018E46AFAC4AA68FDBCC5376C8FEAC,TRUE,FALSE
inPublicationNotRound2,Vitis cinerea,gbifTaxonomy,GBIF,Vitis berlandieri Planch.,NA,NA,NA,70FEF53FDDFE444584CA30405CE04127,TRUE,FALSE
inPublicationNotRound2,Vitis cinerea,gbifTaxonomy,GBIF,Vitis baileyana Munson,USA,NA,NA,ef953c02-369e-4873-932d-98434ad5a2dc,TRUE,FALSE
inPublicationNotRound2,Vitis cinerea,gbifTaxonomy,GBIF,Vitis berlandieri Planch.,USA,NA,NA,UCJEPS:UC:UC18634,TRUE,FALSE
inPublicationNotRound2,Vitis cinerea,gbifTaxonomy,GBIF,Vitis berlandieri Planch.,USA,NA,NA,461ad8f0-1f20-4c5f-b456-5ac7717cc43d,TRUE,FALSE
inPublicationNotRound2,Vitis cinerea,gbifTaxonomy,GBIF,Vitis berlandieri Planch.,USA,NA,NA,6a11a5f0-d426-4cf2-952a-0bfdfa4a72f3,TRUE,FALSE
inPublicationNotRound2,Vitis cinerea,gbifTaxonomy,GBIF,Vitis berlandieri Planch.,USA,NA,NA,5e3874c4-d2ed-4657-bdbd-47a6e706091c,TRUE,FALSE
inPublicationNotRound2,Vitis cinerea,gbifTaxonomy,GBIF,Vitis berlandieri Planch.,USA,NA,NA,628cb75e-8d6c-462e-82b5-735140d211ea,TRUE,FALSE
inPublicationNotRound2,Vitis cinerea,gbifTaxonomy,GBIF,Vitis berlandieri Planch.,USA,NA,NA,7d379249-2d73-41ed-b5a4-8b157028d595,TRUE,FALSE
inPublicationNotRound2,Vitis cinerea,gbifTaxonomy,GBIF,Vitis berlandieri Planch.,MEX,NA,NA,d953ee047c218f8e46904f1ff39bd7be,TRUE,FALSE
inPublicationNotRound2,Vitis cinerea,gbifTaxonomy,GBIF,Vitis berlandieri Planch.,MEX,NA,NA,1d19e5b15c53140693102012b9da4a2b,TRUE,FALSE
inPublicationNotRound2,Vitis cinerea,gbifTaxonomy,GBIF,Vitis berlandieri Planch.,MEX,NA,NA,26a9a3fb4c7a54fa27eb572c0f038507,TRUE,FALSE
inPublicationNotRound2,Vitis cinerea,gbifTaxonomy,GBIF,Vitis berlandieri Planch.,MEX,NA,NA,cf2e84ce6e9ae92c2d6aa9542af7124a,TRUE,FALSE
inPublicationNotRound2,Vitis cinerea,gbifTaxonomy,GBIF,Vitis berlandieri Planch.,MEX,NA,NA,aef059d6d6696790e670ec4d6eec9ad7,TRUE,FALSE
inPublicationNotRound2,Vitis cinerea,gbifTaxonomy,GBIF,Vitis berlandieri Planch.,MEX,NA,NA,73e4e6459cb8ef745da8431c15e2045d,TRUE,FALSE
inPublicationNotRound2,Vitis cinerea,gbifTaxonomy,GBIF,Vitis berlandieri Planch.,MEX,NA,NA,e380e9e7798a16fe7264e1355394d686,TRUE,FALSE
inPublicationNotRound2,Vitis cinerea,gbifTaxonomy,GBIF,Vitis berlandieri Planch.,MEX,NA,NA,b5f6f126fea958422e4cefbf90cdfb6d,TRUE,FALSE
inPublicationNotRound2,Vitis cinerea,gbifTaxonomy,GBIF,Vitis berlandieri Planch.,MEX,NA,NA,c2ad72ccbc843cb7e6cd5cbe8d474303,TRUE,FALSE
inPublicationNotRound2,Vitis cinerea,gbifTaxonomy,GBIF,Vitis berlandieri Planch.,MEX,NA,NA,ccfe8c6564a0c835257d2c16f7db0dda,TRUE,FALSE
inPublicationNotRound2,Vitis cinerea,gbifTaxonomy,GBIF,Vitis berlandieri Planch.,MEX,NA,NA,e446629162ef0f2d47d414c6f1616297,TRUE,FALSE
inPublicationNotRound2,Vitis cinerea,gbifTaxonomy,GBIF,Vitis baileyana Munson,USA,NA,NA,cf43a953-d78a-4d3a-8caf-f190265c955a,TRUE,FALSE
inPublicationNotRound2,Vitis cinerea,gbifTaxonomy,GBIF,Vitis baileyana Munson,USA,NA,NA,b9996afb-96ce-4237-a3cc-9578b4c69293,TRUE,FALSE
inPublicationNotRound2,Vitis cinerea,gbifTaxonomy,GBIF,Vitis berlandieri Planch.,USA,NA,NA,7ec2645d-fe5c-4936-af6d-069c0ffc71d0,TRUE,FALSE
inPublicationNotRound2,Vitis cinerea,gbifTaxonomy,GBIF,Vitis berlandieri Planch.,USA,NA,NA,525866d9-75ad-41e6-9981-1879f3417592,TRUE,FALSE
inPublicationNotRound2,Vitis cinerea,gbifTaxonomy,GBIF,Vitis berlandieri Planch.,USA,NA,NA,1ba496b7-d2b0-476d-81fd-588c0bcab858,TRUE,FALSE
inPublicationNotRound2,Vitis cinerea,gbifTaxonomy,GBIF,Vitis berlandieri Planch.,USA,NA,NA,0759e817-c5fe-46e0-bb89-7579dbb4348a,TRUE,FALSE
inPublicationNotRound2,Vitis cinerea,gbifTaxonomy,GBIF,Vitis berlandieri Planch.,NA,NA,NA,http://data.rbge.org.uk/living/19613870,TRUE,FALSE
inPublicationNotRound2,Vitis cinerea,gbifTaxonomy,GBIF,Vitis baileyana Munson,USA,NA,NA,54007055-9be0-478f-b6bf-c9581dd446f1,TRUE,FALSE
inPublicationNotRound2,Vitis cinerea,gbifTaxonomy,GBIF,Vitis baileyana Munson,USA,NA,NA,3ae55f99-cdcc-48d0-a5ad-38d96ce255c3,TRUE,FALSE
inPublicationNotRound2,Vitis cinerea,gbifTaxonomy,GBIF,Vitis baileyana Munson,USA,NA,NA,1058d47d-527b-43fd-9f2b-8158e34c6f41,TRUE,FALSE
inPublicationNotRound2,Vitis cinerea,gbifTaxonomy,GBIF,Vitis baileyana Munson,USA,NA,NA,09cac1f1-7c4f-46ca-91b1-57b2637c3cf5,TRUE,FALSE
inPublicationNotRound2,Vitis cinerea,gbifTaxonomy,GBIF,Vitis baileyana Munson,USA,NA,NA,ce551a9c-1969-436f-afed-874be4272ba0,TRUE,FALSE
inPublicationNotRound2,Vitis cinerea,gbifTaxonomy,GBIF,Vitis baileyana Munson,USA,NA,NA,b76ec82c-a005-4d86-b72b-f8d5e0ac4cf7,TRUE,FALSE
inPublicationNotRound2,Vitis cinerea,gbifTaxonomy,GBIF,Vitis baileyana Munson,USA,NA,NA,44ca180a-a32b-4c1a-bc2c-6f345919f72e,TRUE,FALSE
inPublicationNotRound2,Vitis cinerea,gbifTaxonomy,GBIF,Vitis baileyana Munson,USA,NA,NA,981d0f4e-e23d-4150-a06a-120cca0a01fd,TRUE,FALSE
inPublicationNotRound2,Vitis cinerea,gbifTaxonomy,GBIF,Vitis berlandieri Planch.,USA,NA,NA,8a9bad85-e8d5-45a1-802d-b85479d7c246,TRUE,FALSE
inPublicationNotRound2,Vitis cinerea,gbifTaxonomy,GBIF,Vitis berlandieri Planch.,MEX,NA,NA,e02d04cc0f0be3c2a5fcd783f36d3582,TRUE,FALSE
inPublicationNotRound2,Vitis cinerea,gbifTaxonomy,GBIF,Vitis helleri (L.H.Bailey) Small,USA,NA,NA,f51c018b-bf7c-4b63-a418-4baabb405c61,FALSE,TRUE
inPublicationNotRound2,Vitis cinerea,gbifTaxonomy,GBIF,Vitis berlandieri Planch.,USA,NA,NA,b5f856ff-42bb-400f-b791-44d4e8bd335e,TRUE,FALSE
inPublicationNotRound2,Vitis cinerea,gbifTaxonomy,GBIF,Vitis baileyana Munson,USA,NA,NA,ccf4a942-cd51-47de-b12a-93a8681a876f,TRUE,FALSE
inPublicationNotRound2,Vitis cinerea,gbifTaxonomy,GBIF,Vitis simpsonii Munson,NA,NA,NA,ade16146-c9ad-48fe-8092-47cacaa55464,TRUE,FALSE
inPublicationNotRound2,Vitis cinerea,gbifTaxonomy,GBIF,Vitis simpsonii Munson,NA,NA,NA,44254a29-0c40-4665-97ee-ac1649cfb6a6,TRUE,FALSE
inPublicationNotRound2,Vitis cinerea,gbifTaxonomy,GBIF,Vitis simpsonii Munson,NA,NA,NA,1e133a89-4b8c-409b-b721-ddf5e25bd562,TRUE,FALSE
inPublicationNotRound2,Vitis cinerea,gbifTaxonomy,GBIF,Vitis simpsonii Munson,USA,NA,NA,4772d90e-4d1c-4921-817f-ddd920590b5d,TRUE,FALSE
inPublicationNotRound2,Vitis cinerea,gbifTaxonomy,GBIF,Vitis simpsonii Munson,NA,NA,NA,cabd6954-fad8-47c5-816a-4e55885e1a7c,TRUE,FALSE
inPublicationNotRound2,Vitis cinerea,gbifTaxonomy,GBIF,Vitis berlandieri Planch.,NA,NA,NA,8f0365d0-1063-4896-bcc5-c9ef51441833,TRUE,FALSE
inPublicationNotRound2,Vitis cinerea,gbifTaxonomy,GBIF,Vitis baileyana Munson,USA,NA,NA,857cda93-22ef-4638-96d1-24b2188e9b54,TRUE,FALSE
inPublicationNotRound2,Vitis cinerea,gbifTaxonomy,GBIF,Vitis berlandieri Planch.,USA,NA,NA,http://coldb.mnhn.fr/catalognumber/um/mpu/mpu018269,TRUE,FALSE
inPublicationNotRound2,Vitis cinerea,gbifTaxonomy,GBIF,Vitis baileyana Munson,USA,NA,NA,c06abe22-353b-4710-8c65-bc0affe46a3a,TRUE,FALSE
inPublicationNotRound2,Vitis cinerea,gbifTaxonomy,GBIF,Vitis baileyana Munson,USA,NA,NA,23d7168e-882c-4ec2-98d5-ed868ab34637,TRUE,FALSE
inPublicationNotRound2,Vitis cinerea,gbifTaxonomy,GBIF,Vitis baileyana Munson,USA,NA,NA,34d81fd1-ce59-4178-a2e9-d61b8f72bc60,TRUE,FALSE
inPublicationNotRound2,Vitis cinerea,gbifTaxonomy,GBIF,Vitis baileyana Munson,USA,NA,NA,e34a8092-5ecd-4a4b-bdc2-4d6c8b182ddd,TRUE,FALSE
inPublicationNotRound2,Vitis cinerea,gbifTaxonomy,GBIF,Vitis baileyana Munson,USA,NA,NA,27fccad0-4509-4176-8991-5c84b53032e9,TRUE,FALSE
inPublicationNotRound2,Vitis cinerea,gbifTaxonomy,GBIF,Vitis baileyana Munson,USA,NA,NA,abaaa5ea-8a32-4d51-b7fb-440bd5bd2b88,TRUE,FALSE
inPublicationNotRound2,Vitis cinerea,gbifTaxonomy,GBIF,Vitis baileyana Munson,USA,NA,NA,e5964e8b-2a10-4104-a61b-5cddb2a1623f,TRUE,FALSE
inPublicationNotRound2,Vitis cinerea,gbifTaxonomy,GBIF,Vitis sola L.H.Bailey,USA,NA,NA,8b6debee-63a6-424c-953a-32d9ef0068a0,FALSE,TRUE
inPublicationNotRound2,Vitis cinerea,gbifTaxonomy,GBIF,Vitis baileyana Munson,USA,NA,NA,1a08b43a-4032-4290-83de-0f0745961d07,TRUE,FALSE
inPublicationNotRound2,Vitis cinerea,gbifTaxonomy,GBIF,Vitis baileyana Munson,USA,NA,NA,855ff88f-ded3-47ff-a1e8-2634c129b9de,TRUE,FALSE
inPublicationNotRound2,Vitis cinerea,gbifTaxonomy,GBIF,Vitis baileyana Munson,USA,NA,NA,6d7d8963-7ba5-4c67-82e9-c073f1601e29,TRUE,FALSE
inPublicationNotRound2,Vitis cinerea,gbifTaxonomy,GBIF,Vitis baileyana Munson,USA,NA,NA,e173dbea-6196-4b6d-92cd-87be9faa9312,TRUE,FALSE
inPublicationNotRound2,Vitis cinerea,gbifTaxonomy,GBIF,Vitis baileyana Munson,USA,NA,NA,5e410912-661e-4177-8d90-b98074749a45,TRUE,FALSE
inPublicationNotRound2,Vitis cinerea,gbifTaxonomy,GBIF,Vitis berlandieri Planch.,MEX,NA,NA,48a95baf-84bb-4c5b-97a4-02488b07ffd4,TRUE,FALSE
inPublicationNotRound2,Vitis cinerea,gbifTaxonomy,GBIF,Vitis berlandieri Planch.,USA,NA,NA,0e8450c2-44c5-4d52-a9b7-eaf22aece23f,TRUE,FALSE
inPublicationNotRound2,Vitis cinerea,gbifTaxonomy,GBIF,Vitis berlandieri Planch.,MEX,NA,NA,3248e081-6dcc-4d7a-9f01-b3230a1cee29,TRUE,FALSE
inPublicationNotRound2,Vitis cinerea,gbifTaxonomy,GBIF,Vitis berlandieri Planch.,USA,NA,NA,5b690a4a-0a74-477c-a916-c6d8c5802a4e,TRUE,FALSE
inPublicationNotRound2,Vitis cinerea,gbifTaxonomy,GBIF,Vitis berlandieri Planch.,MEX,NA,NA,aaec551d-2869-4a6f-b569-f08c6d3e5f58,TRUE,FALSE
inPublicationNotRound2,Vitis cinerea,gbifTaxonomy,GBIF,Vitis berlandieri Planch.,USA,NA,NA,eca679b0-b819-44f0-9fa6-7f17064f1885,TRUE,FALSE
inPublicationNotRound2,Vitis cinerea,gbifTaxonomy,GBIF,Vitis baileyana Munson,USA,NA,NA,a08ffa1b-2063-4017-8496-198c57032c48,TRUE,FALSE
inPublicationNotRound2,Vitis cinerea,gbifTaxonomy,GBIF,Vitis baileyana Munson,USA,NA,NA,aa6d4fb0-9f13-4096-8655-a0b43871121c,TRUE,FALSE
inPublicationNotRound2,Vitis cinerea,gbifTaxonomy,GBIF,Vitis berlandieri Planch.,USA,NA,NA,f83d1965-8fcc-443b-acfa-08170d330cd6,TRUE,FALSE
inPublicationNotRound2,Vitis cinerea,gbifTaxonomy,GBIF,Vitis berlandieri Planch.,USA,NA,NA,http://specimens.kew.org/herbarium/K004490898,TRUE,FALSE
inPublicationNotRound2,Vitis cinerea,gbifTaxonomy,GBIF,Vitis berlandieri Planch.,USA,NA,NA,http://specimens.kew.org/herbarium/K004491239,TRUE,FALSE
inPublicationNotRound2,Vitis cinerea,gbifTaxonomy,GBIF,Vitis baileyana Munson,USA,NA,NA,urn:uuid:b2864737-7ee2-49cd-b6cd-38f256315ef0,TRUE,FALSE
inPublicationNotRound2,Vitis cinerea,gbifTaxonomy,GBIF,Vitis berlandieri Planch.,NA,NA,NA,urn:catalog:IMECBIO-UDG:ZEA:NO DISPONIBLE:ccbbc16bffd98bf2af1272a30b6ee744,TRUE,FALSE
inPublicationNotRound2,Vitis cinerea,gbifTaxonomy,GBIF,Vitis berlandieri Planch.,NA,NA,NA,urn:catalog:NO DISPONIBLE:NO DISPONIBLE:NO DISPONIBLE:fd676a6e6613411213c7ca417b2c0ab9,TRUE,FALSE
inPublicationNotRound2,Vitis cinerea,gbifTaxonomy,GBIF,Vitis berlandieri Planch.,NA,NA,NA,urn:catalog:NO DISPONIBLE:NO DISPONIBLE:NO DISPONIBLE:9aca374f5e1b255c3aa964932f305a77,TRUE,FALSE
inPublicationNotRound2,Vitis cinerea,gbifTaxonomy,GBIF,Vitis baileyana Munson,NA,NA,NA,"urn:catalog:KVL:Arboretum:1986,0574",TRUE,FALSE
inPublicationNotRound2,Vitis cinerea,gbifTaxonomy,GBIF,Vitis baileyana Munson,USA,NA,NA,0dbb5fad-c06a-4872-9b7f-3d44eb6fb0e5,TRUE,FALSE
inPublicationNotRound2,Vitis cinerea,gbifTaxonomy,GBIF,Vitis berlandieri Planch.,NA,NA,NA,8011Bdx6,TRUE,FALSE
inPublicationNotRound2,Vitis cinerea,gbifTaxonomy,GBIF,Vitis berlandieri Planch.,NA,NA,NA,8011Bdx8,TRUE,FALSE
inPublicationNotRound2,Vitis cinerea,gbifTaxonomy,GBIF,Vitis berlandieri Planch.,NA,NA,NA,8011Bdx9,TRUE,FALSE
inPublicationNotRound2,Vitis cinerea,gbifTaxonomy,GBIF,Vitis berlandieri Planch.,NA,NA,NA,8011Bdx2,TRUE,FALSE
inPublicationNotRound2,Vitis cinerea,gbifTaxonomy,GBIF,Vitis berlandieri Planch.,NA,NA,NA,8011Bdx3,TRUE,FALSE
inPublicationNotRound2,Vitis cinerea,gbifTaxonomy,GBIF,Vitis berlandieri Planch.,NA,NA,NA,8011Bdx5,TRUE,FALSE
inPublicationNotRound2,Vitis cinerea,gbifTaxonomy,GBIF,Vitis berlandieri Planch.,NA,NA,NA,8011Bdx1,TRUE,FALSE
inPublicationNotRound2,Vitis cinerea,gbifTaxonomy,GBIF,Vitis berlandieri Planch.,NA,NA,NA,8011Bdx4,TRUE,FALSE
inPublicationNotRound2,Vitis cinerea,gbifTaxonomy,GBIF,Vitis berlandieri Planch.,NA,NA,NA,8011Bdx7,TRUE,FALSE
inPublicationNotRound2,Vitis cinerea,gbifTaxonomy,GBIF,Vitis berlandieri Planch.,NA,NA,NA,8011Mtp18,TRUE,FALSE
inPublicationNotRound2,Vitis cinerea,gbifTaxonomy,GBIF,Vitis berlandieri Planch.,NA,NA,NA,8011Mtp19,TRUE,FALSE
inPublicationNotRound2,Vitis cinerea,gbifTaxonomy,GBIF,Vitis berlandieri Planch.,NA,NA,NA,8011Mtp21,TRUE,FALSE
inPublicationNotRound2,Vitis cinerea,gbifTaxonomy,GBIF,Vitis berlandieri Planch.,NA,NA,NA,8011Mtp28,TRUE,FALSE
inPublicationNotRound2,Vitis cinerea,gbifTaxonomy,GBIF,Vitis berlandieri Planch.,NA,NA,NA,0Bdx1091,TRUE,FALSE
inPublicationNotRound2,Vitis cinerea,gbifTaxonomy,GBIF,Vitis berlandieri Planch.,NA,NA,NA,0Bdx1075,TRUE,FALSE
inPublicationNotRound2,Vitis cinerea,gbifTaxonomy,GBIF,Vitis berlandieri Planch.,NA,NA,NA,0Bdx1072,TRUE,FALSE
inPublicationNotRound2,Vitis cinerea,gbifTaxonomy,GBIF,Vitis berlandieri Planch.,NA,NA,NA,0Bdx1074,TRUE,FALSE
inPublicationNotRound2,Vitis cinerea,gbifTaxonomy,GBIF,Vitis berlandieri Planch.,NA,NA,NA,0Bdx1073,TRUE,FALSE
inPublicationNotRound2,Vitis cinerea,gbifTaxonomy,GBIF,Vitis berlandieri Planch.,NA,NA,NA,0Bdx1076,TRUE,FALSE
inPublicationNotRound2,Vitis cinerea,gbifTaxonomy,GBIF,Vitis berlandieri Planch.,NA,NA,NA,0Bdx1077,TRUE,FALSE
inPublicationNotRound2,Vitis cinerea,gbifTaxonomy,GBIF,Vitis baileyana Munson,NA,NA,NA,0Bdx1081,TRUE,FALSE
inPublicationNotRound2,Vitis cinerea,gbifTaxonomy,GBIF,Vitis berlandieri Planch.,NA,NA,NA,0Bdx1080,TRUE,FALSE
inPublicationNotRound2,Vitis cinerea,gbifTaxonomy,GBIF,Vitis berlandieri Planch.,NA,NA,NA,0Bdx1069,TRUE,FALSE
inPublicationNotRound2,Vitis cinerea,gbifTaxonomy,GBIF,Vitis berlandieri Planch.,NA,NA,NA,0Bdx1068,TRUE,FALSE
inPublicationNotRound2,Vitis cinerea,gbifTaxonomy,GBIF,Vitis berlandieri Planch.,NA,NA,NA,0Bdx1070,TRUE,FALSE
inPublicationNotRound2,Vitis cinerea,gbifTaxonomy,GBIF,Vitis berlandieri Planch.,NA,NA,NA,0Bdx1071,TRUE,FALSE
inPublicationNotRound2,Vitis cinerea,gbifTaxonomy,GBIF,Vitis berlandieri Planch.,NA,NA,NA,0Bdx1043,TRUE,FALSE
inPublicationNotRound2,Vitis cinerea,gbifTaxonomy,GBIF,Vitis berlandieri Planch.,NA,NA,NA,0Bdx1015,TRUE,FALSE
inPublicationNotRound2,Vitis cinerea,gbifTaxonomy,GBIF,Vitis berlandieri Planch.,NA,NA,NA,0Bdx1006,TRUE,FALSE
inPublicationNotRound2,Vitis cinerea,gbifTaxonomy,GBIF,Vitis berlandieri Planch.,NA,NA,NA,0Bdx1009,TRUE,FALSE
inPublicationNotRound2,Vitis cinerea,gbifTaxonomy,GBIF,Vitis berlandieri Planch.,NA,NA,NA,0Bdx1008,TRUE,FALSE
inPublicationNotRound2,Vitis cinerea,gbifTaxonomy,GBIF,Vitis berlandieri Planch.,NA,NA,NA,0Bdx1007,TRUE,FALSE
inPublicationNotRound2,Vitis cinerea,gbifTaxonomy,GBIF,Vitis berlandieri Planch.,NA,NA,NA,0Bdx1011,TRUE,FALSE
inPublicationNotRound2,Vitis cinerea,gbifTaxonomy,GBIF,Vitis berlandieri Planch.,NA,NA,NA,0Bdx1010,TRUE,FALSE
inPublicationNotRound2,Vitis cinerea,gbifTaxonomy,GBIF,Vitis berlandieri Planch.,NA,NA,NA,0Bdx1013,TRUE,FALSE
inPublicationNotRound2,Vitis cinerea,gbifTaxonomy,GBIF,Vitis berlandieri Planch.,NA,NA,NA,0Bdx1012,TRUE,FALSE
inPublicationNotRound2,Vitis cinerea,gbifTaxonomy,GBIF,Vitis berlandieri Planch.,NA,NA,NA,0Bdx1014,TRUE,FALSE
inPublicationNotRound2,Vitis cinerea,gbifTaxonomy,GBIF,Vitis berlandieri Planch.,NA,NA,NA,8011Col10594,TRUE,FALSE
inPublicationNotRound2,Vitis cinerea,gbifTaxonomy,GBIF,Vitis berlandieri Planch.,NA,NA,NA,8011Col10099,TRUE,FALSE
inPublicationNotRound2,Vitis cinerea,gbifTaxonomy,GBIF,Vitis berlandieri Planch.,NA,NA,NA,8011Bdx10,TRUE,FALSE
inPublicationNotRound2,Vitis cinerea,gbifTaxonomy,GBIF,Vitis berlandieri Planch.,NA,NA,NA,0Bdx993,TRUE,FALSE
inPublicationNotRound2,Vitis cinerea,gbifTaxonomy,GBIF,Vitis berlandieri Planch.,NA,NA,NA,8011Col1,TRUE,FALSE
inPublicationNotRound2,Vitis cinerea,gbifTaxonomy,GBIF,Vitis baileyana Munson,USA,NA,NA,1634f7d8-d95e-4a33-be6a-c113e8201b8a,TRUE,FALSE
inPublicationNotRound2,Vitis cinerea,gbifTaxonomy,GBIF,Vitis aestivalis var. cinerea Engelm.,USA,NA,NA,https://data.biodiversitydata.nl/naturalis/specimen/U.1770366,FALSE,TRUE
inPublicationNotRound2,Vitis cinerea,gbifTaxonomy,GBIF,Vitis aestivalis var. cinerea Engelm.,USA,NA,NA,urn:catalog:MO:Tropicos:176858,FALSE,TRUE
inPublicationNotRound2,Vitis cinerea,gbifTaxonomy,GBIF,Vitis aestivalis var. cinerea Engelm.,USA,NA,NA,urn:catalog:MO:Tropicos:1398762,FALSE,TRUE
inPublicationNotRound2,Vitis cinerea,gbifTaxonomy,GBIF,Vitis aestivalis var. cinerea Engelm.,USA,NA,NA,urn:catalog:MO:Tropicos:1398991,FALSE,TRUE
inPublicationNotRound2,Vitis cinerea,gbifTaxonomy,GBIF,Vitis aestivalis var. cinerea Engelm.,USA,NA,NA,urn:catalog:MO:Tropicos:1400104,FALSE,TRUE
inPublicationNotRound2,Vitis cinerea,gbifTaxonomy,GBIF,Vitis aestivalis var. cinerea Engelm.,USA,NA,NA,urn:catalog:MO:Tropicos:1397948,FALSE,TRUE
inPublicationNotRound2,Vitis cinerea,gbifTaxonomy,GBIF,Vitis aestivalis var. cinerea Engelm.,USA,NA,NA,urn:catalog:MO:Tropicos:1398992,FALSE,TRUE
inPublicationNotRound2,Vitis cinerea,gbifTaxonomy,GBIF,Vitis aestivalis var. cinerea Engelm.,USA,NA,NA,urn:catalog:MO:Tropicos:1398761,FALSE,TRUE
inPublicationNotRound2,Vitis cinerea,gbifTaxonomy,GBIF,Vitis berlandieri Planch.,NA,NA,NA,NA,TRUE,FALSE
inPublicationNotRound2,Vitis cinerea,gbifTaxonomy,GBIF,Vitis simpsonii Munson,NA,NA,NA,NA,TRUE,FALSE
inPublicationNotRound2,Vitis cinerea,gbifTaxonomy,GBIF,Vitis baileyana Munson,NA,NA,NA,NA,TRUE,FALSE
inPublicationNotRound2,Vitis cinerea,gbifTaxonomy,GBIF,Vitis berlandieri Planch.,NA,NA,NA,NA,TRUE,FALSE
inPublicationNotRound2,Vitis cinerea,gbifTaxonomy,GBIF,Vitis berlandieri Planch.,NA,NA,NA,NA,TRUE,FALSE
inPublicationNotRound2,Vitis cinerea,gbifTaxonomy,GBIF,Vitis simpsonii Munson,USA,NA,NA,NA,TRUE,FALSE
inPublicationNotRound2,Vitis cinerea var. cinerea,gbifTaxonomy,GBIF,Vitis aestivalis var. cinerea Engelm.,USA,NA,NA,https://data.biodiversitydata.nl/naturalis/specimen/U.1770366,FALSE,TRUE
inPublicationNotRound2,Vitis cinerea var. cinerea,gbifTaxonomy,GBIF,Vitis aestivalis var. cinerea Engelm.,USA,NA,NA,urn:catalog:MO:Tropicos:176858,FALSE,TRUE
inPublicationNotRound2,Vitis cinerea var. cinerea,gbifTaxonomy,GBIF,Vitis aestivalis var. cinerea Engelm.,USA,NA,NA,urn:catalog:MO:Tropicos:1398762,FALSE,TRUE
inPublicationNotRound2,Vitis cinerea var. cinerea,gbifTaxonomy,GBIF,Vitis aestivalis var. cinerea Engelm.,USA,NA,NA,urn:catalog:MO:Tropicos:1398991,FALSE,TRUE
inPublicationNotRound2,Vitis cinerea var. cinerea,gbifTaxonomy,GBIF,Vitis aestivalis var. cinerea Engelm.,USA,NA,NA,urn:catalog:MO:Tropicos:1400104,FALSE,TRUE
inPublicationNotRound2,Vitis cinerea var. cinerea,gbifTaxonomy,GBIF,Vitis aestivalis var. cinerea Engelm.,USA,NA,NA,urn:catalog:MO:Tropicos:1397948,FALSE,TRUE
inPublicationNotRound2,Vitis cinerea var. cinerea,gbifTaxonomy,GBIF,Vitis aestivalis var. cinerea Engelm.,USA,NA,NA,urn:catalog:MO:Tropicos:1398992,FALSE,TRUE
inPublicationNotRound2,Vitis cinerea var. cinerea,gbifTaxonomy,GBIF,Vitis aestivalis var. cinerea Engelm.,USA,NA,NA,urn:catalog:MO:Tropicos:1398761,FALSE,TRUE
inPublicationNotRound2,Vitis cinerea var. tomentosa,gbifTaxonomy,GBIF,Vitis berlandieri var. tomentosa Planch.,MEX,23.9747,-99.7349,http://n2t.net/ark:/65665/34182e01a-a95e-413f-b458-eb2769294859,FALSE,TRUE
inPublicationNotRound2,Vitis cinerea var. tomentosa,gbifTaxonomy,GBIF,Vitis berlandieri var. tomentosa Planch.,MEX,29.2636,-100.971,http://n2t.net/ark:/65665/31321e518-574c-4061-9508-b05e62263d24,FALSE,TRUE
inPublicationNotRound2,Vitis cinerea var. tomentosa,gbifTaxonomy,GBIF,Vitis berlandieri var. tomentosa Planch.,MEX,29.0741,-100.679,http://n2t.net/ark:/65665/35e4082e2-c622-4661-b28e-044afa3b962e,FALSE,TRUE
inPublicationNotRound2,Vitis cinerea var. tomentosa,gbifTaxonomy,GBIF,Vitis berlandieri var. tomentosa Planch.,MEX,25.396,-100.797,http://n2t.net/ark:/65665/31723e0d3-5196-45c4-b3ea-5d4abbfd3cbd,FALSE,TRUE
inPublicationNotRound2,Vitis cinerea var. tomentosa,gbifTaxonomy,GBIF,Vitis berlandieri var. tomentosa Planch.,MEX,27.9703,-101.581,http://n2t.net/ark:/65665/3e8048a07-a4df-415b-ae44-962dc322d604,FALSE,TRUE
inPublicationNotRound2,Vitis cinerea var. tomentosa,gbifTaxonomy,GBIF,Vitis berlandieri var. tomentosa Planch.,MEX,25.3214,-101.401,http://n2t.net/ark:/65665/3860de1e6-4cf5-4888-8edf-bde10026ebef,FALSE,TRUE
inPublicationNotRound2,Vitis cinerea var. tomentosa,gbifTaxonomy,GBIF,Vitis berlandieri var. tomentosa Planch.,MEX,28.4183,-100.891,http://n2t.net/ark:/65665/3ef6dcf66-c94e-4159-b7f3-7e815d9d11ca,FALSE,TRUE
inPublicationNotRound2,Vitis cinerea var. tomentosa,gbifTaxonomy,GBIF,Vitis berlandieri var. tomentosa Planch.,MEX,23.9747,-99.7349,http://n2t.net/ark:/65665/320a2ff10-9bf5-45da-8290-2fda20fb5b1e,FALSE,TRUE
inPublicationNotRound2,Vitis cinerea var. tomentosa,gbifTaxonomy,GBIF,Vitis berlandieri var. tomentosa Planch.,MEX,25.3779,-100.791,http://n2t.net/ark:/65665/31952a939-6711-40ce-9fe0-c86978663f23,FALSE,TRUE
inPublicationNotRound2,Vitis cinerea var. tomentosa,gbifTaxonomy,GBIF,Vitis berlandieri var. tomentosa Planch.,MEX,29.2636,-100.971,http://n2t.net/ark:/65665/31bac6153-2ee2-4316-97d4-02a29186034f,FALSE,TRUE
inPublicationNotRound2,Vitis cinerea var. tomentosa,gbifTaxonomy,GBIF,Vitis berlandieri var. tomentosa Planch.,MEX,23.9733,-99.7375,http://n2t.net/ark:/65665/388631d68-5bd8-4d8b-80aa-c90c70b09d4c,FALSE,TRUE
inPublicationNotRound2,Vitis girdiana,dec16Driver,GBIF,Vitis girdiana Munson,USA,34.206,-177.2805,b0198a40-0acb-40d8-bcd6-ceacfedca546,FALSE,FALSE
inPublicationNotRound2,Vitis novogranatensis,dec16Driver,Huerta-Acosta publication,NA,NA,NA,NA,Lawrance 162,FALSE,FALSE
inPublicationNotRound2,Vitis rotundifolia,gbifTaxonomy,GBIF,Vitis munsoniana Simpson ex Munson,USA,25.08651,-80.44728,https://data.biodiversitydata.nl/naturalis/specimen/L.1083949,TRUE,FALSE
inPublicationNotRound2,Vitis rotundifolia,gbifTaxonomy,GBIF,Vitis munsoniana Simpson ex Munson,USA,27.3931,-81.378,https://data.biodiversitydata.nl/naturalis/specimen/L.2339117,TRUE,FALSE
inPublicationNotRound2,Vitis rotundifolia,gbifTaxonomy,GBIF,Vitis munsoniana Simpson ex Munson,USA,25.08651,-80.44728,https://data.biodiversitydata.nl/naturalis/specimen/U%20%200056324,TRUE,FALSE
inPublicationNotRound2,Vitis rotundifolia,gbifTaxonomy,GBIF,Vitis munsoniana Simpson ex Munson,USA,25.08651,-80.44728,https://data.biodiversitydata.nl/naturalis/specimen/L.1083951,TRUE,FALSE
inPublicationNotRound2,Vitis rotundifolia,gbifTaxonomy,GBIF,Vitis munsoniana Simpson ex Munson,USA,25.08651,-80.44728,https://data.biodiversitydata.nl/naturalis/specimen/L.1083950,TRUE,FALSE
inPublicationNotRound2,Vitis rotundifolia,gbifTaxonomy,GBIF,Vitis munsoniana Simpson ex Munson,USA,25.08651,-80.44728,https://data.biodiversitydata.nl/naturalis/specimen/L.1083952,TRUE,FALSE
inPublicationNotRound2,Vitis rotundifolia,gbifTaxonomy,GBIF,Vitis munsoniana Simpson ex Munson,USA,25.08651,-80.44728,https://data.biodiversitydata.nl/naturalis/specimen/L.1083947,TRUE,FALSE
inPublicationNotRound2,Vitis rotundifolia,gbifTaxonomy,GBIF,Vitis munsoniana Simpson ex Munson,USA,25.08651,-80.44728,https://data.biodiversitydata.nl/naturalis/specimen/L.1083948,TRUE,FALSE
inPublicationNotRound2,Vitis rotundifolia,gbifTaxonomy,GBIF,Vitis munsoniana Simpson ex Munson,USA,30.908889,-88.036111,https://arctos.database.museum/guid/UAM:Herb:255052,TRUE,FALSE
inPublicationNotRound2,Vitis rotundifolia,gbifTaxonomy,GBIF,Vitis munsoniana Simpson ex Munson,USA,30.908889,-88.036111,https://arctos.database.museum/guid/UAM:Herb:255054,TRUE,FALSE
inPublicationNotRound2,Vitis rotundifolia,gbifTaxonomy,GBIF,Vitis munsoniana J.H.Simpson,USA,30.9089,-88.0361,http://n2t.net/ark:/65665/30d7ddabc-7076-4dc6-9343-4ccdcdf35a7e,TRUE,FALSE
inPublicationNotRound2,Vitis rotundifolia,gbifTaxonomy,GBIF,Vitis munsoniana Simpson ex Munson,USA,27.47992,-82.34519,http://coldb.mnhn.fr/catalognumber/mnhn/p/p02343795,TRUE,FALSE
inPublicationNotRound2,Vitis rotundifolia,gbifTaxonomy,GBIF,Vitis munsoniana Simpson ex Munson,USA,27.33644,-82.53065,http://coldb.mnhn.fr/catalognumber/mnhn/p/p02343797,TRUE,FALSE
inPublicationNotRound2,Vitis rotundifolia,gbifTaxonomy,GBIF,Vitis munsoniana Simpson ex Munson,USA,28.85382,-81.679,http://coldb.mnhn.fr/catalognumber/mnhn/p/p02343791,TRUE,FALSE
inPublicationNotRound2,Vitis rotundifolia,gbifTaxonomy,GBIF,Vitis munsoniana Simpson ex Munson,USA,27.47992,-82.34519,http://coldb.mnhn.fr/catalognumber/mnhn/p/p02343793,TRUE,FALSE
inPublicationNotRound2,Vitis rotundifolia,gbifTaxonomy,GBIF,Vitis munsoniana Simpson ex Munson,USA,30.33218,-81.65565,http://coldb.mnhn.fr/catalognumber/mnhn/p/p02343799,TRUE,FALSE
inPublicationNotRound2,Vitis rotundifolia,gbifTaxonomy,GBIF,Vitis munsoniana Simpson ex Munson,USA,28.85277,-81.68535,http://coldb.mnhn.fr/catalognumber/mnhn/p/p02343798,TRUE,FALSE
inPublicationNotRound2,Vitis rotundifolia,gbifTaxonomy,GBIF,Vitis munsoniana Simpson ex Munson,USA,30.33218,-81.65565,http://coldb.mnhn.fr/catalognumber/mnhn/p/p02343792,TRUE,FALSE
inPublicationNotRound2,Vitis rotundifolia,gbifTaxonomy,GBIF,Vitis munsoniana J.H.Simpson ex Planch.,USA,33.755659,-96.536658,81f72e0c-76ad-4116-991c-1f61eca8aa08,TRUE,FALSE
inPublicationNotRound2,Vitis rotundifolia,gbifTaxonomy,GBIF,Vitis munsoniana J.H.Simpson ex Planch.,USA,33.755659,-96.536658,4496d5d8-caef-4adf-bf65-96ac2d0e5d7a,TRUE,FALSE
inPublicationNotRound2,Vitis rotundifolia,gbifTaxonomy,GBIF,Vitis munsoniana J.H.Simpson ex Planch.,USA,33.755659,-96.536658,47d9f767-9434-4a35-a154-4c93fd402ae7,TRUE,FALSE
inPublicationNotRound2,Vitis rotundifolia,gbifTaxonomy,GBIF,Vitis munsoniana Simpson ex Munson,USA,38.53783,-121.79046,7e72f68f-f0a1-4200-94c6-0362e408f538,TRUE,FALSE
inPublicationNotRound2,Vitis rotundifolia,gbifTaxonomy,GBIF,Vitis munsoniana Simpson ex Munson,USA,38.53783,-121.79046,bf26866d-cb76-4283-86f4-4b1578c2e795,TRUE,FALSE
inPublicationNotRound2,Vitis rotundifolia,gbifTaxonomy,GBIF,Vitis munsoniana Simpson ex Munson,USA,38.53783,-121.79046,e1879924-59c5-47fe-b341-b793474588f5,TRUE,FALSE
inPublicationNotRound2,Vitis rotundifolia,gbifTaxonomy,GBIF,Vitis munsoniana Simpson ex Munson,USA,38.53783,-121.79046,ace077c9-1144-47f8-a146-70232506cd15,TRUE,FALSE
inPublicationNotRound2,Vitis rotundifolia,gbifTaxonomy,GBIF,Vitis munsoniana Simpson ex Munson,USA,38.53783,-121.79046,de896c1b-ba4b-414b-b500-1f5e01fe96c6,TRUE,FALSE
inPublicationNotRound2,Vitis rotundifolia,gbifTaxonomy,GBIF,Vitis munsoniana Simpson ex Munson,USA,38.53783,-121.79046,bc5d0df0-19af-4602-9af3-2f983502e205,TRUE,FALSE
inPublicationNotRound2,Vitis rotundifolia,gbifTaxonomy,GBIF,Vitis munsoniana Simpson ex Munson,USA,38.53783,-121.79046,0077cd9c-582d-422b-aec1-54861bb9e190,TRUE,FALSE
inPublicationNotRound2,Vitis rotundifolia,gbifTaxonomy,GBIF,Vitis munsoniana Simpson ex Munson,USA,38.53783,-121.79046,93c99f2c-a3a3-4523-ab71-0665ce3a0314,TRUE,FALSE
inPublicationNotRound2,Vitis rotundifolia,gbifTaxonomy,GBIF,Vitis munsoniana Simpson ex Munson,USA,38.53783,-121.79046,a30fb003-21f6-472b-9c76-f6fe47adff5a,TRUE,FALSE
inPublicationNotRound2,Vitis rotundifolia,gbifTaxonomy,GBIF,Vitis munsoniana Simpson ex Munson,USA,38.53783,-121.79046,43dc492f-29bc-48e0-a2bb-6b67a9c4f77c,TRUE,FALSE
inPublicationNotRound2,Vitis rotundifolia,gbifTaxonomy,GBIF,Vitis munsoniana Simpson ex Munson,USA,38.53783,-121.79046,7f74d4ad-2ef6-4bcb-9e8d-62db177f5b07,TRUE,FALSE
inPublicationNotRound2,Vitis rotundifolia,gbifTaxonomy,GBIF,Vitis munsoniana Simpson ex Munson,USA,38.53783,-121.79046,a10dde47-c9a5-4e4e-bde3-c48207f487f8,TRUE,FALSE
inPublicationNotRound2,Vitis rotundifolia,gbifTaxonomy,GBIF,Vitis munsoniana Simpson ex Munson,USA,38.53783,-121.79046,d5ac371b-2181-4277-bbe2-91924c091cc0,TRUE,FALSE
inPublicationNotRound2,Vitis rotundifolia,gbifTaxonomy,GBIF,Vitis munsoniana Simpson ex Munson,USA,38.53783,-121.79046,50866e7a-d4fd-45c3-97ac-c8696d83f347,TRUE,FALSE
inPublicationNotRound2,Vitis rotundifolia,gbifTaxonomy,GBIF,Vitis munsoniana Simpson ex Munson,USA,38.53783,-121.79046,69876988-52be-4f8c-9931-219ac059d6ef,TRUE,FALSE
inPublicationNotRound2,Vitis rotundifolia,gbifTaxonomy,GBIF,Vitis munsoniana Simpson ex Munson,USA,38.53783,-121.79046,e8502086-afd9-4655-9d78-922cd4fc71cd,TRUE,FALSE
inPublicationNotRound2,Vitis rotundifolia,gbifTaxonomy,GBIF,Vitis munsoniana Simpson ex Munson,USA,38.53783,-121.79046,3c14ad00-db07-4763-b6a8-954a3f9a00c4,TRUE,FALSE
inPublicationNotRound2,Vitis rotundifolia,gbifTaxonomy,GBIF,Vitis munsoniana Simpson ex Munson,USA,38.53783,-121.79046,22b88a11-1a6d-4f3f-854a-47578a2eb431,TRUE,FALSE
inPublicationNotRound2,Vitis rotundifolia,gbifTaxonomy,GBIF,Vitis munsoniana Simpson ex Munson,USA,38.53783,-121.79046,652d0ed5-d754-422a-a420-b120efec04bf,TRUE,FALSE
inPublicationNotRound2,Vitis rotundifolia,gbifTaxonomy,GBIF,Vitis munsoniana Simpson ex Munson,USA,38.53783,-121.79046,e1c16026-7a54-4e8b-af0b-4b99c4b36727,TRUE,FALSE
inPublicationNotRound2,Vitis rotundifolia,gbifTaxonomy,GBIF,Vitis munsoniana Simpson ex Munson,USA,38.53783,-121.79046,170c13b2-85e2-4ceb-bb6d-e8a06bc8631c,TRUE,FALSE
inPublicationNotRound2,Vitis rotundifolia,gbifTaxonomy,GBIF,Vitis munsoniana Simpson ex Munson,USA,38.53783,-121.79046,050a6cb3-97b5-4651-87f2-e36203b66621,TRUE,FALSE
inPublicationNotRound2,Vitis rotundifolia,gbifTaxonomy,GBIF,Vitis munsoniana J.H.Simpson,USA,30.9089,-88.0361,http://n2t.net/ark:/65665/38a421ba3-c5f8-4e5b-909c-75e00f0628f5,TRUE,FALSE
inPublicationNotRound2,Vitis rotundifolia,gbifTaxonomy,GBIF,Vitis munsoniana Simpson ex Munson,USA,26.5757,-81.9155,4CB1E5AA-EDA0-4228-A2CE-BB094D1668AA,TRUE,FALSE
inPublicationNotRound2,Vitis rotundifolia,gbifTaxonomy,GBIF,Vitis munsoniana Simpson ex Munson,USA,26.0992,-81.381,35DDE403-AAD5-4776-9F56-181AAEBF8BB3,TRUE,FALSE
inPublicationNotRound2,Vitis rotundifolia,gbifTaxonomy,GBIF,Vitis munsoniana Simpson ex Munson,USA,28.7615,-81.7113,70FB1107-5D99-487D-B33D-58FAB7810220,TRUE,FALSE
inPublicationNotRound2,Vitis rotundifolia,gbifTaxonomy,GBIF,Vitis munsoniana Simpson ex Munson,USA,27.3434,-81.341,B2B783F8-4AB8-480E-94F1-5C14B942D716,TRUE,FALSE
inPublicationNotRound2,Vitis rotundifolia,gbifTaxonomy,GBIF,Vitis munsoniana Simpson ex Munson,USA,25.609,-80.4987,551E0A24-E18F-438E-B199-FFBBD2832FAE,TRUE,FALSE
inPublicationNotRound2,Vitis rotundifolia,gbifTaxonomy,GBIF,Vitis munsoniana Simpson ex Munson,USA,25.609,-80.4987,93F6276C-1526-47E9-A384-00B269D11E48,TRUE,FALSE
inPublicationNotRound2,Vitis rotundifolia,gbifTaxonomy,GBIF,Vitis munsoniana Simpson ex Munson,USA,29.4711,-81.293,511BE848-A5E7-46B5-AF9E-454E09C256AC,TRUE,FALSE
inPublicationNotRound2,Vitis rotundifolia,gbifTaxonomy,GBIF,Vitis munsoniana Simpson ex Munson,USA,25.609,-80.4987,BE7C6736-A3AD-4A15-825F-2BFF9AA55BEB,TRUE,FALSE
inPublicationNotRound2,Vitis rotundifolia,gbifTaxonomy,GBIF,Vitis munsoniana Simpson ex Munson,USA,27.0816,-80.3985,163B51AD-842D-41B0-A7C3-7C97E23EEF47,TRUE,FALSE
inPublicationNotRound2,Vitis rotundifolia,gbifTaxonomy,GBIF,Vitis munsoniana Simpson ex Munson,USA,25.609,-80.4987,504E6ADF-EB1D-4AC8-B0CA-761D742A307D,TRUE,FALSE
inPublicationNotRound2,Vitis rotundifolia,gbifTaxonomy,GBIF,Muscadinia munsoniana (J.H.Simpson ex Munson) Small,USA,29.753768,-82.397102,360add48-9ea3-49bf-addb-728fc6f834de,TRUE,FALSE
inPublicationNotRound2,Vitis rotundifolia,gbifTaxonomy,GBIF,Muscadinia munsoniana (J.H.Simpson ex Munson) Small,USA,29.799593,-82.504393,e473d2f7-0d80-40de-88e8-877e79cd47f2,TRUE,FALSE
inPublicationNotRound2,Vitis rotundifolia,gbifTaxonomy,GBIF,Muscadinia munsoniana (J.H.Simpson ex Munson) Small,USA,29.395584,-82.196384,f843e94a-acf1-4ce2-b7af-e97a7b4206b8,TRUE,FALSE
inPublicationNotRound2,Vitis rotundifolia,gbifTaxonomy,GBIF,Muscadinia munsoniana (J.H.Simpson ex Munson) Small,USA,29.395584,-82.196384,ccb8f86a-484c-4e36-8503-b2ca76363b49,TRUE,FALSE
inPublicationNotRound2,Vitis rotundifolia,gbifTaxonomy,GBIF,Muscadinia munsoniana (J.H.Simpson ex Munson) Small,USA,29.521604,-82.301482,f928d8a0-805e-4eb3-a76a-30003cef50a2,TRUE,FALSE
inPublicationNotRound2,Vitis rotundifolia,gbifTaxonomy,GBIF,Muscadinia munsoniana (J.H.Simpson ex Munson) Small,USA,29.509512,-82.271867,22699502-fbdf-4ddd-8675-664942461b26,TRUE,FALSE
inPublicationNotRound2,Vitis rotundifolia,gbifTaxonomy,GBIF,Muscadinia munsoniana (J.H.Simpson ex Munson) Small,USA,28.981818,-82.041075,a1967317-9131-4f9a-b3d2-ec3c8326f1f9,TRUE,FALSE
inPublicationNotRound2,Vitis rotundifolia,gbifTaxonomy,GBIF,Muscadinia munsoniana (J.H.Simpson ex Munson) Small,USA,28.981818,-82.041075,8d955a66-6cf3-4a1b-a787-80ce51547994,TRUE,FALSE
inPublicationNotRound2,Vitis rotundifolia,gbifTaxonomy,GBIF,Muscadinia munsoniana (J.H.Simpson ex Munson) Small,USA,29.503913,-82.265654,e3e5183b-3dd3-4133-80f1-4f64c1872768,TRUE,FALSE
inPublicationNotRound2,Vitis rotundifolia,gbifTaxonomy,GBIF,Muscadinia munsoniana (J.H.Simpson ex Munson) Small,USA,29.456348,-82.222687,97e11085-f045-4050-875c-478e01ea2335,TRUE,FALSE
inPublicationNotRound2,Vitis rotundifolia,gbifTaxonomy,GBIF,Muscadinia munsoniana (J.H.Simpson ex Munson) Small,USA,29.345725,-82.154206,0696781e-0f98-4c8c-8735-46b6d381899e,TRUE,FALSE
inPublicationNotRound2,Vitis rotundifolia,gbifTaxonomy,GBIF,Muscadinia munsoniana (J.H.Simpson ex Munson) Small,USA,29.141793,-82.111323,b60104bf-d99b-4651-bd02-db71385f527f,TRUE,FALSE
inPublicationNotRound2,Vitis rotundifolia,gbifTaxonomy,GBIF,Muscadinia munsoniana (J.H.Simpson ex Munson) Small,USA,29.286079,-82.151945,48b05542-ac43-469f-8394-905b6c73264a,TRUE,FALSE
inPublicationNotRound2,Vitis rotundifolia,gbifTaxonomy,GBIF,Muscadinia munsoniana (J.H.Simpson ex Munson) Small,USA,29.505035,-82.26733,15eda66b-b2ff-4c34-aa1e-a54c80ce2387,TRUE,FALSE
inPublicationNotRound2,Vitis rotundifolia,gbifTaxonomy,GBIF,Muscadinia munsoniana (J.H.Simpson ex Munson) Small,USA,29.063328,-82.067268,af064878-500a-48ad-a4ac-2d15f67778cb,TRUE,FALSE
inPublicationNotRound2,Vitis rotundifolia,gbifTaxonomy,GBIF,Muscadinia munsoniana (J.H.Simpson ex Munson) Small,USA,29.143138,-82.11213,3ec8807f-dd1a-44ff-9375-25f5eba15788,TRUE,FALSE
inPublicationNotRound2,Vitis rotundifolia,gbifTaxonomy,GBIF,Muscadinia munsoniana (J.H.Simpson ex Munson) Small,USA,29.767788,-82.420173,76e138dd-64c3-4e55-9a5e-788c68549de3,TRUE,FALSE
inPublicationNotRound2,Vitis rotundifolia,gbifTaxonomy,GBIF,Muscadinia munsoniana (J.H.Simpson ex Munson) Small,USA,29.547358,-82.323704,92aa778c-2e0a-4e1b-97ad-1887dba9267f,TRUE,FALSE
inPublicationNotRound2,Vitis rotundifolia,gbifTaxonomy,GBIF,Muscadinia munsoniana (J.H.Simpson ex Munson) Small,USA,29.549863,-82.325813,d8a60e58-ee60-4bb9-bc14-27ea46d5b055,TRUE,FALSE
inPublicationNotRound2,Vitis rotundifolia,gbifTaxonomy,GBIF,Muscadinia munsoniana (J.H.Simpson ex Munson) Small,USA,29.425571,-82.21849,62beba74-0345-45cc-aa88-4d1eb6b1a0e9,TRUE,FALSE
inPublicationNotRound2,Vitis rotundifolia,gbifTaxonomy,GBIF,Muscadinia munsoniana (J.H.Simpson ex Munson) Small,USA,25.068127,-80.468305,5eea9fa8-ca62-4e2a-a524-f612cbba0c20,TRUE,FALSE
inPublicationNotRound2,Vitis rotundifolia,gbifTaxonomy,GBIF,Muscadinia munsoniana (J.H.Simpson ex Munson) Small,USA,26.408776,-81.396548,c44f6b3c-811a-44a7-bac7-f2ade926de86,TRUE,FALSE
inPublicationNotRound2,Vitis rotundifolia,gbifTaxonomy,GBIF,Muscadinia munsoniana (J.H.Simpson ex Munson) Small,USA,27.575313,-82.391345,6eead562-9485-48b3-a2b2-a7ed84559d00,TRUE,FALSE
inPublicationNotRound2,Vitis rotundifolia,gbifTaxonomy,GBIF,Muscadinia munsoniana (J.H.Simpson ex Munson) Small,USA,27.47143,-81.54147,b823218b-0cd3-4739-b6da-62258967ab25,TRUE,FALSE
inPublicationNotRound2,Vitis rotundifolia,gbifTaxonomy,GBIF,Muscadinia munsoniana (J.H.Simpson ex Munson) Small,USA,24.956575,-80.576539,34de1c3e-86ae-4e41-8e4c-0aa00aec50b0,TRUE,FALSE
inPublicationNotRound2,Vitis rotundifolia,gbifTaxonomy,GBIF,Muscadinia munsoniana (J.H.Simpson ex Munson) Small,USA,29.704227,-81.776022,50b2b919-18d4-408d-a520-71bef5a66b76,TRUE,FALSE
inPublicationNotRound2,Vitis rotundifolia,gbifTaxonomy,GBIF,Muscadinia munsoniana (J.H.Simpson ex Munson) Small,USA,27.353172,-80.632528,35e6508e-0045-4893-83a9-184dae18833a,TRUE,FALSE
inPublicationNotRound2,Vitis rotundifolia,gbifTaxonomy,GBIF,Muscadinia munsoniana (J.H.Simpson ex Munson) Small,USA,29.962542,-84.975904,b9fb1e51-f451-4fda-b148-5e7a75ee1119,TRUE,FALSE
inPublicationNotRound2,Vitis rotundifolia,gbifTaxonomy,GBIF,Muscadinia munsoniana (J.H.Simpson ex Munson) Small,USA,28.485341,-81.71531,27db10b1-4137-44eb-828c-e0d33214ebb9,TRUE,FALSE
inPublicationNotRound2,Vitis rotundifolia,gbifTaxonomy,GBIF,Muscadinia munsoniana (J.H.Simpson ex Munson) Small,USA,28.908619,-82.604988,bd104006-2a31-450a-a7a4-782d62c4a618,TRUE,FALSE
inPublicationNotRound2,Vitis rotundifolia,gbifTaxonomy,GBIF,Muscadinia munsoniana (J.H.Simpson ex Munson) Small,USA,25.068127,-80.468305,c256f4bd-cd9f-4e2f-9369-98faebd5d5a7,TRUE,FALSE
inPublicationNotRound2,Vitis rotundifolia,gbifTaxonomy,GBIF,Muscadinia munsoniana (J.H.Simpson ex Munson) Small,USA,29.70146,-82.341932,2f2e3c40-a655-4b57-b46c-502ac8adb0ac,TRUE,FALSE
inPublicationNotRound2,Vitis rotundifolia,gbifTaxonomy,GBIF,Muscadinia munsoniana (J.H.Simpson ex Munson) Small,USA,29.708319,-82.349934,5821e498-5552-4d96-9002-73b3ec9038cc,TRUE,FALSE
inPublicationNotRound2,Vitis rotundifolia,gbifTaxonomy,GBIF,Muscadinia munsoniana (J.H.Simpson ex Munson) Small,USA,29.734758,-82.380245,ce8e22da-a1d3-44d1-9c5e-22ec67e6a761,TRUE,FALSE
inPublicationNotRound2,Vitis rotundifolia,gbifTaxonomy,GBIF,Muscadinia munsoniana (J.H.Simpson ex Munson) Small,USA,29.706244,-82.347863,f5dbb920-039b-4932-9301-898046829c4b,TRUE,FALSE
inPublicationNotRound2,Vitis rotundifolia,gbifTaxonomy,GBIF,Muscadinia munsoniana (J.H.Simpson ex Munson) Small,USA,29.143138,-82.11213,c2fe523b-5001-4017-9adb-6cc74a2e9558,TRUE,FALSE
inPublicationNotRound2,Vitis rotundifolia,gbifTaxonomy,GBIF,Muscadinia munsoniana (J.H.Simpson ex Munson) Small,USA,29.685145,-85.327794,b11e7457-c235-4745-96c8-eb1034ac04da,TRUE,FALSE
inPublicationNotRound2,Vitis rotundifolia,gbifTaxonomy,GBIF,Vitis munsoniana Simpson ex Munson,USA,25.174345,-80.321417,7d2cc7b5-0c95-4705-b278-8be628da6e82,TRUE,FALSE
inPublicationNotRound2,Vitis rotundifolia,gbifTaxonomy,GBIF,Vitis munsoniana Simpson ex Munson,USA,NA,NA,https://data.biodiversitydata.nl/naturalis/specimen/L.2339120,TRUE,FALSE
inPublicationNotRound2,Vitis rotundifolia,gbifTaxonomy,GBIF,Muscadinia munsoniana (J.H.Simpson ex Munson) Small,USA,NA,NA,https://data.biodiversitydata.nl/naturalis/specimen/U.1770381,TRUE,FALSE
inPublicationNotRound2,Vitis rotundifolia,gbifTaxonomy,GBIF,Vitis munsoniana Simpson ex Munson,USA,NA,NA,https://data.biodiversitydata.nl/naturalis/specimen/L.2339119,TRUE,FALSE
inPublicationNotRound2,Vitis rotundifolia,gbifTaxonomy,GBIF,Muscadinia munsoniana (J.H.Simpson ex Munson) Small,USA,NA,NA,https://data.biodiversitydata.nl/naturalis/specimen/U.1770380,TRUE,FALSE
inPublicationNotRound2,Vitis rotundifolia,gbifTaxonomy,GBIF,Vitis munsoniana Simpson ex Munson,USA,NA,NA,1f1559ad-dc49-4a10-aca6-d29677c1708f,TRUE,FALSE
inPublicationNotRound2,Vitis rotundifolia,gbifTaxonomy,GBIF,Vitis munsoniana Simpson ex Munson,USA,NA,NA,01d2b6e3-a519-4cd6-9546-a14ac3b2620e,TRUE,FALSE
inPublicationNotRound2,Vitis rotundifolia,gbifTaxonomy,GBIF,Vitis munsoniana Simpson ex Munson,USA,NA,NA,dda5b50b-1c34-4049-ae76-82af250f8711,TRUE,FALSE
inPublicationNotRound2,Vitis rotundifolia,gbifTaxonomy,GBIF,Vitis munsoniana Simpson ex Munson,USA,NA,NA,7a30b2a2-a138-4ecf-bd4e-babf8103ee1b,TRUE,FALSE
inPublicationNotRound2,Vitis rotundifolia,gbifTaxonomy,GBIF,Vitis munsoniana Simpson ex Munson,USA,NA,NA,9597242c-80b5-42b1-81ce-a7aa4772e203,TRUE,FALSE
inPublicationNotRound2,Vitis rotundifolia,gbifTaxonomy,GBIF,Vitis munsoniana Simpson ex Munson,USA,NA,NA,915a6ede-3231-495c-b794-03de9c98ca8d,TRUE,FALSE
inPublicationNotRound2,Vitis rotundifolia,gbifTaxonomy,GBIF,Muscadinia munsoniana (J.H.Simpson ex Munson) Small,USA,NA,NA,1348c201-9629-4b63-9ade-e216ed4840e7,TRUE,FALSE
inPublicationNotRound2,Vitis rotundifolia,gbifTaxonomy,GBIF,Vitis munsoniana Simpson ex Munson,USA,NA,NA,14906691,TRUE,FALSE
inPublicationNotRound2,Vitis rotundifolia,gbifTaxonomy,GBIF,Vitis munsoniana J.H.Simpson ex Planch.,USA,NA,NA,urn:catalog:MO:Tropicos:103585754,TRUE,FALSE
inPublicationNotRound2,Vitis rotundifolia,gbifTaxonomy,GBIF,Vitis munsoniana J.H.Simpson ex Planch.,USA,NA,NA,urn:catalog:MO:Tropicos:1406344,TRUE,FALSE
inPublicationNotRound2,Vitis rotundifolia,gbifTaxonomy,GBIF,Vitis munsoniana J.H.Simpson ex Planch.,USA,NA,NA,urn:catalog:MO:Tropicos:1406409,TRUE,FALSE
inPublicationNotRound2,Vitis rotundifolia,gbifTaxonomy,GBIF,Vitis munsoniana J.H.Simpson ex Planch.,USA,NA,NA,urn:catalog:MO:Tropicos:1406355,TRUE,FALSE
inPublicationNotRound2,Vitis rotundifolia,gbifTaxonomy,GBIF,Vitis munsoniana J.H.Simpson,USA,NA,NA,cbcd8e409a3fd8b9297ebc1d3d4aa3c1,TRUE,FALSE
inPublicationNotRound2,Vitis rotundifolia,gbifTaxonomy,GBIF,Vitis munsoniana J.H.Simpson,USA,NA,NA,http://n2t.net/ark:/65665/32e04751e-2b6e-4ac9-b20e-d4365bae7d92,TRUE,FALSE
inPublicationNotRound2,Vitis rotundifolia,gbifTaxonomy,GBIF,Vitis munsoniana J.H.Simpson,USA,NA,NA,http://n2t.net/ark:/65665/3881635de-b49c-4904-8fe2-6e74e6dcf32d,TRUE,FALSE
inPublicationNotRound2,Vitis rotundifolia,gbifTaxonomy,GBIF,Vitis munsoniana J.H.Simpson,USA,NA,NA,http://n2t.net/ark:/65665/38275d2ae-6b53-4a7b-b147-63e9ebbb0e64,TRUE,FALSE
inPublicationNotRound2,Vitis rotundifolia,gbifTaxonomy,GBIF,Vitis munsoniana J.H.Simpson,USA,NA,NA,http://n2t.net/ark:/65665/3b0ba1787-634e-49f8-987a-2dbde39cec9b,TRUE,FALSE
inPublicationNotRound2,Vitis rotundifolia,gbifTaxonomy,GBIF,Vitis munsoniana J.H.Simpson,USA,NA,NA,http://n2t.net/ark:/65665/3093266ed-d88c-4d09-9b62-f5626a9f1187,TRUE,FALSE
inPublicationNotRound2,Vitis rotundifolia,gbifTaxonomy,GBIF,Vitis munsoniana J.H.Simpson,USA,NA,NA,http://n2t.net/ark:/65665/327ce70b5-68a2-4387-b4fe-d2ac17963837,TRUE,FALSE
inPublicationNotRound2,Vitis rotundifolia,gbifTaxonomy,GBIF,Vitis munsoniana J.H.Simpson,USA,NA,NA,http://n2t.net/ark:/65665/325561406-2481-4e22-bdfc-59380a386b92,TRUE,FALSE
inPublicationNotRound2,Vitis rotundifolia,gbifTaxonomy,GBIF,Vitis munsoniana J.H.Simpson,USA,NA,NA,http://n2t.net/ark:/65665/3f0287033-5817-4873-8d7b-681dd5c5a989,TRUE,FALSE
inPublicationNotRound2,Vitis rotundifolia,gbifTaxonomy,GBIF,Vitis munsoniana J.H.Simpson,USA,NA,NA,http://n2t.net/ark:/65665/366954215-041a-4396-8ac7-459ead8ea5c5,TRUE,FALSE
inPublicationNotRound2,Vitis rotundifolia,gbifTaxonomy,GBIF,Vitis munsoniana J.H.Simpson,USA,NA,NA,http://n2t.net/ark:/65665/3328c67c6-c1b3-41f2-84b7-1f4754dd930e,TRUE,FALSE
inPublicationNotRound2,Vitis rotundifolia,gbifTaxonomy,GBIF,Vitis munsoniana J.H.Simpson,USA,NA,NA,http://n2t.net/ark:/65665/3b9205065-54fa-4811-b2ce-ea850c75a748,TRUE,FALSE
inPublicationNotRound2,Vitis rotundifolia,gbifTaxonomy,GBIF,Vitis munsoniana J.H.Simpson,USA,NA,NA,http://n2t.net/ark:/65665/312df8466-d0e1-48b1-bf9a-68ba70b18456,TRUE,FALSE
inPublicationNotRound2,Vitis rotundifolia,gbifTaxonomy,GBIF,Vitis munsoniana J.H.Simpson,USA,NA,NA,http://n2t.net/ark:/65665/37e381b27-f360-46f0-9523-f0c5af8c1b59,TRUE,FALSE
inPublicationNotRound2,Vitis rotundifolia,gbifTaxonomy,GBIF,Vitis munsoniana J.H.Simpson,USA,NA,NA,http://n2t.net/ark:/65665/30b8e0b4a-6cc2-47d7-97ba-575be5f59dd8,TRUE,FALSE
inPublicationNotRound2,Vitis rotundifolia,gbifTaxonomy,GBIF,Vitis munsoniana J.H.Simpson,USA,NA,NA,http://n2t.net/ark:/65665/3648850de-1ff9-425b-8b33-c238c4e22ecd,TRUE,FALSE
inPublicationNotRound2,Vitis rotundifolia,gbifTaxonomy,GBIF,Vitis munsoniana J.H.Simpson,USA,NA,NA,http://n2t.net/ark:/65665/3f24ca1f4-efcb-423b-a1da-24d300f2a12b,TRUE,FALSE
inPublicationNotRound2,Vitis rotundifolia,gbifTaxonomy,GBIF,Vitis munsoniana J.H.Simpson,USA,NA,NA,http://n2t.net/ark:/65665/37e140eab-c587-4cf7-9e9e-0e76cf21f286,TRUE,FALSE
inPublicationNotRound2,Vitis rotundifolia,gbifTaxonomy,GBIF,Vitis munsoniana J.H.Simpson,USA,NA,NA,http://n2t.net/ark:/65665/39e51172d-f978-451c-9188-f584bc39cae2,TRUE,FALSE
inPublicationNotRound2,Vitis rotundifolia,gbifTaxonomy,GBIF,Vitis munsoniana J.H.Simpson,USA,NA,NA,http://n2t.net/ark:/65665/33c0668c4-b324-4aa1-a5d4-15b5dff3fd3e,TRUE,FALSE
inPublicationNotRound2,Vitis rotundifolia,gbifTaxonomy,GBIF,Vitis munsoniana J.H.Simpson,USA,NA,NA,http://n2t.net/ark:/65665/32126d775-cf88-4bf6-b42e-b9a0cbb37748,TRUE,FALSE
inPublicationNotRound2,Vitis rotundifolia,gbifTaxonomy,GBIF,Vitis munsoniana J.H.Simpson,USA,NA,NA,http://n2t.net/ark:/65665/310a5dd2d-09a3-42b8-b92a-43940d8a7bde,TRUE,FALSE
inPublicationNotRound2,Vitis rotundifolia,gbifTaxonomy,GBIF,Vitis munsoniana J.H.Simpson,USA,NA,NA,http://n2t.net/ark:/65665/373548ac6-de93-467f-bf46-a9c50831f461,TRUE,FALSE
inPublicationNotRound2,Vitis rotundifolia,gbifTaxonomy,GBIF,Vitis munsoniana J.H.Simpson,USA,NA,NA,http://n2t.net/ark:/65665/3dcbd9763-84a9-47d6-b831-f57a981a3f37,TRUE,FALSE
inPublicationNotRound2,Vitis rotundifolia,gbifTaxonomy,GBIF,Vitis munsoniana J.H.Simpson,USA,NA,NA,http://n2t.net/ark:/65665/324c1f795-9b14-4f4a-81f5-431815903161,TRUE,FALSE
inPublicationNotRound2,Vitis rotundifolia,gbifTaxonomy,GBIF,Vitis munsoniana J.H.Simpson,USA,NA,NA,http://n2t.net/ark:/65665/3bf51c4f1-b9db-437d-b1c9-dabdb47356af,TRUE,FALSE
inPublicationNotRound2,Vitis rotundifolia,gbifTaxonomy,GBIF,Vitis munsoniana J.H.Simpson,USA,NA,NA,http://n2t.net/ark:/65665/309672271-6882-4e32-a7da-910d1968926c,TRUE,FALSE
inPublicationNotRound2,Vitis rotundifolia,gbifTaxonomy,GBIF,Vitis munsoniana J.H.Simpson,USA,NA,NA,http://n2t.net/ark:/65665/3305e1384-32ac-45a9-93f1-9b18facb47bb,TRUE,FALSE
inPublicationNotRound2,Vitis rotundifolia,gbifTaxonomy,GBIF,Vitis munsoniana J.H.Simpson,USA,NA,NA,http://n2t.net/ark:/65665/30577e053-9036-4a29-a195-31dfc427d4ad,TRUE,FALSE
inPublicationNotRound2,Vitis rotundifolia,gbifTaxonomy,GBIF,Vitis munsoniana J.H.Simpson,USA,NA,NA,http://n2t.net/ark:/65665/331f0de2f-fca0-40f3-9c4f-ad6996790c03,TRUE,FALSE
inPublicationNotRound2,Vitis rotundifolia,gbifTaxonomy,GBIF,Vitis munsoniana J.H.Simpson,USA,NA,NA,http://n2t.net/ark:/65665/35f3aa92a-24cb-429d-aa34-1b09c3ba87c3,TRUE,FALSE
inPublicationNotRound2,Vitis rotundifolia,gbifTaxonomy,GBIF,Vitis munsoniana J.H.Simpson,USA,NA,NA,http://n2t.net/ark:/65665/3eaf02e03-531d-47ad-bb7f-e38da418dbea,TRUE,FALSE
inPublicationNotRound2,Vitis rotundifolia,gbifTaxonomy,GBIF,Vitis munsoniana J.H.Simpson,USA,NA,NA,http://n2t.net/ark:/65665/3b04b9a55-e5ee-4cf3-be87-f96211d0ab16,TRUE,FALSE
inPublicationNotRound2,Vitis rotundifolia,gbifTaxonomy,GBIF,Vitis munsoniana J.H.Simpson,USA,NA,NA,http://n2t.net/ark:/65665/38e80fbc2-9516-4aeb-9582-777d6036b8f1,TRUE,FALSE
inPublicationNotRound2,Vitis rotundifolia,gbifTaxonomy,GBIF,Vitis munsoniana J.H.Simpson,USA,NA,NA,http://n2t.net/ark:/65665/35996a1e5-848d-442f-9c40-784c1325cffe,TRUE,FALSE
inPublicationNotRound2,Vitis rotundifolia,gbifTaxonomy,GBIF,Vitis munsoniana J.H.Simpson,USA,NA,NA,http://n2t.net/ark:/65665/39b50dee4-ba43-4933-9f82-3b13ca482f6f,TRUE,FALSE
inPublicationNotRound2,Vitis rotundifolia,gbifTaxonomy,GBIF,Vitis munsoniana J.H.Simpson,USA,NA,NA,http://n2t.net/ark:/65665/3b7bb7628-0653-406b-9063-c74de46b6184,TRUE,FALSE
inPublicationNotRound2,Vitis rotundifolia,gbifTaxonomy,GBIF,Vitis munsoniana J.H.Simpson,USA,NA,NA,http://n2t.net/ark:/65665/35b2b35cb-3742-4d00-8a50-cf28cbbb06f0,TRUE,FALSE
inPublicationNotRound2,Vitis rotundifolia,gbifTaxonomy,GBIF,Vitis munsoniana Simpson ex Munson,USA,NA,NA,http://coldb.mnhn.fr/catalognumber/mnhn/p/p02343796,TRUE,FALSE
inPublicationNotRound2,Vitis rotundifolia,gbifTaxonomy,GBIF,Vitis munsoniana Simpson ex Munson,USA,NA,NA,9ded6b44-1889-4f12-944b-8f596e7d37be,TRUE,FALSE
inPublicationNotRound2,Vitis rotundifolia,gbifTaxonomy,GBIF,Vitis munsoniana Simpson ex Munson,USA,NA,NA,7f357a5b-3eb0-4284-b4bb-2607d8368b24,TRUE,FALSE
inPublicationNotRound2,Vitis rotundifolia,gbifTaxonomy,GBIF,Vitis munsoniana Simpson ex Munson,USA,NA,NA,f80e6370-d247-4dfa-b374-efcdb2cb6bf7,TRUE,FALSE
inPublicationNotRound2,Vitis rotundifolia,gbifTaxonomy,GBIF,Vitis munsoniana Simpson ex Munson,USA,NA,NA,f8951563-f74f-4c0d-bcda-30a20a0a86b5,TRUE,FALSE
inPublicationNotRound2,Vitis rotundifolia,gbifTaxonomy,GBIF,Vitis munsoniana Simpson ex Munson,USA,NA,NA,2730af88-4dea-47d6-aea8-6cecf6489aa8,TRUE,FALSE
inPublicationNotRound2,Vitis rotundifolia,gbifTaxonomy,GBIF,Vitis munsoniana Simpson ex Munson,USA,NA,NA,f30e2ada-ad45-4372-a7b1-9fc07d921afd,TRUE,FALSE
inPublicationNotRound2,Vitis rotundifolia,gbifTaxonomy,GBIF,Vitis munsoniana Simpson ex Munson,USA,NA,NA,82501966-896b-49b4-9ad4-d36c7b67ba5e,TRUE,FALSE
inPublicationNotRound2,Vitis rotundifolia,gbifTaxonomy,GBIF,Vitis munsoniana Simpson ex Munson,USA,NA,NA,fccc6223-fde5-4e3c-8cd1-1e2e500437aa,TRUE,FALSE
inPublicationNotRound2,Vitis rotundifolia,gbifTaxonomy,GBIF,Vitis munsoniana Simpson ex Munson,USA,NA,NA,3a839aeb-da77-45c9-9070-77ed2b2d2012,TRUE,FALSE
inPublicationNotRound2,Vitis rotundifolia,gbifTaxonomy,GBIF,Vitis munsoniana Simpson ex Munson,USA,NA,NA,511aed5b-763c-423c-bd5a-b3f31baf9642,TRUE,FALSE
inPublicationNotRound2,Vitis rotundifolia,gbifTaxonomy,GBIF,Vitis munsoniana Simpson ex Munson,USA,NA,NA,2503979b-4687-45b0-9cd7-15e34ba10c1a,TRUE,FALSE
inPublicationNotRound2,Vitis rotundifolia,gbifTaxonomy,GBIF,Vitis munsoniana Simpson ex Munson,USA,NA,NA,83e21bcf-6a7d-4a90-991a-4fc003f1f8d6,TRUE,FALSE
inPublicationNotRound2,Vitis rotundifolia,gbifTaxonomy,GBIF,Vitis munsoniana Simpson ex Munson,USA,NA,NA,486207ea-504d-47c1-8684-34abf39ed3d5,TRUE,FALSE
inPublicationNotRound2,Vitis rotundifolia,gbifTaxonomy,GBIF,Vitis munsoniana Simpson ex Munson,USA,NA,NA,67c57791-9dca-4e1b-ad5b-95edfe1d4262,TRUE,FALSE
inPublicationNotRound2,Vitis rotundifolia,gbifTaxonomy,GBIF,Vitis munsoniana Simpson ex Munson,USA,NA,NA,8f0441a6-de2a-4564-aae1-985fd31789ee,TRUE,FALSE
inPublicationNotRound2,Vitis rotundifolia,gbifTaxonomy,GBIF,Vitis munsoniana Simpson ex Munson,USA,NA,NA,d770577e-2f65-412a-ac30-e0591be01d5f,TRUE,FALSE
inPublicationNotRound2,Vitis rotundifolia,gbifTaxonomy,GBIF,Muscadinia munsoniana (J.H.Simpson ex Munson) Small,USA,NA,NA,http://www.botanicalcollections.be/specimen/BR0000034963142,TRUE,FALSE
inPublicationNotRound2,Vitis rotundifolia,gbifTaxonomy,GBIF,Muscadinia munsoniana (J.H.Simpson ex Munson) Small,USA,NA,NA,https://data.rbge.org.uk/herb/E00294030,TRUE,FALSE
inPublicationNotRound2,Vitis rotundifolia,gbifTaxonomy,GBIF,Vitis munsoniana J.H.Simpson ex Planch.,USA,NA,NA,http://specimens.kew.org/herbarium/K004491039,TRUE,FALSE
inPublicationNotRound2,Vitis rotundifolia,gbifTaxonomy,GBIF,Vitis munsoniana J.H.Simpson ex Planch.,USA,NA,NA,http://specimens.kew.org/herbarium/K004491035,TRUE,FALSE
inPublicationNotRound2,Vitis rotundifolia,gbifTaxonomy,GBIF,Vitis munsoniana J.H.Simpson ex Planch.,USA,NA,NA,http://specimens.kew.org/herbarium/K004491040,TRUE,FALSE
inPublicationNotRound2,Vitis rotundifolia,gbifTaxonomy,GBIF,Vitis munsoniana J.H.Simpson ex Planch.,USA,NA,NA,http://specimens.kew.org/herbarium/K004491036,TRUE,FALSE
inPublicationNotRound2,Vitis rotundifolia,gbifTaxonomy,GBIF,Vitis munsoniana Simpson ex Munson,NA,NA,NA,0fc800dc-9f70-440c-8925-9dbca48ecb55,TRUE,FALSE
inPublicationNotRound2,Vitis rotundifolia,gbifTaxonomy,GBIF,Vitis munsoniana J.H.Simpson ex Planch.,USA,NA,NA,http://specimens.kew.org/herbarium/K004491038,TRUE,FALSE
inPublicationNotRound2,Vitis rotundifolia,gbifTaxonomy,GBIF,Vitis munsoniana J.H.Simpson ex Planch.,USA,NA,NA,http://specimens.kew.org/herbarium/K004491037,TRUE,FALSE
inPublicationNotRound2,Vitis rotundifolia,gbifTaxonomy,GBIF,Vitis munsoniana J.H.Simpson ex Planch.,NA,NA,NA,7b543d74-8a43-400c-bc63-336fa59941b7,TRUE,FALSE
inPublicationNotRound2,Vitis rotundifolia,gbifTaxonomy,GBIF,Vitis munsoniana J.H.Simpson ex Planch.,NA,NA,NA,42f52fc5-52a0-4ddc-a6ad-6f189b86709e,TRUE,FALSE
inPublicationNotRound2,Vitis rotundifolia,gbifTaxonomy,GBIF,Vitis munsoniana J.H.Simpson ex Planch.,NA,NA,NA,a93944ac-a8b6-43d8-8ee6-f90086898d01,TRUE,FALSE
inPublicationNotRound2,Vitis rotundifolia,gbifTaxonomy,GBIF,Vitis munsoniana J.H.Simpson ex Planch.,NA,NA,NA,be03f476-79a1-4cc8-94ed-98b2e7493e8f,TRUE,FALSE
inPublicationNotRound2,Vitis rotundifolia,gbifTaxonomy,GBIF,Vitis munsoniana J.H.Simpson ex Planch.,NA,NA,NA,d2ade386-cbde-4997-8df6-47f89bd30522,TRUE,FALSE
inPublicationNotRound2,Vitis rotundifolia,gbifTaxonomy,GBIF,Vitis munsoniana J.H.Simpson ex Planch.,NA,NA,NA,63c00b0c-f1df-4490-9d03-3890056eb34f,TRUE,FALSE
inPublicationNotRound2,Vitis rotundifolia,gbifTaxonomy,GBIF,Vitis munsoniana J.H.Simpson ex Planch.,NA,NA,NA,13178cac-502a-4239-b6d1-08211d7e6f80,TRUE,FALSE
inPublicationNotRound2,Vitis rotundifolia,gbifTaxonomy,GBIF,Vitis munsoniana J.H.Simpson ex Planch.,NA,NA,NA,e51867eb-de8b-4afa-9e2e-edb37c726f8d,TRUE,FALSE
inPublicationNotRound2,Vitis rotundifolia,gbifTaxonomy,GBIF,Vitis munsoniana J.H.Simpson ex Planch.,NA,NA,NA,40d0bc99-2270-45e3-aed1-aa01dcec99d3,TRUE,FALSE
inPublicationNotRound2,Vitis rotundifolia,gbifTaxonomy,GBIF,Vitis munsoniana J.H.Simpson ex Planch.,NA,NA,NA,b0c81c8c-9305-4766-9829-7ebd508119c4,TRUE,FALSE
inPublicationNotRound2,Vitis rotundifolia,gbifTaxonomy,GBIF,Vitis munsoniana J.H.Simpson ex Planch.,NA,NA,NA,40b26dc0-090d-446c-9919-4921ba3cf543,TRUE,FALSE
inPublicationNotRound2,Vitis rotundifolia,gbifTaxonomy,GBIF,Vitis munsoniana J.H.Simpson ex Planch.,NA,NA,NA,3a526263-832f-4141-be71-6d100e0917c1,TRUE,FALSE
inPublicationNotRound2,Vitis rotundifolia,gbifTaxonomy,GBIF,Vitis munsoniana J.H.Simpson ex Planch.,NA,NA,NA,d8fdd867-9faa-4d17-930d-a6c379705323,TRUE,FALSE
inPublicationNotRound2,Vitis rotundifolia,gbifTaxonomy,GBIF,Vitis munsoniana J.H.Simpson ex Planch.,NA,NA,NA,35387e89-f96c-4ea8-926d-9bdb2bbd42a7,TRUE,FALSE
inPublicationNotRound2,Vitis rotundifolia,gbifTaxonomy,GBIF,Vitis munsoniana J.H.Simpson ex Planch.,NA,NA,NA,a0150c0d-c124-4c85-8c53-042bda0a9295,TRUE,FALSE
inPublicationNotRound2,Vitis rotundifolia,gbifTaxonomy,GBIF,Vitis munsoniana Simpson ex Munson,NA,NA,NA,34cc9ec2-1257-4615-be9a-7f7f7186be1f,TRUE,FALSE
inPublicationNotRound2,Vitis rotundifolia,gbifTaxonomy,GBIF,Vitis munsoniana J.H.Simpson ex Planch.,NA,NA,NA,70da3cdd-f7db-40ce-96b1-35612347be38,TRUE,FALSE
inPublicationNotRound2,Vitis rotundifolia,gbifTaxonomy,GBIF,Vitis munsoniana Simpson ex Munson,NA,NA,NA,fa0b3d32-24d9-4958-8425-60eea70e44b0,TRUE,FALSE
inPublicationNotRound2,Vitis rotundifolia,gbifTaxonomy,GBIF,Vitis munsoniana J.H.Simpson ex Planch.,NA,NA,NA,52db7562-db2a-43c8-acdf-95f3ae8b2255,TRUE,FALSE
inPublicationNotRound2,Vitis rotundifolia,gbifTaxonomy,GBIF,Vitis munsoniana J.H.Simpson ex Planch.,NA,NA,NA,d6f8db47-54f8-429c-9a88-8d345e0fe34c,TRUE,FALSE
inPublicationNotRound2,Vitis rotundifolia,gbifTaxonomy,GBIF,Vitis munsoniana J.H.Simpson ex Planch.,NA,NA,NA,2a80d58f-0a7f-4d26-94d4-e3df56ae7ee2,TRUE,FALSE
inPublicationNotRound2,Vitis rotundifolia,gbifTaxonomy,GBIF,Vitis munsoniana J.H.Simpson ex Planch.,NA,NA,NA,cfb10f4a-bd2a-4c04-b0e5-1cf70c212451,TRUE,FALSE
inPublicationNotRound2,Vitis rotundifolia,gbifTaxonomy,GBIF,Vitis munsoniana Simpson ex Munson,NA,NA,NA,914ba493-899d-4b30-8f57-709a176e7628,TRUE,FALSE
inPublicationNotRound2,Vitis rotundifolia,gbifTaxonomy,GBIF,Vitis munsoniana J.H.Simpson ex Planch.,NA,NA,NA,3b1dc37a-d86a-4d46-8a0a-9e7e5c917f43,TRUE,FALSE
inPublicationNotRound2,Vitis rotundifolia,gbifTaxonomy,GBIF,Vitis munsoniana Simpson ex Munson,NA,NA,NA,39a66c12-a6a9-42e1-85ae-d1f181baec93,TRUE,FALSE
inPublicationNotRound2,Vitis rotundifolia,gbifTaxonomy,GBIF,Vitis munsoniana J.H.Simpson ex Planch.,NA,NA,NA,5760fdcc-1d63-4c67-b311-3d5d472a29df,TRUE,FALSE
inPublicationNotRound2,Vitis rotundifolia,gbifTaxonomy,GBIF,Vitis munsoniana J.H.Simpson ex Planch.,NA,NA,NA,25e710da-3433-4a84-ac7f-68a1d754be93,TRUE,FALSE
inPublicationNotRound2,Vitis rotundifolia,gbifTaxonomy,GBIF,Vitis munsoniana J.H.Simpson ex Planch.,NA,NA,NA,0eb9fe7f-2115-443e-b86d-90e4db7f3923,TRUE,FALSE
inPublicationNotRound2,Vitis rotundifolia,gbifTaxonomy,GBIF,Vitis munsoniana J.H.Simpson ex Planch.,NA,NA,NA,63ae6f88-a7eb-40ba-9d31-4a62ce21ee0e,TRUE,FALSE
inPublicationNotRound2,Vitis rotundifolia,gbifTaxonomy,GBIF,Vitis munsoniana J.H.Simpson ex Planch.,NA,NA,NA,a609da64-72ef-4928-9362-e3faff13ee84,TRUE,FALSE
inPublicationNotRound2,Vitis rotundifolia,gbifTaxonomy,GBIF,Vitis munsoniana J.H.Simpson ex Planch.,NA,NA,NA,e5086ec3-ef9e-4baf-bde2-87557388b401,TRUE,FALSE
inPublicationNotRound2,Vitis rotundifolia,gbifTaxonomy,GBIF,Vitis munsoniana Simpson ex Munson,NA,NA,NA,939a8edd-126c-48ee-b8f0-ff5b60356455,TRUE,FALSE
inPublicationNotRound2,Vitis rotundifolia,gbifTaxonomy,GBIF,Vitis munsoniana J.H.Simpson ex Planch.,NA,NA,NA,1997b0a0-0aeb-475e-abea-4c1397af959e,TRUE,FALSE
inPublicationNotRound2,Vitis rotundifolia,gbifTaxonomy,GBIF,Vitis munsoniana Simpson ex Munson,NA,NA,NA,1f64e22a-ca9c-422b-b1a6-60ed65859afe,TRUE,FALSE
inPublicationNotRound2,Vitis rotundifolia,gbifTaxonomy,GBIF,Vitis munsoniana J.H.Simpson ex Planch.,NA,NA,NA,6ca87fa6-a339-4b6b-bade-7bca2c051456,TRUE,FALSE
inPublicationNotRound2,Vitis rotundifolia,gbifTaxonomy,GBIF,Vitis munsoniana J.H.Simpson ex Planch.,NA,NA,NA,b130ec91-0cd8-4b7e-9c57-e3f414a88aad,TRUE,FALSE
inPublicationNotRound2,Vitis rotundifolia,gbifTaxonomy,GBIF,Vitis munsoniana Simpson ex Munson,USA,NA,NA,ee1fd41f-8061-4f87-b67d-fdac63987a96,TRUE,FALSE
inPublicationNotRound2,Vitis rotundifolia,gbifTaxonomy,GBIF,Muscadinia munsoniana (J.H.Simpson ex Munson) Small,USA,NA,NA,b48459ca-615a-4b33-814c-7e3573603d2c,TRUE,FALSE
inPublicationNotRound2,Vitis rotundifolia,gbifTaxonomy,GBIF,Vitis munsoniana Simpson ex Munson,USA,NA,NA,89503b40-020c-4276-9185-1c82306a85f5,TRUE,FALSE
inPublicationNotRound2,Vitis rotundifolia,gbifTaxonomy,GBIF,Vitis munsoniana Simpson ex Munson,USA,NA,NA,fe6fc18a-82e0-413d-b2c5-8c49534de334,TRUE,FALSE
inPublicationNotRound2,Vitis rotundifolia,gbifTaxonomy,GBIF,Vitis munsoniana Simpson ex Munson,USA,NA,NA,51f549e0-7e4d-409d-94c7-fceaf3d86432,TRUE,FALSE
inPublicationNotRound2,Vitis rotundifolia,gbifTaxonomy,GBIF,Vitis munsoniana Simpson ex Munson,USA,NA,NA,23fc36b6-b16d-4021-828c-e17d90fb7f4e,TRUE,FALSE
inPublicationNotRound2,Vitis rotundifolia,gbifTaxonomy,GBIF,Muscadinia munsoniana (J.H.Simpson ex Munson) Small,USA,NA,NA,781ebc8a-56d9-44ed-9445-f3caccba5d5d,TRUE,FALSE
inPublicationNotRound2,Vitis rotundifolia,gbifTaxonomy,GBIF,Vitis munsoniana Simpson ex Munson,USA,NA,NA,0f32bdcc-3256-4dab-b560-119be918d1b9,TRUE,FALSE
inPublicationNotRound2,Vitis rotundifolia,gbifTaxonomy,GBIF,Vitis munsoniana J.H.Simpson,USA,NA,NA,http://n2t.net/ark:/65665/3ede92c0e-0c82-41a0-95fd-f1203b2a7536,TRUE,FALSE
inPublicationNotRound2,Vitis rotundifolia,gbifTaxonomy,GBIF,Vitis munsoniana J.H.Simpson,USA,NA,NA,http://n2t.net/ark:/65665/3f6bff738-809f-4017-8b89-f245605feb60,TRUE,FALSE
inPublicationNotRound2,Vitis rotundifolia,gbifTaxonomy,GBIF,Vitis munsoniana J.H.Simpson,USA,NA,NA,http://n2t.net/ark:/65665/357e0fbe4-e088-44f3-9560-f4a5da8bf8f9,TRUE,FALSE
inPublicationNotRound2,Vitis rotundifolia,gbifTaxonomy,GBIF,Vitis munsoniana Simpson ex Munson,USA,NA,NA,https://data.biodiversitydata.nl/naturalis/specimen/L.2339118,TRUE,FALSE
inPublicationNotRound2,Vitis rotundifolia,gbifTaxonomy,GBIF,Vitis munsoniana Simpson ex Munson,USA,NA,NA,33e2b5f5-6112-4eda-851c-439dd5b8560b,TRUE,FALSE
inPublicationNotRound2,Vitis rotundifolia,gbifTaxonomy,GBIF,Muscadinia munsoniana (J.H.Simpson ex Munson) Small,USA,NA,NA,b6a9e68b-9be7-4dcf-9637-5f43911261af,TRUE,FALSE
inPublicationNotRound2,Vitis rotundifolia,gbifTaxonomy,GBIF,Vitis munsoniana Simpson ex Munson,USA,NA,NA,195211da-a2ad-4e4e-9786-fe9a84ac1ea3,TRUE,FALSE
inPublicationNotRound2,Vitis rotundifolia,gbifTaxonomy,GBIF,Vitis munsoniana Simpson ex Munson,USA,NA,NA,8274039d-373b-4d98-9ab4-98f7cc982ed2,TRUE,FALSE
inPublicationNotRound2,Vitis rotundifolia,gbifTaxonomy,GBIF,Vitis munsoniana Simpson ex Munson,USA,NA,NA,ba6711d1-ddd3-4899-91a5-43312469b069,TRUE,FALSE
inPublicationNotRound2,Vitis rotundifolia,gbifTaxonomy,GBIF,Vitis munsoniana Simpson ex Munson,USA,NA,NA,86529f81-957f-4d31-b0bb-0353b4a0bef6,TRUE,FALSE
inPublicationNotRound2,Vitis rotundifolia,gbifTaxonomy,GBIF,Vitis munsoniana Simpson ex Munson,USA,NA,NA,beece8dd-64f7-470a-a3cd-ad657fd85a85,TRUE,FALSE
inPublicationNotRound2,Vitis rotundifolia,gbifTaxonomy,GBIF,Vitis munsoniana Simpson ex Munson,USA,NA,NA,48e3e8aa-2368-44c2-925c-e65eb27de105,TRUE,FALSE
inPublicationNotRound2,Vitis rotundifolia,gbifTaxonomy,GBIF,Vitis munsoniana Simpson ex Munson,USA,NA,NA,71bbe2e7-61fa-41ad-89d8-5b6c9bf57b5e,TRUE,FALSE
inPublicationNotRound2,Vitis rotundifolia,gbifTaxonomy,GBIF,Vitis munsoniana Simpson ex Munson,USA,NA,NA,721a94df-1513-4280-8029-3715c4e9dd56,TRUE,FALSE
inPublicationNotRound2,Vitis rotundifolia,gbifTaxonomy,GBIF,Muscadinia munsoniana (J.H.Simpson ex Munson) Small,USA,NA,NA,1aaaf3f0-ea52-4b95-9f1b-36016118165d,TRUE,FALSE
inPublicationNotRound2,Vitis rotundifolia,gbifTaxonomy,GBIF,Muscadinia munsoniana (J.H.Simpson ex Munson) Small,USA,NA,NA,dd03b83a-3f6d-4f68-90b7-182de99e4d0f,TRUE,FALSE
inPublicationNotRound2,Vitis rotundifolia,gbifTaxonomy,GBIF,Muscadinia munsoniana (J.H.Simpson ex Munson) Small,USA,NA,NA,6452852e-0b68-4418-a83f-36707c1a02a9,TRUE,FALSE
inPublicationNotRound2,Vitis rotundifolia,gbifTaxonomy,GBIF,Muscadinia munsoniana (J.H.Simpson ex Munson) Small,USA,NA,NA,2fdee6c5-f915-11e2-9428-c94601350785,TRUE,FALSE
inPublicationNotRound2,Vitis rotundifolia,gbifTaxonomy,GBIF,Vitis munsoniana Simpson ex Munson,USA,NA,NA,826278c3-21ac-4d85-88ff-f3e02e5710fa,TRUE,FALSE
inPublicationNotRound2,Vitis rotundifolia,gbifTaxonomy,GBIF,Vitis munsoniana Simpson ex Munson,USA,NA,NA,127a28f7-ba86-4100-a782-7d0dca2c6088,TRUE,FALSE
inPublicationNotRound2,Vitis rotundifolia,gbifTaxonomy,GBIF,Vitis munsoniana Simpson ex Munson,USA,NA,NA,260a6fc3-6326-402a-baa5-65333d973e72,TRUE,FALSE
inPublicationNotRound2,Vitis rotundifolia,gbifTaxonomy,GBIF,Vitis munsoniana Simpson ex Munson,NA,NA,NA,60b1370f-c660-4643-8c1c-823b271944ea,TRUE,FALSE
inPublicationNotRound2,Vitis rotundifolia,gbifTaxonomy,GBIF,Vitis munsoniana Simpson ex Munson,USA,NA,NA,9e795e81-757a-4798-bf2d-fa78c9b15157,TRUE,FALSE
inPublicationNotRound2,Vitis rotundifolia,gbifTaxonomy,GBIF,Vitis munsoniana Simpson ex Munson,USA,NA,NA,9d847130-32a5-4706-8b66-ffd23225b537,TRUE,FALSE
inPublicationNotRound2,Vitis rotundifolia,gbifTaxonomy,GBIF,Vitis munsoniana Simpson ex Munson,USA,NA,NA,ecf896ca-49dc-4151-af1e-3898bbd7dbf6,TRUE,FALSE
inPublicationNotRound2,Vitis rotundifolia,gbifTaxonomy,GBIF,Vitis munsoniana Simpson ex Munson,USA,NA,NA,7d5633ee-297d-44e3-91f3-e8cf166ebf89,TRUE,FALSE
inPublicationNotRound2,Vitis rotundifolia,gbifTaxonomy,GBIF,Vitis munsoniana Simpson ex Munson,USA,NA,NA,c8f0e462-ec72-4e33-934e-598bc7b56dd1,TRUE,FALSE
inPublicationNotRound2,Vitis popenoei,gbifTaxonomy,GBIF,Muscadinia popenoei (J.L.Fennell) Weakley & Gandhi,MEX,NA,NA,e16935c4-88a4-4585-aabc-8f1c7aa62d5f,FALSE,TRUE
inPublicationNotRound2,Vitis popenoei,gbifTaxonomy,GBIF,Muscadinia popenoei (J.L.Fennell) Weakley & Gandhi,MEX,NA,NA,bec76c30-f6e7-49dd-ad41-840367ef600a,FALSE,TRUE
inPublicationNotRound2,Vitis popenoei,gbifTaxonomy,GBIF,Muscadinia popenoei (J.L.Fennell) Weakley & Gandhi,MEX,NA,NA,b14e7bd8-8651-4ebd-b40b-e2c629775aa8,FALSE,TRUE
inPublicationNotRound2,Vitis popenoei,gbifTaxonomy,GBIF,Muscadinia popenoei (J.L.Fennell) Weakley & Gandhi,MEX,NA,NA,662fd85c-c55a-4169-b74b-d9e6d250ffc1,FALSE,TRUE
inPublicationNotRound2,Vitis popenoei,gbifTaxonomy,GBIF,Muscadinia popenoei (J.L.Fennell) Weakley & Gandhi,MEX,NA,NA,351784f8-515c-40aa-86b6-1598de48ef48,FALSE,TRUE
inPublicationNotRound2,Vitis popenoei,gbifTaxonomy,GBIF,Muscadinia popenoei (J.L.Fennell) Weakley & Gandhi,MEX,NA,NA,ce4e1caa-3582-4776-80ac-02563966ff15,FALSE,TRUE
inPublicationNotRound2,Vitis popenoei,gbifTaxonomy,GBIF,Muscadinia popenoei (J.L.Fennell) Weakley & Gandhi,MEX,NA,NA,21542bef-7d13-48ce-a31b-98836ed3dbf6,FALSE,TRUE
inPublicationNotRound2,Vitis popenoei,gbifTaxonomy,GBIF,Muscadinia popenoei (J.L.Fennell) Weakley & Gandhi,MEX,NA,NA,e6c3bab6-a5ef-485a-a3f8-2754ef05986f,FALSE,TRUE
inPublicationNotRound2,Vitis popenoei,gbifTaxonomy,GBIF,Muscadinia popenoei (J.L.Fennell) Weakley & Gandhi,MEX,NA,NA,64b22bfc-386e-49bc-999f-4e9827a818dd,FALSE,TRUE
inPublicationNotRound2,Vitis popenoei,gbifTaxonomy,GBIF,Muscadinia popenoei (J.L.Fennell) Weakley & Gandhi,MEX,NA,NA,94432fbb-9162-4ffe-9463-68faca3478bb,FALSE,TRUE
inPublicationNotRound2,Vitis popenoei,gbifTaxonomy,GBIF,Muscadinia popenoei (J.L.Fennell) Weakley & Gandhi,MEX,NA,NA,7385c5e4-6b40-41af-8cca-55fa42084e0d,FALSE,TRUE
inPublicationNotRound2,Vitis popenoei,gbifTaxonomy,GBIF,Muscadinia popenoei (J.L.Fennell) Weakley & Gandhi,MEX,NA,NA,5a09b895-6f8a-46fe-8e44-3742870fc1dd,FALSE,TRUE
inPublicationNotRound2,Vitis popenoei,gbifTaxonomy,GBIF,Muscadinia popenoei (J.L.Fennell) Weakley & Gandhi,MEX,NA,NA,bc5dd00f-0d87-4114-be6e-089dff1a6df0,FALSE,TRUE
inPublicationNotRound2,Vitis popenoei,gbifTaxonomy,GBIF,Muscadinia popenoei (J.L.Fennell) Weakley & Gandhi,MEX,NA,NA,d421c1a4-ea43-4089-a437-b12aa1fe3aa4,FALSE,TRUE
inPublicationNotRound2,Vitis popenoei,gbifTaxonomy,GBIF,Muscadinia popenoei (J.L.Fennell) Weakley & Gandhi,MEX,NA,NA,fa49ceb8-287e-41c7-8f4e-3d28c56891f0,FALSE,TRUE
inPublicationNotRound2,Vitis popenoei,gbifTaxonomy,GBIF,Muscadinia popenoei (J.L.Fennell) Weakley & Gandhi,MEX,NA,NA,b8147ebb-56be-42fb-8f98-88fc31a42395,FALSE,TRUE
inPublicationNotRound2,Vitis popenoei,gbifTaxonomy,GBIF,Muscadinia popenoei (J.L.Fennell) Weakley & Gandhi,MEX,NA,NA,ccc9d745-801a-43da-ae09-c7af247c9b12,FALSE,TRUE
inPublicationNotRound2,Vitis popenoei,gbifTaxonomy,GBIF,Muscadinia popenoei (J.L.Fennell) Weakley & Gandhi,MEX,NA,NA,938a22fe-9fcc-4a66-9ceb-53eb8eb88588,FALSE,TRUE
inPublicationNotRound2,Vitis popenoei,gbifTaxonomy,GBIF,Muscadinia popenoei (J.L.Fennell) Weakley & Gandhi,MEX,NA,NA,ec4f1fd1-7812-4474-b80a-6a4ba236635e,FALSE,TRUE
inPublicationNotRound2,Vitis popenoei,gbifTaxonomy,GBIF,Muscadinia popenoei (J.L.Fennell) Weakley & Gandhi,MEX,21.167892,-98.913963,5ae2a7f0-9db8-4bc0-97c3-c9cf30f0dd9f,FALSE,TRUE
inPublicationNotRound2,Vitis popenoei,gbifTaxonomy,GBIF,Muscadinia popenoei (J.L.Fennell) Weakley & Gandhi,MEX,21.157243,-98.938734,b1a06e27-f865-4bea-a1d4-e5c3246add67,FALSE,TRUE
inPublicationNotRound2,Vitis tiliifolia,other,UC Davis Grape Breeding Collection,tiliifolia,NA,NA,NA,DVIT2252.10,FALSE,FALSE
inPublicationNotRound2,Vitis tiliifolia,gbifTaxonomy,GBIF,Vitis caribaea DC.,MEX,NA,NA,https://data.biodiversitydata.nl/naturalis/specimen/U.1770307,FALSE,TRUE
inPublicationNotRound2,Vitis tiliifolia,countryExempt,GBIF,Vitis caribaea DC.,PRI,18.37584,-66.16459,https://data.biodiversitydata.nl/naturalis/specimen/L.2338899,FALSE,TRUE
inPublicationNotRound2,Vitis tiliifolia,gbifTaxonomy,GBIF,Vitis caribaea DC.,MEX,NA,NA,https://data.biodiversitydata.nl/naturalis/specimen/L.2338897,FALSE,TRUE
inPublicationNotRound2,Vitis tiliifolia,countryExempt,GBIF,Vitis arachnoidea Oerst.,IDN,NA,NA,https://data.biodiversitydata.nl/naturalis/specimen/U.1768065,FALSE,TRUE
inPublicationNotRound2,Vitis tiliifolia,gbifTaxonomy,GBIF,Vitis caribaea DC.,MEX,NA,NA,https://data.biodiversitydata.nl/naturalis/specimen/L.2338896,FALSE,TRUE
inPublicationNotRound2,Vitis tiliifolia,countryExempt,GBIF,Vitis arachnoidea Oerst.,IDN,NA,NA,https://data.biodiversitydata.nl/naturalis/specimen/U.1768071,FALSE,TRUE
inPublicationNotRound2,Vitis tiliifolia,countryExempt,GBIF,Vitis arachnoidea Oerst.,IDN,NA,NA,https://data.biodiversitydata.nl/naturalis/specimen/U.1768069,FALSE,TRUE
inPublicationNotRound2,Vitis tiliifolia,countryExempt,GBIF,Vitis caribaea DC.,DOM,NA,NA,https://data.biodiversitydata.nl/naturalis/specimen/L.2338903,FALSE,TRUE
inPublicationNotRound2,Vitis tiliifolia,gbifTaxonomy,GBIF,Vitis arachnoidea Oerst.,NA,NA,NA,https://data.biodiversitydata.nl/naturalis/specimen/WAG.1867021,FALSE,TRUE
inPublicationNotRound2,Vitis tiliifolia,countryExempt,GBIF,Vitis caribaea DC.,COL,NA,NA,https://data.biodiversitydata.nl/naturalis/specimen/L.2338901,FALSE,TRUE
inPublicationNotRound2,Vitis tiliifolia,countryExempt,GBIF,Vitis arachnoidea Oerst.,IDN,NA,NA,https://data.biodiversitydata.nl/naturalis/specimen/U.1768064,FALSE,TRUE
inPublicationNotRound2,Vitis tiliifolia,gbifTaxonomy,GBIF,Vitis caribaea DC.,NA,NA,NA,https://data.biodiversitydata.nl/naturalis/specimen/L.2338898,FALSE,TRUE
inPublicationNotRound2,Vitis tiliifolia,gbifTaxonomy,GBIF,Vitis caribaea DC.,NA,NA,NA,https://data.biodiversitydata.nl/naturalis/specimen/AMD.119464,FALSE,TRUE
inPublicationNotRound2,Vitis tiliifolia,countryExempt,GBIF,Vitis caribaea DC.,CUB,NA,NA,https://data.biodiversitydata.nl/naturalis/specimen/L.2338900,FALSE,TRUE
inPublicationNotRound2,Vitis tiliifolia,countryExempt,GBIF,Vitis caribaea DC.,DOM,NA,NA,https://data.biodiversitydata.nl/naturalis/specimen/L.2338902,FALSE,TRUE
inPublicationNotRound2,Vitis tiliifolia,gbifTaxonomy,GBIF,Vitis caribaea DC.,MEX,NA,NA,https://data.biodiversitydata.nl/naturalis/specimen/L.2338895,FALSE,TRUE
inPublicationNotRound2,Vitis tiliifolia,gbifTaxonomy,GBIF,Vitis caribaea DC.,MEX,NA,NA,7464bd2571bb3955ab37d18bc883493c,FALSE,TRUE
inPublicationNotRound2,Vitis tiliifolia,gbifTaxonomy,GBIF,Vitis caribaea DC.,MEX,18.850408,-97.103877,aeeae25fa0e299933a96a9a45866d7f8,FALSE,TRUE
inPublicationNotRound2,Vitis tiliifolia,gbifTaxonomy,GBIF,Vitis caribaea DC.,MEX,NA,NA,a41f2dbf0d9bf8a0f5fb8f039a10c999,FALSE,TRUE
inPublicationNotRound2,Vitis tiliifolia,gbifTaxonomy,GBIF,Vitis caribaea DC.,NA,NA,NA,CD402CCCA73B4CEE87128079E5B469CC,FALSE,TRUE
inPublicationNotRound2,Vitis tiliifolia,gbifTaxonomy,GBIF,Vitis caribaea DC.,NA,NA,NA,B2FC0D31E6334D628F3759AD739C6EB9,FALSE,TRUE
inPublicationNotRound2,Vitis tiliifolia,gbifTaxonomy,GBIF,Vitis caribaea DC.,NA,NA,NA,AE7C3BB96A164003A226D50627ED389A,FALSE,TRUE
inPublicationNotRound2,Vitis tiliifolia,gbifTaxonomy,GBIF,Vitis caribaea DC.,NA,NA,NA,9E80019435984399849D4E7CAA3AF534,FALSE,TRUE
inPublicationNotRound2,Vitis tiliifolia,gbifTaxonomy,GBIF,Vitis caribaea DC.,NA,NA,NA,5FD716F2AB1E4261AB76F51943A17773,FALSE,TRUE
inPublicationNotRound2,Vitis tiliifolia,gbifTaxonomy,GBIF,Vitis caribaea DC.,NA,NA,NA,05A6EE573B7B4DABAB10DC06D1F6106C,FALSE,TRUE
inPublicationNotRound2,Vitis tiliifolia,gbifTaxonomy,GBIF,Vitis caribaea DC.,NA,NA,NA,6AC96832772941E0AA34E04B762A4732,FALSE,TRUE
inPublicationNotRound2,Vitis tiliifolia,countryExempt,GBIF,Vitis caribaea DC.,CUB,NA,NA,urn:catalog:MO:Tropicos:1423260,FALSE,TRUE
inPublicationNotRound2,Vitis tiliifolia,countryExempt,GBIF,Vitis caribaea DC.,CUB,NA,NA,urn:catalog:MO:Tropicos:1423312,FALSE,TRUE
inPublicationNotRound2,Vitis tiliifolia,countryExempt,GBIF,Vitis caribaea DC.,JAM,NA,NA,urn:catalog:MO:Tropicos:1423314,FALSE,TRUE
inPublicationNotRound2,Vitis tiliifolia,countryExempt,GBIF,Vitis caribaea DC.,CUB,NA,NA,urn:catalog:MO:Tropicos:1423238,FALSE,TRUE
inPublicationNotRound2,Vitis tiliifolia,countryExempt,GBIF,Vitis caribaea DC.,CUB,NA,NA,urn:catalog:MO:Tropicos:1423307,FALSE,TRUE
inPublicationNotRound2,Vitis tiliifolia,gbifTaxonomy,GBIF,Vitis caribaea DC.,MEX,NA,NA,c4d5207781663beb9db87e6fda170c26,FALSE,TRUE
inPublicationNotRound2,Vitis tiliifolia,gbifTaxonomy,GBIF,Vitis caribaea DC.,MEX,NA,NA,b4cfd6ceaa156bd6bb6040e8d9daa0b5,FALSE,TRUE
inPublicationNotRound2,Vitis tiliifolia,gbifTaxonomy,GBIF,Vitis caribaea DC.,MEX,NA,NA,2fa7d9811f814e5c6e6adc436c7bd368,FALSE,TRUE
inPublicationNotRound2,Vitis tiliifolia,gbifTaxonomy,GBIF,Vitis caribaea DC.,MEX,NA,NA,71c59547fe07582c907f89781304bd36,FALSE,TRUE
inPublicationNotRound2,Vitis tiliifolia,gbifTaxonomy,GBIF,Vitis caribaea DC.,MEX,NA,NA,31128290a8414b98ec4d5642138aa84f,FALSE,TRUE
inPublicationNotRound2,Vitis tiliifolia,countryExempt,GBIF,Vitis caribaea DC.,BLZ,NA,NA,aa560d0c789d9e02665710f3a7fc0634,FALSE,TRUE
inPublicationNotRound2,Vitis tiliifolia,gbifTaxonomy,GBIF,Vitis caribaea DC.,MEX,NA,NA,70487ead1941f9ee4e8f4c75c725b401,FALSE,TRUE
inPublicationNotRound2,Vitis tiliifolia,gbifTaxonomy,GBIF,Vitis caribaea DC.,MEX,NA,NA,1787d367f43898d4f1a587a7c4ce7d7d,FALSE,TRUE
inPublicationNotRound2,Vitis tiliifolia,gbifTaxonomy,GBIF,Vitis caribaea DC.,MEX,NA,NA,589478a197bf7cec192762c552800aea,FALSE,TRUE
inPublicationNotRound2,Vitis tiliifolia,gbifTaxonomy,GBIF,Vitis caribaea DC.,MEX,NA,NA,bf405d9e797a1498d5320d65b14674e9,FALSE,TRUE
inPublicationNotRound2,Vitis tiliifolia,gbifTaxonomy,GBIF,Vitis caribaea DC.,MEX,NA,NA,76218340dec056a2f7c399b310d3ef18,FALSE,TRUE
inPublicationNotRound2,Vitis tiliifolia,gbifTaxonomy,GBIF,Vitis caribaea DC.,MEX,NA,NA,826c2983adb3ee6fbe16af38aeac0f31,FALSE,TRUE
inPublicationNotRound2,Vitis tiliifolia,gbifTaxonomy,GBIF,Vitis caribaea DC.,MEX,NA,NA,96f8911c410e49dfe43d6362cd912ad5,FALSE,TRUE
inPublicationNotRound2,Vitis tiliifolia,countryExempt,GBIF,Vitis caribaea DC.,GTM,NA,NA,http://n2t.net/ark:/65665/34266f225-1305-48b0-9a6e-50b8e2d006c0,FALSE,TRUE
inPublicationNotRound2,Vitis tiliifolia,countryExempt,GBIF,Vitis caribaea DC.,CRI,NA,NA,http://n2t.net/ark:/65665/38cea521c-139c-47ec-979e-b3e0626bd354,FALSE,TRUE
inPublicationNotRound2,Vitis tiliifolia,countryExempt,GBIF,Vitis caribaea DC.,GTM,NA,NA,http://n2t.net/ark:/65665/37e3b161c-2fe3-4443-819a-105bd2aef18d,FALSE,TRUE
inPublicationNotRound2,Vitis tiliifolia,gbifTaxonomy,GBIF,Vitis caribaea DC.,MEX,NA,NA,32cbf231a923a43b9dd9f17a6eb95adb,FALSE,TRUE
inPublicationNotRound2,Vitis tiliifolia,gbifTaxonomy,GBIF,Vitis caribaea DC.,MEX,NA,NA,http://coldb.mnhn.fr/catalognumber/mnhn/p/p02343632,FALSE,TRUE
inPublicationNotRound2,Vitis tiliifolia,countryExempt,GBIF,Vitis caribaea DC.,PRI,NA,NA,http://coldb.mnhn.fr/catalognumber/mnhn/p/p00915864,FALSE,TRUE
inPublicationNotRound2,Vitis tiliifolia,gbifTaxonomy,GBIF,Vitis caribaea DC.,MEX,NA,NA,http://coldb.mnhn.fr/catalognumber/mnhn/p/p02343631,FALSE,TRUE
inPublicationNotRound2,Vitis tiliifolia,gbifTaxonomy,GBIF,Vitis caribaea DC.,NA,NA,NA,http://coldb.mnhn.fr/catalognumber/um/mpu/mpu674081,FALSE,TRUE
inPublicationNotRound2,Vitis tiliifolia,gbifTaxonomy,GBIF,Vitis caribaea DC.,NA,NA,NA,http://coldb.mnhn.fr/catalognumber/um/mpu/mpu674085,FALSE,TRUE
inPublicationNotRound2,Vitis tiliifolia,gbifTaxonomy,GBIF,Vitis caribaea DC.,NA,NA,NA,http://coldb.mnhn.fr/catalognumber/um/mpu/mpu674070,FALSE,TRUE
inPublicationNotRound2,Vitis tiliifolia,gbifTaxonomy,GBIF,Vitis caribaea DC.,NA,NA,NA,http://coldb.mnhn.fr/catalognumber/um/mpu/mpu674084,FALSE,TRUE
inPublicationNotRound2,Vitis tiliifolia,gbifTaxonomy,GBIF,Vitis caribaea DC.,NA,NA,NA,http://coldb.mnhn.fr/catalognumber/um/mpu/mpu674076,FALSE,TRUE
inPublicationNotRound2,Vitis tiliifolia,gbifTaxonomy,GBIF,Vitis caribaea DC.,NA,NA,NA,http://coldb.mnhn.fr/catalognumber/um/mpu/mpu674073,FALSE,TRUE
inPublicationNotRound2,Vitis tiliifolia,gbifTaxonomy,GBIF,Vitis caribaea DC.,NA,NA,NA,http://coldb.mnhn.fr/catalognumber/um/mpu/mpu674075,FALSE,TRUE
inPublicationNotRound2,Vitis tiliifolia,gbifTaxonomy,GBIF,Vitis caribaea DC.,NA,NA,NA,http://coldb.mnhn.fr/catalognumber/um/mpu/mpu674074,FALSE,TRUE
inPublicationNotRound2,Vitis tiliifolia,gbifTaxonomy,GBIF,Vitis caribaea DC.,NA,NA,NA,http://coldb.mnhn.fr/catalognumber/um/mpu/mpu674077,FALSE,TRUE
inPublicationNotRound2,Vitis tiliifolia,gbifTaxonomy,GBIF,Vitis caribaea DC.,NA,NA,NA,http://coldb.mnhn.fr/catalognumber/um/mpu/mpu709442,FALSE,TRUE
inPublicationNotRound2,Vitis tiliifolia,gbifTaxonomy,GBIF,Vitis caribaea DC.,NA,NA,NA,http://coldb.mnhn.fr/catalognumber/um/mpu/mpu709443,FALSE,TRUE
inPublicationNotRound2,Vitis tiliifolia,gbifTaxonomy,GBIF,Vitis caribaea DC.,NA,NA,NA,http://coldb.mnhn.fr/catalognumber/um/mpu/mpu709444,FALSE,TRUE
inPublicationNotRound2,Vitis tiliifolia,gbifTaxonomy,GBIF,Vitis caribaea DC.,NA,NA,NA,http://coldb.mnhn.fr/catalognumber/um/mpu/mpu709445,FALSE,TRUE
inPublicationNotRound2,Vitis tiliifolia,gbifTaxonomy,GBIF,Vitis caribaea DC.,NA,NA,NA,http://coldb.mnhn.fr/catalognumber/um/mpu/mpu709446,FALSE,TRUE
inPublicationNotRound2,Vitis tiliifolia,gbifTaxonomy,GBIF,Vitis caribaea DC.,NA,NA,NA,http://coldb.mnhn.fr/catalognumber/um/mpu/mpu674069,FALSE,TRUE
inPublicationNotRound2,Vitis tiliifolia,countryExempt,GBIF,Vitis caribaea DC.,CUB,NA,NA,http://specimens.kew.org/herbarium/K004491182,FALSE,TRUE
inPublicationNotRound2,Vitis tiliifolia,countryExempt,GBIF,Vitis caribaea DC.,COL,NA,NA,http://specimens.kew.org/herbarium/K004491209,FALSE,TRUE
inPublicationNotRound2,Vitis tiliifolia,gbifTaxonomy,GBIF,Vitis caribaea DC.,USA,NA,NA,http://specimens.kew.org/herbarium/K004490797,FALSE,TRUE
inPublicationNotRound2,Vitis tiliifolia,countryExempt,GBIF,Vitis caribaea DC.,ECU,NA,NA,http://specimens.kew.org/herbarium/K004491213,FALSE,TRUE
inPublicationNotRound2,Vitis tiliifolia,countryExempt,GBIF,Vitis caribaea DC.,CUB,NA,NA,http://specimens.kew.org/herbarium/K004491189,FALSE,TRUE
inPublicationNotRound2,Vitis tiliifolia,countryExempt,GBIF,Vitis caribaea DC.,JAM,NA,NA,http://specimens.kew.org/herbarium/K004491185,FALSE,TRUE
inPublicationNotRound2,Vitis tiliifolia,countryExempt,GBIF,Vitis caribaea DC.,CUB,NA,NA,http://specimens.kew.org/herbarium/K004491183,FALSE,TRUE
inPublicationNotRound2,Vitis tiliifolia,countryExempt,GBIF,Vitis caribaea DC.,DOM,NA,NA,http://specimens.kew.org/herbarium/K004491181,FALSE,TRUE
inPublicationNotRound2,Vitis tiliifolia,countryExempt,GBIF,Vitis caribaea DC.,COL,NA,NA,http://specimens.kew.org/herbarium/K004491208,FALSE,TRUE
inPublicationNotRound2,Vitis tiliifolia,countryExempt,GBIF,Vitis caribaea DC.,HTI,NA,NA,http://specimens.kew.org/herbarium/K004491192,FALSE,TRUE
inPublicationNotRound2,Vitis tiliifolia,countryExempt,GBIF,Vitis caribaea DC.,VEN,NA,NA,http://specimens.kew.org/herbarium/K004491219,FALSE,TRUE
inPublicationNotRound2,Vitis tiliifolia,countryExempt,GBIF,Vitis caribaea DC.,JAM,NA,NA,http://specimens.kew.org/herbarium/K004491186,FALSE,TRUE
inPublicationNotRound2,Vitis tiliifolia,countryExempt,GBIF,Vitis caribaea DC.,CUB,NA,NA,http://specimens.kew.org/herbarium/K004491194,FALSE,TRUE
inPublicationNotRound2,Vitis tiliifolia,countryExempt,GBIF,Vitis caribaea DC.,JAM,NA,NA,http://specimens.kew.org/herbarium/K004491180,FALSE,TRUE
inPublicationNotRound2,Vitis tiliifolia,countryExempt,GBIF,Vitis caribaea DC.,COL,NA,NA,http://specimens.kew.org/herbarium/K004491207,FALSE,TRUE
inPublicationNotRound2,Vitis tiliifolia,countryExempt,GBIF,Vitis caribaea DC.,CUB,NA,NA,http://specimens.kew.org/herbarium/K004491184,FALSE,TRUE
inPublicationNotRound2,Vitis tiliifolia,countryExempt,GBIF,Vitis caribaea DC.,JAM,NA,NA,http://specimens.kew.org/herbarium/K004491188,FALSE,TRUE
inPublicationNotRound2,Vitis tiliifolia,gbifTaxonomy,GBIF,Vitis acuminata Oerst.,NA,NA,NA,http://coldb.mnhn.fr/catalognumber/um/mpu/mpu700073,FALSE,TRUE
inPublicationNotRound2,Vitis tiliifolia,gbifTaxonomy,GBIF,Vitis caribaea DC.,NA,NA,NA,http://coldb.mnhn.fr/catalognumber/um/mpu/mpu674083,FALSE,TRUE
inPublicationNotRound2,Vitis tiliifolia,gbifTaxonomy,GBIF,Vitis caribaea DC.,NA,NA,NA,http://coldb.mnhn.fr/catalognumber/um/mpu/mpu709447,FALSE,TRUE
inPublicationNotRound2,Vitis tiliifolia,gbifTaxonomy,GBIF,Vitis arachnoidea Oerst.,NA,NA,NA,http://coldb.mnhn.fr/catalognumber/um/mpu/mpu700022,FALSE,TRUE
inPublicationNotRound2,Vitis tiliifolia,countryExempt,GBIF,Vitis caribaea DC.,COL,NA,NA,http://specimens.kew.org/herbarium/K004491210,FALSE,TRUE
inPublicationNotRound2,Vitis tiliifolia,countryExempt,GBIF,Vitis caribaea DC.,COL,NA,NA,http://specimens.kew.org/herbarium/K004491215,FALSE,TRUE
inPublicationNotRound2,Vitis tiliifolia,countryExempt,GBIF,Vitis caribaea DC.,COL,NA,NA,http://specimens.kew.org/herbarium/K004491206,FALSE,TRUE
inPublicationNotRound2,Vitis tiliifolia,countryExempt,GBIF,Vitis caribaea DC.,CUB,NA,NA,http://specimens.kew.org/herbarium/K004491179,FALSE,TRUE
inPublicationNotRound2,Vitis tiliifolia,countryExempt,GBIF,Vitis caribaea DC.,COL,NA,NA,http://specimens.kew.org/herbarium/K004491212,FALSE,TRUE
inPublicationNotRound2,Vitis tiliifolia,countryExempt,GBIF,Vitis caribaea DC.,PRI,NA,NA,http://specimens.kew.org/herbarium/K004491190,FALSE,TRUE
inPublicationNotRound2,Vitis tiliifolia,countryExempt,GBIF,Vitis caribaea DC.,PAN,NA,NA,http://specimens.kew.org/herbarium/K004491217,FALSE,TRUE
inPublicationNotRound2,Vitis tiliifolia,countryExempt,GBIF,Vitis caribaea DC.,PRI,NA,NA,http://specimens.kew.org/herbarium/K004491191,FALSE,TRUE
inPublicationNotRound2,Vitis tiliifolia,countryExempt,GBIF,Vitis caribaea DC.,PAN,NA,NA,http://specimens.kew.org/herbarium/K004491218,FALSE,TRUE
inPublicationNotRound2,Vitis tiliifolia,countryExempt,GBIF,Vitis caribaea DC.,JAM,NA,NA,http://specimens.kew.org/herbarium/K004491193,FALSE,TRUE
inPublicationNotRound2,Vitis tiliifolia,countryExempt,GBIF,Vitis caribaea DC.,CUB,NA,NA,http://specimens.kew.org/herbarium/K004491195,FALSE,TRUE
inPublicationNotRound2,Vitis tiliifolia,countryExempt,GBIF,Vitis caribaea DC.,COL,NA,NA,http://specimens.kew.org/herbarium/K004491211,FALSE,TRUE
inPublicationNotRound2,Vitis tiliifolia,countryExempt,GBIF,Vitis caribaea DC.,JAM,NA,NA,http://specimens.kew.org/herbarium/K004491187,FALSE,TRUE
inPublicationNotRound2,Vitis tiliifolia,countryExempt,GBIF,Vitis caribaea DC.,ECU,NA,NA,http://specimens.kew.org/herbarium/K004491214,FALSE,TRUE
inPublicationNotRound2,Vitis tiliifolia,countryExempt,GBIF,Vitis caribaea DC.,VEN,NA,NA,http://specimens.kew.org/herbarium/K004491221,FALSE,TRUE
inPublicationNotRound2,Vitis tiliifolia,countryExempt,GBIF,Vitis caribaea DC.,COL,NA,NA,http://specimens.kew.org/herbarium/K004491216,FALSE,TRUE
inPublicationNotRound2,Vitis tiliifolia,countryExempt,GBIF,Vitis caribaea DC.,VEN,NA,NA,http://specimens.kew.org/herbarium/K004007087,FALSE,TRUE
inPublicationNotRound2,Vitis tiliifolia,gbifTaxonomy,GBIF,Vitis caribaea DC.,USA,NA,NA,92dddb4e-1314-4c5f-b186-11983213f806,FALSE,TRUE
inPublicationNotRound2,Vitis tiliifolia,countryExempt,GBIF,Vitis caribaea DC.,CUB,NA,NA,625e0a39-097a-4884-9d00-36dd3e504ff8,FALSE,TRUE
inPublicationNotRound2,Vitis tiliifolia,gbifTaxonomy,GBIF,Vitis caribaea DC.,MEX,NA,NA,bf419b52-1a93-4fba-ab60-5dfdd1348538,FALSE,TRUE
inPublicationNotRound2,Vitis tiliifolia,countryExempt,GBIF,Vitis caribaea DC.,JAM,NA,NA,1CDE1C77-5EED-4E93-9B0E-6467ADDEE2F2,FALSE,TRUE
inPublicationNotRound2,Vitis tiliifolia,countryExempt,GBIF,Vitis caribaea DC.,CUB,NA,NA,3C0E97D9-5F67-4505-A589-31905FB00A5C,FALSE,TRUE
inPublicationNotRound2,Vitis tiliifolia,countryExempt,GBIF,Vitis caribaea DC.,COL,NA,NA,A9715CCB-129A-4DB1-A205-BBC10BCD08A5,FALSE,TRUE
inPublicationNotRound2,Vitis tiliifolia,countryExempt,GBIF,Vitis caribaea DC.,CUB,NA,NA,13D3D2F1-DC80-48E1-A3D7-3AF94FDF4B84,FALSE,TRUE
inPublicationNotRound2,Vitis tiliifolia,countryExempt,GBIF,Vitis caribaea DC.,COL,NA,NA,FDB501C5-FFCF-423D-9F24-C3A2E2D7C787,FALSE,TRUE
inPublicationNotRound2,Vitis tiliifolia,countryExempt,GBIF,Vitis caribaea DC.,CUB,NA,NA,4C5E7B20-24B6-4B93-A98B-7ADEC6EF0F67,FALSE,TRUE
inPublicationNotRound2,Vitis tiliifolia,gbifTaxonomy,GBIF,Vitis caribaea DC.,MEX,NA,NA,http://n2t.net/ark:/65665/3f905365f-bf51-49c0-962a-01fb21344726,FALSE,TRUE
inPublicationNotRound2,Vitis tiliifolia,countryExempt,GBIF,Vitis caribaea DC.,CRI,NA,NA,http://n2t.net/ark:/65665/3339617ab-26fa-4afe-8eed-4d557f26f655,FALSE,TRUE
inPublicationNotRound2,Vitis tiliifolia,gbifTaxonomy,GBIF,Vitis caribaea DC.,NA,NA,NA,2A418BB423F14F30B94F7A8DF63ACCC3,FALSE,TRUE
inPublicationNotRound2,Vitis tiliifolia,gbifTaxonomy,GBIF,Vitis caribaea DC.,NA,NA,NA,7AB518CC32DB4A8A97CF907FC5C9C0BE,FALSE,TRUE
inPublicationNotRound2,Vitis tiliifolia,gbifTaxonomy,GBIF,Vitis caribaea DC.,NA,NA,NA,CB6F6FBC4D634C6C921D9D5FF004F102,FALSE,TRUE
inPublicationNotRound2,Vitis tiliifolia,gbifTaxonomy,GBIF,Vitis caribaea DC.,NA,NA,NA,8098905EC0364528BA8A73DB42D8F4F3,FALSE,TRUE
inPublicationNotRound2,Vitis tiliifolia,gbifTaxonomy,GBIF,Vitis caribaea DC.,NA,NA,NA,8F7727DE26BB462FA89102AA39E73ECB,FALSE,TRUE
inPublicationNotRound2,Vitis tiliifolia,gbifTaxonomy,GBIF,Vitis caribaea DC.,NA,NA,NA,C686468FD86D4F3CB0C5359942FAD628,FALSE,TRUE
inPublicationNotRound2,Vitis tiliifolia,gbifTaxonomy,GBIF,Vitis caribaea DC.,NA,NA,NA,CD62798793A44DD39C1FF6C4A3B0ED3B,FALSE,TRUE
inPublicationNotRound2,Vitis tiliifolia,gbifTaxonomy,GBIF,Vitis caribaea DC.,NA,NA,NA,https://data.biodiversitydata.nl/naturalis/specimen/AMD.119465,FALSE,TRUE
inPublicationNotRound2,Vitis tiliifolia,gbifTaxonomy,GBIF,Vitis caribaea DC.,MEX,19.200669,-96.675257,39030061b29d1cf6e6ae9743e307ed20,FALSE,TRUE
inPublicationNotRound2,Vitis tiliifolia,gbifTaxonomy,GBIF,Vitis caribaea DC.,USA,NA,NA,b2176a46-f3a5-4e09-a967-59abe1baa76c,FALSE,TRUE
inPublicationNotRound2,Vitis tiliifolia,gbifTaxonomy,GBIF,Vitis caribaea DC.,NA,NA,NA,http://coldb.mnhn.fr/catalognumber/um/mpu/mpu674082,FALSE,TRUE
inPublicationNotRound2,Vitis tiliifolia,gbifTaxonomy,GBIF,Vitis caribaea DC.,MEX,15.4313725,-92.2384706,b5a8d0d9ad5d4e27c81b5e7c90c651a1,FALSE,TRUE
inPublicationNotRound2,Vitis tiliifolia,gbifTaxonomy,GBIF,Vitis caribaea DC.,MEX,19.555929,-96.968319,206410dd5585c816e60072aca06ffaae,FALSE,TRUE
inPublicationNotRound2,Vitis tiliifolia,gbifTaxonomy,GBIF,Vitis caribaea DC.,MEX,21.345562,-98.226405,376b87045a2ad6748efb44bab8d27934,FALSE,TRUE
inPublicationNotRound2,Vitis tiliifolia,gbifTaxonomy,GBIF,Vitis caribaea DC.,MEX,17.963789,-94.881606,31865f3b0d2347e01c12b9063e6f2bc2,FALSE,TRUE
inPublicationNotRound2,Vitis tiliifolia,countryExempt,GBIF,Vitis caribaea DC.,DOM,18.5,-69.98,urn:catalog:MO:Tropicos:1423251,FALSE,TRUE
inPublicationNotRound2,Vitis tiliifolia,countryExempt,GBIF,Vitis caribaea DC.,JAM,18.089,-76.636,urn:catalog:MO:Tropicos:1423254,FALSE,TRUE
inPublicationNotRound2,Vitis tiliifolia,gbifTaxonomy,GBIF,Vitis caribaea DC.,MEX,20.451944,-97.703889,494605e4bb071b47b760720134c8e5b2,FALSE,TRUE
inPublicationNotRound2,Vitis tiliifolia,gbifTaxonomy,GBIF,Vitis caribaea DC.,MEX,18.243,-95.09,26df8c2e095b35f0fd97d797e5768145,FALSE,TRUE
inPublicationNotRound2,Vitis tiliifolia,gbifTaxonomy,GBIF,Vitis caribaea DC.,MEX,19.8447,-88.1383,http://n2t.net/ark:/65665/3ed4e3cfe-8625-42df-a0fb-e5c5b2c131ef,FALSE,TRUE
inPublicationNotRound2,Vitis tiliifolia,gbifTaxonomy,GBIF,Vitis caribaea DC.,MEX,19.3261,-96.7264,http://n2t.net/ark:/65665/34d61bea9-bd42-4af9-a1b6-a061c483d793,FALSE,TRUE
inPublicationNotRound2,Vitis tiliifolia,gbifTaxonomy,GBIF,Vitis caribaea DC.,MEX,19.2,-96.675,3907ee46694167a9dae714acead7fa5f,FALSE,TRUE
inPublicationNotRound2,Vitis tiliifolia,gbifTaxonomy,GBIF,Vitis caribaea DC.,MEX,21.345,-98.226111,e1b54c87b38bae98a82c76ce281694a6,FALSE,TRUE
inPublicationNotRound2,Vitis tiliifolia,gbifTaxonomy,GBIF,Vitis caribaea DC.,MEX,18.849722,-97.103611,1723f0014e1c662549578b4301501fb9,FALSE,TRUE
inPublicationNotRound2,Vitis tiliifolia,gbifTaxonomy,GBIF,Vitis caribaea DC.,MEX,19.555278,-96.968055,0660e95ca7b2023971df7c5d6f249062,FALSE,TRUE
inPublicationNotRound2,Vitis tiliifolia,gbifTaxonomy,GBIF,Vitis caribaea DC.,MEX,18.312978,-95.101151,f95d10b60aa16a0aceb067114a6a81cd,FALSE,TRUE
inPublicationNotRound2,Vitis tiliifolia,gbifTaxonomy,GBIF,Vitis caribaea DC.,MEX,17.963056,-94.881389,9e84e796459a19d8f2279f253ffaaed3,FALSE,TRUE
inPublicationNotRound2,Vitis tiliifolia,gbifTaxonomy,GBIF,Vitis caribaea DC.,USA,30.33218,-81.65565,http://coldb.mnhn.fr/catalognumber/mnhn/p/p02343633,FALSE,TRUE
inPublicationNotRound2,Vitis tiliifolia,gbifTaxonomy,GBIF,Vitis caribaea DC.,USA,30.32763,-81.65556,http://coldb.mnhn.fr/catalognumber/mnhn/p/p02343634,FALSE,TRUE
inPublicationNotRound2,Vitis tiliifolia,countryExempt,GBIF,Vitis caribaea DC.,VEN,8.25,-70.75,http://specimens.kew.org/herbarium/K004491220,FALSE,TRUE
inPublicationNotRound2,Vitis tiliifolia,gbifTaxonomy,GBIF,Vitis caribaea DC.,MEX,18.628889,-90.3,c0ef536cfed505a6e6ae1bc3903ef4c7,FALSE,TRUE
inPublicationNotRound2,Vitis tiliifolia,countryExempt,GBIF,Vitis caribaea DC.,PRI,18.22139,-66.46222,G00214818,FALSE,TRUE
inPublicationNotRound2,Vitis tiliifolia,gbifTaxonomy,GBIF,Vitis caribaea DC.,MEX,23.95046,-102.53289,G00493759,FALSE,TRUE
inPublicationNotRound2,Vitis tiliifolia,gbifTaxonomy,GBIF,Vitis caribaea DC.,MEX,18.83333,-97.1,G00493760,FALSE,TRUE
inPublicationNotRound2,Vitis tiliifolia,countryExempt,GBIF,Vitis caribaea DC.,CUB,21.62117,-79.03635,G00493770,FALSE,TRUE
inPublicationNotRound2,Vitis popenoei,gbifTaxonomy,GBIF,Muscadinia popenoei (J.L.Fennell) Weakley & Gandhi,MEX,21.167892,-98.913963,f73c3bdd-842b-492d-a5e8-6cd6df702d08,FALSE,TRUE
inPublicationNotRound2,Vitis tiliifolia,gbifTaxonomy,GBIF,Vitis caribaea DC.,MEX,21.345,-98.226111,92e94c2a9f40e35ee88ec246bfb16d68,FALSE,TRUE
inPublicationNotRound2,Vitis tiliifolia,gbifTaxonomy,GBIF,Vitis caribaea DC.,MEX,21.345562,-98.226405,4cd8b8177402e8a6406175cd68bec08b,FALSE,TRUE
inRound2NotPublication,Vitis labrusca,gbifTaxonomy,GBIF,Vitis L.,USA,NA,NA,https://w.jacq.org/W20160004092,FALSE,FALSE
inRound2NotPublication,Vitis vulpina,gbifTaxonomy,GBIF,Vitis cordifolia Lam.,CAN,45.5,-73.6,UdeM:MT00068278,FALSE,FALSE
inRound2NotPublication,Vitis vulpina,gbifTaxonomy,GBIF,Vitis cordifolia Lam.,USA,43.44259,-91.638315,e726a5b7-20a0-4783-ba8a-8f65a7df0478,FALSE,FALSE
inRound2NotPublication,Vitis vulpina,gbifTaxonomy,GBIF,Vitis cordifolia Lam.,USA,32.780029999999996,-97.232192,cbbdebd3-221a-40b4-ba57-751ffd5f0fac,FALSE,FALSE
inRound2NotPublication,Vitis vulpina,gbifTaxonomy,GBIF,Vitis cordifolia Lam.,USA,37.65479,-87.934346,a0cda0e2-d082-4d0a-b22f-1447fdef0677,FALSE,FALSE
inRound2NotPublication,Vitis vulpina,gbifTaxonomy,GBIF,Vitis cordifolia Lam.,USA,39.535941,-76.348293,920d4b67-01b4-47bd-98cd-df24ef2f0d67,FALSE,FALSE
inRound2NotPublication,Vitis vulpina,gbifTaxonomy,GBIF,Vitis cordifolia Lam.,USA,42.279128,-83.74886,ed994a85-f43d-411e-8185-9f3cb910cbd6,FALSE,FALSE
inRound2NotPublication,Vitis vulpina,gbifTaxonomy,GBIF,Vitis cordifolia Lam.,USA,41.518277,-90.54247,7c4c7f23-5547-47a6-9410-5154e1496afb,FALSE,FALSE
inRound2NotPublication,Vitis vulpina,gbifTaxonomy,GBIF,Vitis cordifolia Lam.,USA,41.52914,-90.57678,dcaef153-2de6-4090-a955-b48170981d3c,FALSE,FALSE
inRound2NotPublication,Vitis vulpina,gbifTaxonomy,GBIF,Vitis cordifolia Lam.,USA,41.518277,-90.54247,651afab9-0949-40e7-9bc7-255abc6b04c0,FALSE,FALSE
inRound2NotPublication,Vitis vulpina,gbifTaxonomy,GBIF,Vitis cordifolia Lam.,USA,41.518277,-90.54247,d2dbc071-7ff7-4a55-9fbc-249bf4a4a353,FALSE,FALSE
inRound2NotPublication,Vitis vulpina,gbifTaxonomy,GBIF,Vitis cordifolia Lam.,USA,42.015547,-93.659006,ee6bd35f-feb2-499d-a39a-27b30b0c5b1e,FALSE,FALSE
inRound2NotPublication,Vitis vulpina,gbifTaxonomy,GBIF,Vitis cordifolia Lam.,USA,41.517958,-90.542621,6f25c1a8-1b33-479d-9f96-408dca620c05,FALSE,FALSE
inRound2NotPublication,Vitis vulpina,gbifTaxonomy,GBIF,Vitis cordifolia Lam.,USA,39.99017,-75.212257,2d40bfc5-c69a-4d6b-9252-5600fcce3aad,FALSE,FALSE
inRound2NotPublication,Vitis vulpina,gbifTaxonomy,GBIF,Vitis cordifolia Lam.,USA,40.034481,-75.155718,88a18873-cbae-40e6-86d0-24d617cb0b4f,FALSE,FALSE
inRound2NotPublication,Vitis vulpina,gbifTaxonomy,GBIF,Vitis cordifolia Lam.,USA,39.968564,-75.205434,9d150100-16cf-45cf-a065-bfb5761232ad,FALSE,FALSE
inRound2NotPublication,Vitis vulpina,gbifTaxonomy,GBIF,Vitis cordifolia Lam.,USA,41.518345,-90.543249,bd5ff783-c8a7-4ca1-a812-8321d62dc8cb,FALSE,FALSE
inRound2NotPublication,Vitis vulpina,gbifTaxonomy,GBIF,Vitis cordifolia Lam.,USA,41.667071,-72.595872,ebea2410-c2f3-4f54-aaa1-fba953205b44,FALSE,FALSE
inRound2NotPublication,Vitis vulpina,gbifTaxonomy,genesys,Vitis cordifolia,NA,3709024e9,-95712891e8,a1a88ca2-a308-49ee-ba73-3f0fd2ecf6fa,FALSE,FALSE
inRound2NotPublication,Vitis vulpina,gbifTaxonomy,GBIF,Vitis cordifolia Lam.,CAN,NA,NA,UdeM:MT00300136,FALSE,FALSE
inRound2NotPublication,Vitis vulpina,gbifTaxonomy,GBIF,Vitis cordifolia Lam.,USA,NA,NA,a55b7455-cf79-4c09-b413-481f64d43860,FALSE,FALSE
inRound2NotPublication,Vitis vulpina,gbifTaxonomy,GBIF,Vitis cordifolia Lam.,USA,NA,NA,4d68fbf1-94c8-4ee0-95ec-471db7a1fc63,FALSE,FALSE
inRound2NotPublication,Vitis vulpina,gbifTaxonomy,GBIF,Vitis cordifolia Lam.,USA,NA,NA,59444e3f-c60e-4eb2-b878-a1aefc0ce1b7,FALSE,FALSE
inRound2NotPublication,Vitis vulpina,gbifTaxonomy,GBIF,Vitis cordifolia Lam.,USA,NA,NA,28767337-3682-4c87-8094-14a6e2c31f20,FALSE,FALSE
inRound2NotPublication,Vitis vulpina,gbifTaxonomy,GBIF,Vitis cordifolia Lam.,USA,NA,NA,2be443a6-d4d4-49c6-814e-7cade3784aaf,FALSE,FALSE
inRound2NotPublication,Vitis vulpina,gbifTaxonomy,GBIF,Vitis cordifolia Lam.,USA,NA,NA,953945ec-9574-45c5-b032-c58310a67aca,FALSE,FALSE
inRound2NotPublication,Vitis vulpina,gbifTaxonomy,GBIF,Vitis cordifolia Lam.,NA,NA,NA,B0C7077500A540C4960D046118BAE9D6,FALSE,FALSE
inRound2NotPublication,Vitis vulpina,gbifTaxonomy,GBIF,Vitis cordifolia Lam.,NA,NA,NA,4DCD6D2B33294AF0A74E724CB098A27E,FALSE,FALSE
inRound2NotPublication,Vitis vulpina,gbifTaxonomy,GBIF,Vitis cordifolia Lam.,NA,NA,NA,urn:catalog:JBRJ:RB:452369,FALSE,FALSE
inRound2NotPublication,Vitis vulpina,gbifTaxonomy,GBIF,Vitis cordifolia Lam.,USA,NA,NA,63350c8a-bd4a-4bcd-b092-f5ae974aa758,FALSE,FALSE
inRound2NotPublication,Vitis vulpina,gbifTaxonomy,GBIF,Vitis cordifolia Lam.,USA,NA,NA,f7f15901-f7c8-4ded-b106-7614204f6987,FALSE,FALSE
inRound2NotPublication,Vitis vulpina,gbifTaxonomy,GBIF,Vitis cordifolia Lam.,USA,NA,NA,15524639,FALSE,FALSE
inRound2NotPublication,Vitis vulpina,gbifTaxonomy,GBIF,Vitis cordifolia Lam.,NA,NA,NA,d20a76d8-fd9e-42e6-a61d-2ed950cb44ec,FALSE,FALSE
inRound2NotPublication,Vitis vulpina,gbifTaxonomy,GBIF,Vitis cordifolia Lam.,USA,NA,NA,http://coldb.mnhn.fr/catalognumber/mnhn/p/p00295573,FALSE,FALSE
inRound2NotPublication,Vitis vulpina,gbifTaxonomy,GBIF,Vitis cordifolia Lam.,USA,NA,NA,3e789af1-94ae-4e59-b4e2-7dd94ac68fae,FALSE,FALSE
inRound2NotPublication,Vitis vulpina,gbifTaxonomy,GBIF,Vitis cordifolia Lam.,USA,NA,NA,e00079a9-d80e-4160-ba5a-66f118cd88fe,FALSE,FALSE
inRound2NotPublication,Vitis vulpina,gbifTaxonomy,GBIF,Vitis cordifolia Lam.,USA,NA,NA,ffeea8e4-db28-47a1-abbf-bbc885e9577d,FALSE,FALSE
inRound2NotPublication,Vitis vulpina,gbifTaxonomy,GBIF,Vitis cordifolia Lam.,USA,NA,NA,1c1275df-de70-4911-bd17-bb1ceaaf62a3,FALSE,FALSE
inRound2NotPublication,Vitis vulpina,gbifTaxonomy,GBIF,Vitis cordifolia Lam.,NA,NA,NA,http://coldb.mnhn.fr/catalognumber/um/mpu/mpu674108,FALSE,FALSE
inRound2NotPublication,Vitis vulpina,gbifTaxonomy,GBIF,Vitis cordifolia Lam.,NA,NA,NA,http://coldb.mnhn.fr/catalognumber/um/mpu/mpu679482,FALSE,FALSE
inRound2NotPublication,Vitis vulpina,gbifTaxonomy,GBIF,Vitis cordifolia Lam.,NA,NA,NA,http://coldb.mnhn.fr/catalognumber/um/mpu/mpu708434,FALSE,FALSE
inRound2NotPublication,Vitis vulpina,gbifTaxonomy,GBIF,Vitis cordifolia Lam.,NA,NA,NA,http://coldb.mnhn.fr/catalognumber/um/mpu/mpu674131,FALSE,FALSE
inRound2NotPublication,Vitis vulpina,gbifTaxonomy,GBIF,Vitis cordifolia Lam.,NA,NA,NA,http://coldb.mnhn.fr/catalognumber/um/mpu/mpu708421,FALSE,FALSE
inRound2NotPublication,Vitis vulpina,gbifTaxonomy,GBIF,Vitis cordifolia Lam.,NA,NA,NA,http://coldb.mnhn.fr/catalognumber/um/mpu/mpu674124,FALSE,FALSE
inRound2NotPublication,Vitis vulpina,gbifTaxonomy,GBIF,Vitis cordifolia Lam.,NA,NA,NA,http://coldb.mnhn.fr/catalognumber/um/mpu/mpu674133,FALSE,FALSE
inRound2NotPublication,Vitis vulpina,gbifTaxonomy,GBIF,Vitis cordifolia Lam.,NA,NA,NA,http://coldb.mnhn.fr/catalognumber/um/mpu/mpu708423,FALSE,FALSE
inRound2NotPublication,Vitis vulpina,gbifTaxonomy,GBIF,Vitis cordifolia Lam.,NA,NA,NA,http://coldb.mnhn.fr/catalognumber/um/mpu/mpu674135,FALSE,FALSE
inRound2NotPublication,Vitis vulpina,gbifTaxonomy,GBIF,Vitis cordifolia Lam.,NA,NA,NA,http://coldb.mnhn.fr/catalognumber/um/mpu/mpu679473,FALSE,FALSE
inRound2NotPublication,Vitis vulpina,gbifTaxonomy,GBIF,Vitis cordifolia Lam.,NA,NA,NA,http://coldb.mnhn.fr/catalognumber/um/mpu/mpu708425,FALSE,FALSE
inRound2NotPublication,Vitis vulpina,gbifTaxonomy,GBIF,Vitis cordifolia Lam.,NA,NA,NA,http://coldb.mnhn.fr/catalognumber/um/mpu/mpu674120,FALSE,FALSE
inRound2NotPublication,Vitis vulpina,gbifTaxonomy,GBIF,Vitis cordifolia Lam.,NA,NA,NA,http://coldb.mnhn.fr/catalognumber/um/mpu/mpu674139,FALSE,FALSE
inRound2NotPublication,Vitis vulpina,gbifTaxonomy,GBIF,Vitis cordifolia Lam.,NA,NA,NA,http://coldb.mnhn.fr/catalognumber/um/mpu/mpu679477,FALSE,FALSE
inRound2NotPublication,Vitis vulpina,gbifTaxonomy,GBIF,Vitis cordifolia Lam.,NA,NA,NA,http://coldb.mnhn.fr/catalognumber/um/mpu/mpu674136,FALSE,FALSE
inRound2NotPublication,Vitis vulpina,gbifTaxonomy,GBIF,Vitis cordifolia Lam.,NA,NA,NA,http://coldb.mnhn.fr/catalognumber/um/mpu/mpu679474,FALSE,FALSE
inRound2NotPublication,Vitis vulpina,gbifTaxonomy,GBIF,Vitis cordifolia Lam.,NA,NA,NA,http://coldb.mnhn.fr/catalognumber/um/mpu/mpu674132,FALSE,FALSE
inRound2NotPublication,Vitis vulpina,gbifTaxonomy,GBIF,Vitis cordifolia Lam.,NA,NA,NA,http://coldb.mnhn.fr/catalognumber/um/mpu/mpu708422,FALSE,FALSE
inRound2NotPublication,Vitis vulpina,gbifTaxonomy,GBIF,Vitis cordifolia Lam.,NA,NA,NA,http://coldb.mnhn.fr/catalognumber/um/mpu/mpu674138,FALSE,FALSE
inRound2NotPublication,Vitis vulpina,gbifTaxonomy,GBIF,Vitis cordifolia Lam.,NA,NA,NA,http://coldb.mnhn.fr/catalognumber/um/mpu/mpu679476,FALSE,FALSE
inRound2NotPublication,Vitis vulpina,gbifTaxonomy,GBIF,Vitis cordifolia Lam.,NA,NA,NA,http://coldb.mnhn.fr/catalognumber/um/mpu/mpu805745,FALSE,FALSE
inRound2NotPublication,Vitis vulpina,gbifTaxonomy,GBIF,Vitis cordifolia Lam.,NA,NA,NA,http://coldb.mnhn.fr/catalognumber/um/mpu/mpu674137,FALSE,FALSE
inRound2NotPublication,Vitis vulpina,gbifTaxonomy,GBIF,Vitis cordifolia Lam.,NA,NA,NA,http://coldb.mnhn.fr/catalognumber/um/mpu/mpu679475,FALSE,FALSE
inRound2NotPublication,Vitis vulpina,gbifTaxonomy,GBIF,Vitis cordifolia Lam.,NA,NA,NA,http://coldb.mnhn.fr/catalognumber/um/mpu/mpu674122,FALSE,FALSE
inRound2NotPublication,Vitis vulpina,gbifTaxonomy,GBIF,Vitis cordifolia Lam.,NA,NA,NA,http://coldb.mnhn.fr/catalognumber/um/mpu/mpu679479,FALSE,FALSE
inRound2NotPublication,Vitis vulpina,gbifTaxonomy,GBIF,Vitis cordifolia Lam.,NA,NA,NA,http://coldb.mnhn.fr/catalognumber/um/mpu/mpu674123,FALSE,FALSE
inRound2NotPublication,Vitis vulpina,gbifTaxonomy,GBIF,Vitis cordifolia Lam.,NA,NA,NA,http://coldb.mnhn.fr/catalognumber/um/mpu/mpu674125,FALSE,FALSE
inRound2NotPublication,Vitis vulpina,gbifTaxonomy,GBIF,Vitis cordifolia Lam.,NA,NA,NA,http://coldb.mnhn.fr/catalognumber/um/mpu/mpu674121,FALSE,FALSE
inRound2NotPublication,Vitis vulpina,gbifTaxonomy,GBIF,Vitis cordifolia Lam.,NA,NA,NA,http://coldb.mnhn.fr/catalognumber/um/mpu/mpu679478,FALSE,FALSE
inRound2NotPublication,Vitis vulpina,gbifTaxonomy,GBIF,Vitis cordifolia Lam.,NA,NA,NA,http://coldb.mnhn.fr/catalognumber/um/mpu/mpu674126,FALSE,FALSE
inRound2NotPublication,Vitis vulpina,gbifTaxonomy,GBIF,Vitis cordifolia Lam.,NA,NA,NA,http://coldb.mnhn.fr/catalognumber/um/mpu/mpu674134,FALSE,FALSE
inRound2NotPublication,Vitis vulpina,gbifTaxonomy,GBIF,Vitis cordifolia Lam.,NA,NA,NA,http://coldb.mnhn.fr/catalognumber/um/mpu/mpu708424,FALSE,FALSE
inRound2NotPublication,Vitis vulpina,gbifTaxonomy,GBIF,Vitis cordifolia Lam.,NA,NA,NA,http://coldb.mnhn.fr/catalognumber/um/mpu/mpu708390,FALSE,FALSE
inRound2NotPublication,Vitis vulpina,gbifTaxonomy,GBIF,Vitis cordifolia Lam.,NA,NA,NA,http://coldb.mnhn.fr/catalognumber/um/mpu/mpu805741,FALSE,FALSE
inRound2NotPublication,Vitis vulpina,gbifTaxonomy,GBIF,Vitis cordifolia Lam.,NA,NA,NA,http://coldb.mnhn.fr/catalognumber/um/mpu/mpu1213348,FALSE,FALSE
inRound2NotPublication,Vitis vulpina,gbifTaxonomy,GBIF,Vitis cordifolia Lam.,NA,NA,NA,http://coldb.mnhn.fr/catalognumber/um/mpu/mpu674114,FALSE,FALSE
inRound2NotPublication,Vitis vulpina,gbifTaxonomy,GBIF,Vitis cordifolia Lam.,NA,NA,NA,http://coldb.mnhn.fr/catalognumber/um/mpu/mpu708396,FALSE,FALSE
inRound2NotPublication,Vitis vulpina,gbifTaxonomy,GBIF,Vitis cordifolia Lam.,NA,NA,NA,http://coldb.mnhn.fr/catalognumber/um/mpu/mpu674128,FALSE,FALSE
inRound2NotPublication,Vitis vulpina,gbifTaxonomy,GBIF,Vitis cordifolia Lam.,NA,NA,NA,http://coldb.mnhn.fr/catalognumber/um/mpu/mpu708391,FALSE,FALSE
inRound2NotPublication,Vitis vulpina,gbifTaxonomy,GBIF,Vitis cordifolia Lam.,NA,NA,NA,http://coldb.mnhn.fr/catalognumber/um/mpu/mpu674110,FALSE,FALSE
inRound2NotPublication,Vitis vulpina,gbifTaxonomy,GBIF,Vitis cordifolia Lam.,NA,NA,NA,http://coldb.mnhn.fr/catalognumber/um/mpu/mpu674129,FALSE,FALSE
inRound2NotPublication,Vitis vulpina,gbifTaxonomy,GBIF,Vitis cordifolia Lam.,NA,NA,NA,http://coldb.mnhn.fr/catalognumber/um/mpu/mpu708392,FALSE,FALSE
inRound2NotPublication,Vitis vulpina,gbifTaxonomy,GBIF,Vitis cordifolia Lam.,NA,NA,NA,http://coldb.mnhn.fr/catalognumber/um/mpu/mpu674111,FALSE,FALSE
inRound2NotPublication,Vitis vulpina,gbifTaxonomy,GBIF,Vitis cordifolia Lam.,NA,NA,NA,http://coldb.mnhn.fr/catalognumber/um/mpu/mpu708393,FALSE,FALSE
inRound2NotPublication,Vitis vulpina,gbifTaxonomy,GBIF,Vitis cordifolia Lam.,NA,NA,NA,http://coldb.mnhn.fr/catalognumber/um/mpu/mpu674113,FALSE,FALSE
inRound2NotPublication,Vitis vulpina,gbifTaxonomy,GBIF,Vitis cordifolia Lam.,NA,NA,NA,http://coldb.mnhn.fr/catalognumber/um/mpu/mpu708395,FALSE,FALSE
inRound2NotPublication,Vitis vulpina,gbifTaxonomy,GBIF,Vitis cordifolia Lam.,USA,NA,NA,153826dc-5607-4fe5-b8c1-32b34891861d,FALSE,FALSE
inRound2NotPublication,Vitis vulpina,gbifTaxonomy,GBIF,Vitis cordifolia Lam.,USA,NA,NA,0e850bba-4250-4054-88c0-73715bc4c7d1,FALSE,FALSE
inRound2NotPublication,Vitis vulpina,gbifTaxonomy,GBIF,Vitis cordifolia Lam.,NA,NA,NA,http://coldb.mnhn.fr/catalognumber/um/mpu/mpu259902,FALSE,FALSE
inRound2NotPublication,Vitis vulpina,gbifTaxonomy,GBIF,Vitis cordifolia Lam.,NA,NA,NA,http://coldb.mnhn.fr/catalognumber/um/mpu/mpu674154,FALSE,FALSE
inRound2NotPublication,Vitis vulpina,gbifTaxonomy,GBIF,Vitis cordifolia Lam.,NA,NA,NA,http://coldb.mnhn.fr/catalognumber/um/mpu/mpu674104,FALSE,FALSE
inRound2NotPublication,Vitis vulpina,gbifTaxonomy,GBIF,Vitis cordifolia Lam.,NA,NA,NA,http://coldb.mnhn.fr/catalognumber/um/mpu/mpu674140,FALSE,FALSE
inRound2NotPublication,Vitis vulpina,gbifTaxonomy,GBIF,Vitis cordifolia Lam.,NA,NA,NA,http://coldb.mnhn.fr/catalognumber/um/mpu/mpu674105,FALSE,FALSE
inRound2NotPublication,Vitis vulpina,gbifTaxonomy,GBIF,Vitis cordifolia Lam.,NA,NA,NA,http://coldb.mnhn.fr/catalognumber/um/mpu/mpu674106,FALSE,FALSE
inRound2NotPublication,Vitis vulpina,gbifTaxonomy,GBIF,Vitis cordifolia Lam.,NA,NA,NA,http://coldb.mnhn.fr/catalognumber/um/mpu/mpu679480,FALSE,FALSE
inRound2NotPublication,Vitis vulpina,gbifTaxonomy,GBIF,Vitis cordifolia Lam.,NA,NA,NA,http://coldb.mnhn.fr/catalognumber/um/mpu/mpu674107,FALSE,FALSE
inRound2NotPublication,Vitis vulpina,gbifTaxonomy,GBIF,Vitis cordifolia Lam.,NA,NA,NA,http://coldb.mnhn.fr/catalognumber/um/mpu/mpu679481,FALSE,FALSE
inRound2NotPublication,Vitis vulpina,gbifTaxonomy,GBIF,Vitis cordifolia Lam.,NA,NA,NA,http://coldb.mnhn.fr/catalognumber/um/mpu/mpu674130,FALSE,FALSE
inRound2NotPublication,Vitis vulpina,gbifTaxonomy,GBIF,Vitis cordifolia Lam.,NA,NA,NA,http://coldb.mnhn.fr/catalognumber/um/mpu/mpu674112,FALSE,FALSE
inRound2NotPublication,Vitis vulpina,gbifTaxonomy,GBIF,Vitis cordifolia Lam.,NA,NA,NA,http://coldb.mnhn.fr/catalognumber/um/mpu/mpu708394,FALSE,FALSE
inRound2NotPublication,Vitis vulpina,gbifTaxonomy,GBIF,Vitis cordifolia Lam.,NA,NA,NA,http://coldb.mnhn.fr/catalognumber/um/mpu/mpu674103,FALSE,FALSE
inRound2NotPublication,Vitis vulpina,gbifTaxonomy,GBIF,Vitis cordifolia Lam.,NA,NA,NA,d7d88bd5-bba0-47b5-a51b-fd8c7e83760d,FALSE,FALSE
inRound2NotPublication,Vitis vulpina,gbifTaxonomy,GBIF,Vitis cordifolia Lam.,NA,NA,NA,KT006342,FALSE,FALSE
inRound2NotPublication,Vitis vulpina,gbifTaxonomy,GBIF,Vitis cordifolia Lam.,NA,NA,NA,GU815422,FALSE,FALSE
inRound2NotPublication,Vitis vulpina,gbifTaxonomy,GBIF,Vitis cordifolia Lam.,USA,NA,NA,e2bba2b4-bcae-489a-aa91-34fce9b0a548,FALSE,FALSE
inRound2NotPublication,Vitis vulpina,gbifTaxonomy,GBIF,Vitis cordifolia Lam.,USA,NA,NA,c9430fc3-9770-499c-9bf7-adddb69aabc9,FALSE,FALSE
inRound2NotPublication,Vitis vulpina,gbifTaxonomy,GBIF,Vitis cordifolia Lam.,USA,NA,NA,725c143b-037d-4727-a324-5cb3aa690674,FALSE,FALSE
inRound2NotPublication,Vitis vulpina,gbifTaxonomy,GBIF,Vitis cordifolia Lam.,USA,NA,NA,e954ad3d-9096-422e-9d60-0e2dca4bd20a,FALSE,FALSE
inRound2NotPublication,Vitis vulpina,gbifTaxonomy,GBIF,Vitis cordifolia Lam.,USA,NA,NA,f8827fa3-36af-47ef-9183-41517e813183,FALSE,FALSE
inRound2NotPublication,Vitis vulpina,gbifTaxonomy,GBIF,Vitis cordifolia Lam.,USA,NA,NA,e4bcc161-efeb-423c-a062-6874e8ba14ef,FALSE,FALSE
inRound2NotPublication,Vitis vulpina,gbifTaxonomy,GBIF,Vitis cordifolia Lam.,USA,NA,NA,c00ea672-ad36-443f-9cbf-8442c5e7486a,FALSE,FALSE
inRound2NotPublication,Vitis vulpina,gbifTaxonomy,GBIF,Vitis cordifolia Lam.,USA,NA,NA,80182f64-9672-421e-9f90-1eb66e3ee73e,FALSE,FALSE
inRound2NotPublication,Vitis vulpina,gbifTaxonomy,GBIF,Vitis cordifolia Lam.,USA,NA,NA,a00be011-a63f-4077-b713-efaeeafe8fed,FALSE,FALSE
inRound2NotPublication,Vitis vulpina,gbifTaxonomy,GBIF,Vitis cordifolia Lam.,USA,NA,NA,672bc3b8-ccab-4bf5-9866-9c1b11846dca,FALSE,FALSE
inRound2NotPublication,Vitis vulpina,gbifTaxonomy,GBIF,Vitis cordifolia Lam.,USA,NA,NA,ddc48be5-9aaf-455e-9c07-3b81f17174a5,FALSE,FALSE
inRound2NotPublication,Vitis vulpina,gbifTaxonomy,GBIF,Vitis cordifolia Lam.,USA,NA,NA,7f6b0864-3378-409c-a3d5-7823d7849421,FALSE,FALSE
inRound2NotPublication,Vitis vulpina,gbifTaxonomy,GBIF,Vitis cordifolia Lam.,USA,NA,NA,urn:catalog:O:V:2138930,FALSE,FALSE
inRound2NotPublication,Vitis vulpina,gbifTaxonomy,GBIF,Vitis cordifolia Lam.,USA,NA,NA,urn:catalog:O:V:2138928,FALSE,FALSE
inRound2NotPublication,Vitis vulpina,gbifTaxonomy,GBIF,Vitis cordifolia Lam.,USA,NA,NA,34de4746-c9f7-4468-b20d-4293d1b11180,FALSE,FALSE
inRound2NotPublication,Vitis vulpina,gbifTaxonomy,GBIF,Vitis cordifolia Lam.,USA,NA,NA,6bd9bf0f-45fd-4b9a-9f27-eb43f83f2a44,FALSE,FALSE
inRound2NotPublication,Vitis vulpina,gbifTaxonomy,GBIF,Vitis cordifolia Lam.,USA,NA,NA,7e630add-a91c-4e66-a5db-0cfef2181992,FALSE,FALSE
inRound2NotPublication,Vitis vulpina,gbifTaxonomy,GBIF,Vitis cordifolia Lam.,CAN,NA,NA,https://specieslink.net/guid/259/041306,FALSE,FALSE
inRound2NotPublication,Vitis vulpina,gbifTaxonomy,GBIF,Vitis cordifolia Lam.,USA,NA,NA,d92f0215-4570-47bb-b672-b83ec682d11a,FALSE,FALSE
inRound2NotPublication,Vitis vulpina,gbifTaxonomy,GBIF,Vitis cordifolia Lam.,USA,NA,NA,80bae7f5-883d-46eb-bfb7-28c8b4c1ca1c,FALSE,FALSE
inRound2NotPublication,Vitis vulpina,gbifTaxonomy,GBIF,Vitis cordifolia Lam.,USA,NA,NA,b47d7589-acbb-406e-9d81-689fc7045ece,FALSE,FALSE
inRound2NotPublication,Vitis vulpina,gbifTaxonomy,GBIF,Vitis cordifolia Lam.,USA,NA,NA,f8c56797-6c15-455a-ad53-46915439dfbf,FALSE,FALSE
inRound2NotPublication,Vitis vulpina,gbifTaxonomy,GBIF,Vitis cordifolia Lam.,USA,NA,NA,f812490f-4ed8-4c52-a4c4-2369e8abbcb4,FALSE,FALSE
inRound2NotPublication,Vitis vulpina,gbifTaxonomy,GBIF,Vitis cordifolia Lam.,USA,NA,NA,a1b1745d-e6f9-42c8-9a31-d25699d36222,FALSE,FALSE
inRound2NotPublication,Vitis vulpina,gbifTaxonomy,GBIF,Vitis cordifolia Lam.,USA,NA,NA,556ae67a-4585-43a0-adf8-0257ac72f072,FALSE,FALSE
inRound2NotPublication,Vitis vulpina,gbifTaxonomy,GBIF,Vitis cordifolia Lam.,NA,NA,NA,933051f9-8561-4ffd-a5d8-60b96482a8cd,FALSE,FALSE
inRound2NotPublication,Vitis vulpina,gbifTaxonomy,GBIF,Vitis cordifolia Lam.,USA,NA,NA,df50d9c0-532c-4801-89ad-0c6efbd4e25f,FALSE,FALSE
inRound2NotPublication,Vitis vulpina,gbifTaxonomy,GBIF,Vitis cordifolia Lam.,USA,NA,NA,c2635e08-2dec-4774-8435-76415b379b40,FALSE,FALSE
inRound2NotPublication,Vitis vulpina,gbifTaxonomy,GBIF,Vitis cordifolia Lam.,USA,NA,NA,db21b632-4751-4549-ac15-1683f1751170,FALSE,FALSE
inRound2NotPublication,Vitis vulpina,gbifTaxonomy,GBIF,Vitis cordifolia Lam.,USA,NA,NA,3a7fe450-d8d2-444c-9636-08bed9fe7f66,FALSE,FALSE
inRound2NotPublication,Vitis vulpina,gbifTaxonomy,GBIF,Vitis cordifolia Lam.,USA,NA,NA,992149ac-61e8-4f47-80bd-da23a398bc80,FALSE,FALSE
inRound2NotPublication,Vitis vulpina,gbifTaxonomy,GBIF,Vitis cordifolia Lam.,USA,NA,NA,9a8f8a36-ac19-40f9-947b-48498987bc29,FALSE,FALSE
inRound2NotPublication,Vitis vulpina,gbifTaxonomy,GBIF,Vitis cordifolia Lam.,USA,NA,NA,9bc8b6f9-4f0f-4c41-81a3-a4138fc7921b,FALSE,FALSE
inRound2NotPublication,Vitis vulpina,gbifTaxonomy,GBIF,Vitis cordifolia Lam.,USA,NA,NA,8e59546d-bab8-4169-8906-7cad94abdf46,FALSE,FALSE
inRound2NotPublication,Vitis vulpina,gbifTaxonomy,GBIF,Vitis cordifolia Lam.,USA,NA,NA,4daecb3a-68bc-43b7-baf8-402e00f479f4,FALSE,FALSE
inRound2NotPublication,Vitis vulpina,gbifTaxonomy,GBIF,Vitis cordifolia Lam.,USA,NA,NA,7dd2f34b-7e26-4423-a2a7-4459770655fe,FALSE,FALSE
inRound2NotPublication,Vitis vulpina,gbifTaxonomy,GBIF,Vitis cordifolia Lam.,USA,NA,NA,12d9db1c-42c7-43f4-aabc-d111fc0382f1,FALSE,FALSE
inRound2NotPublication,Vitis vulpina,gbifTaxonomy,GBIF,Vitis cordifolia Lam.,USA,NA,NA,5e381f04-066b-40f6-a6b5-3bf0eac2db6c,FALSE,FALSE
inRound2NotPublication,Vitis vulpina,gbifTaxonomy,GBIF,Vitis cordifolia Lam.,USA,NA,NA,dc7f0ac8-0d40-4008-8de5-31f0b0d1840b,FALSE,FALSE
inRound2NotPublication,Vitis vulpina,gbifTaxonomy,GBIF,Vitis cordifolia Lam.,USA,NA,NA,09bd674b-0fc4-4740-bef5-483c9f0d7269,FALSE,FALSE
inRound2NotPublication,Vitis vulpina,gbifTaxonomy,GBIF,Vitis cordifolia Lam.,USA,NA,NA,c9fd788d-0173-4b21-8920-d0c9577f2d86,FALSE,FALSE
inRound2NotPublication,Vitis vulpina,gbifTaxonomy,GBIF,Vitis cordifolia Lam.,USA,NA,NA,12ab350e-900b-410d-b96d-ea863279db30,FALSE,FALSE
inRound2NotPublication,Vitis vulpina,gbifTaxonomy,GBIF,Vitis cordifolia Lam.,USA,NA,NA,01f37c69-7c13-4fd6-82c0-1d543775238b,FALSE,FALSE
inRound2NotPublication,Vitis vulpina,gbifTaxonomy,GBIF,Vitis cordifolia Lam.,USA,NA,NA,621d11fc-61a9-4690-b3f9-9504a3eb57b5,FALSE,FALSE
inRound2NotPublication,Vitis vulpina,gbifTaxonomy,GBIF,Vitis cordifolia Lam.,NA,NA,NA,http://coldb.mnhn.fr/catalognumber/um/mpu/mpu259903,FALSE,FALSE
inRound2NotPublication,Vitis vulpina,gbifTaxonomy,GBIF,Vitis cordifolia Lam.,NA,NA,NA,http://coldb.mnhn.fr/catalognumber/um/mpu/mpu674155,FALSE,FALSE
inRound2NotPublication,Vitis vulpina,gbifTaxonomy,GBIF,Vitis cordifolia Lam.,NA,NA,NA,http://coldb.mnhn.fr/catalognumber/um/mpu/mpu674109,FALSE,FALSE
inRound2NotPublication,Vitis vulpina,gbifTaxonomy,GBIF,Vitis cordifolia Lam.,NA,NA,NA,http://coldb.mnhn.fr/catalognumber/um/mpu/mpu679483,FALSE,FALSE
inRound2NotPublication,Vitis vulpina,gbifTaxonomy,GBIF,Vitis cordifolia Lam.,NA,NA,NA,http://coldb.mnhn.fr/catalognumber/um/mpu/mpu708435,FALSE,FALSE
inRound2NotPublication,Vitis vulpina,gbifTaxonomy,GBIF,Vitis cordifolia Lam.,USA,NA,NA,c9ab3eda-7839-447f-a25a-f79a7dc71ebf,FALSE,FALSE
inRound2NotPublication,Vitis vulpina,gbifTaxonomy,GBIF,Vitis cordifolia Lam.,USA,NA,NA,bdb7f21c-ffd4-49ce-ad95-0f0e825e5754,FALSE,FALSE
inRound2NotPublication,Vitis vulpina,gbifTaxonomy,GBIF,Vitis cordifolia Lam.,USA,NA,NA,bff04411-db51-4d5d-a6dc-bf402884ed7f,FALSE,FALSE
inRound2NotPublication,Vitis vulpina,gbifTaxonomy,GBIF,Vitis cordifolia Lam.,USA,NA,NA,fb819342-de8c-4d63-9531-af826d297100,FALSE,FALSE
inRound2NotPublication,Vitis vulpina,gbifTaxonomy,GBIF,Vitis cordifolia Lam.,USA,NA,NA,87bc48e9-47d9-432b-967d-0fde004e46c9,FALSE,FALSE
inRound2NotPublication,Vitis vulpina,gbifTaxonomy,GBIF,Vitis cordifolia Lam.,USA,NA,NA,c9851a4e-43ff-47bb-b817-ef43073d12bb,FALSE,FALSE
inRound2NotPublication,Vitis vulpina,gbifTaxonomy,GBIF,Vitis cordifolia Lam.,NA,NA,NA,8029Bdx2,FALSE,FALSE
inRound2NotPublication,Vitis vulpina,gbifTaxonomy,GBIF,Vitis cordifolia Lam.,NA,NA,NA,8029Bdx1,FALSE,FALSE
inRound2NotPublication,Vitis vulpina,gbifTaxonomy,GBIF,Vitis cordifolia Lam.,NA,NA,NA,8029Mtp2,FALSE,FALSE
inRound2NotPublication,Vitis vulpina,gbifTaxonomy,GBIF,Vitis cordifolia Lam.,NA,NA,NA,0Bdx1029,FALSE,FALSE
inRound2NotPublication,Vitis vulpina,gbifTaxonomy,GBIF,Vitis cordifolia Lam.,NA,NA,NA,0Bdx1017,FALSE,FALSE
inRound2NotPublication,Vitis vulpina,gbifTaxonomy,GBIF,Vitis cordifolia Lam.,NA,NA,NA,8029Col2,FALSE,FALSE
inRound2NotPublication,Vitis vulpina,gbifTaxonomy,GBIF,Vitis cordifolia Lam.,NA,NA,NA,8029Col1,FALSE,FALSE
inRound2NotPublication,Vitis vulpina,gbifTaxonomy,genesys,Vitis cordifolia,NA,NA,NA,69027626-d7f2-4ddb-90fb-177f8d91e6c6,FALSE,FALSE
inRound2NotPublication,Vitis vulpina,gbifTaxonomy,genesys,Vitis cordifolia,NA,NA,NA,78447294-866b-40fe-a6ef-b4e9cbe5efdd,FALSE,FALSE
inRound2NotPublication,Vitis vulpina,gbifTaxonomy,genesys,Vitis cordifolia,NA,NA,NA,871b1acc-3262-43be-8c61-93f321d4bcde,FALSE,FALSE
inRound2NotPublication,Vitis vulpina,gbifTaxonomy,genesys,Vitis cordifolia,NA,NA,NA,500c2420-b1e9-4352-b30a-b024c336f893,FALSE,FALSE
inRound2NotPublication,Vitis vulpina,gbifTaxonomy,genesys,Vitis cordifolia,NA,NA,NA,6779d951-b152-49ec-aabb-78faa6f1d963,FALSE,FALSE
inRound2NotPublication,Vitis vulpina,gbifTaxonomy,genesys,Vitis cordifolia,NA,NA,NA,1417361e-363c-4f58-bc0c-815e147f5a48,FALSE,FALSE
inRound2NotPublication,Vitis vulpina,gbifTaxonomy,genesys,Vitis cordifolia,NA,NA,NA,e100722d-7de9-4d95-bcf6-3e40b1a92197,FALSE,FALSE
inRound2NotPublication,Vitis vulpina,gbifTaxonomy,genesys,Vitis cordifolia,NA,NA,NA,dea8c8d1-796d-4a1e-a482-b0037cab834e,FALSE,FALSE
inRound2NotPublication,Vitis vulpina,gbifTaxonomy,genesys,Vitis cordifolia,NA,NA,NA,6150823b-2277-4f56-bff8-294374b412f1,FALSE,FALSE
inRound2NotPublication,Vitis vulpina,gbifTaxonomy,genesys,Vitis cordifolia,NA,NA,NA,2e0b1006-2e37-485d-b780-0a90cb98809f,FALSE,FALSE
inRound2NotPublication,Vitis vulpina,gbifTaxonomy,genesys,Vitis cordifolia,NA,NA,NA,ea058d33-5a4b-4029-b932-9efb20cd8823,FALSE,FALSE
inRound2NotPublication,Vitis vulpina,gbifTaxonomy,genesys,Vitis cordifolia,NA,NA,NA,d62d8c75-0a9a-4d66-ae65-7349829739b1,FALSE,FALSE
inRound2NotPublication,Vitis vulpina,gbifTaxonomy,genesys,Vitis cordifolia,NA,NA,NA,fd9ec1ee-4415-4203-9569-c96c1adaaaf3,FALSE,FALSE
inRound2NotPublication,Vitis vulpina,gbifTaxonomy,genesys,Vitis cordifolia,NA,NA,NA,3d4db34d-d6d2-44ef-8946-4022587f54a2,FALSE,FALSE
inRound2NotPublication,Vitis vulpina,gbifTaxonomy,genesys,Vitis cordifolia,NA,NA,NA,c76f9216-612b-4d5e-bf31-340ba779aca2,FALSE,FALSE
inRound2NotPublication,Vitis vulpina,gbifTaxonomy,genesys,Vitis cordifolia,NA,NA,NA,6a379dca-9116-429f-adf4-de28a73e06b5,FALSE,FALSE
inRound2NotPublication,Vitis vulpina,gbifTaxonomy,GBIF,Vitis cordifolia var. sempervirens Munson,USA,NA,NA,398a2d60-8ecf-427a-9ecb-2a11c4e13846,FALSE,FALSE
inRound2NotPublication,Vitis vulpina,gbifTaxonomy,wiews,Vitis cordifolia,USA,NA,NA,NA,FALSE,FALSE
inRound2NotPublication,Vitis vulpina,gbifTaxonomy,wiews,Vitis cordifolia,NA,NA,NA,NA,FALSE,FALSE
inRound2NotPublication,Vitis riparia,gbifTaxonomy,GBIF,Vitis vulpina subsp. riparia (Michx.) R.T.Clausen,USA,41.856802,-87.986864,e8c3dc71-f31f-4336-b90a-bdc611460d50,FALSE,FALSE
inRound2NotPublication,Vitis riparia,gbifTaxonomy,GBIF,Vitis vulpina subsp. riparia (Michx.) R.T.Clausen,USA,NA,NA,706f5436-f31e-4b4b-b8b1-f66c121e3678,FALSE,FALSE
inRound2NotPublication,Vitis riparia,gbifTaxonomy,GBIF,Vitis vulpina subsp. riparia (Michx.) R.T.Clausen,NA,NA,NA,NA,FALSE,FALSE
inRound2NotPublication,Vitis aestivalis,gbifTaxonomy,GBIF,Vitis L.,USA,37.413754,-79.142246,754b2de6-a866-4ebc-ae7b-996c49140cb2,FALSE,FALSE
inRound2NotPublication,Vitis aestivalis,gbifTaxonomy,GBIF,Vitis L.,NA,NA,NA,8973c936-37cb-425d-8d29-109a4a5fd9fa,FALSE,FALSE
inRound2NotPublication,Vitis aestivalis,gbifTaxonomy,GBIF,Vitis L.,NA,NA,NA,c8910a27-09a2-465b-8e0b-08b9a9fea678,FALSE,FALSE
inRound2NotPublication,Vitis aestivalis,gbifTaxonomy,GBIF,Vitis L.,NA,NA,NA,f36dfd1d-f0fe-46fc-b2ec-0d4a04ec5a36,FALSE,FALSE
inRound2NotPublication,Vitis aestivalis,gbifTaxonomy,GBIF,Vitis L.,NA,NA,NA,04e266dc-8b4d-4aa0-818f-fcbbc13b9c9e,FALSE,FALSE
inRound2NotPublication,Vitis aestivalis,gbifTaxonomy,GBIF,Vitis L.,NA,NA,NA,aae738f7-6180-4253-a845-ca4810d69e2c,FALSE,FALSE
inRound2NotPublication,Vitis aestivalis var. bicolor,gbifTaxonomy,GBIF,Vitis argentifolia Munson ex L.H.Bailey,USA,41.054722,-73.586389,603ed19693b4ef74c29783a82242c097,FALSE,FALSE
inRound2NotPublication,Vitis aestivalis var. bicolor,gbifTaxonomy,GBIF,Vitis argentifolia Munson ex L.H.Bailey,USA,42.438333,-76.517222,d09629522dc4276b0159b7c3792d1273,FALSE,FALSE
inRound2NotPublication,Vitis aestivalis var. bicolor,gbifTaxonomy,GBIF,Vitis argentifolia Munson ex L.H.Bailey,NA,NA,NA,https://data.biodiversitydata.nl/naturalis/specimen/L.2338935,FALSE,FALSE
inRound2NotPublication,Vitis aestivalis var. bicolor,gbifTaxonomy,GBIF,Vitis argentifolia Munson ex L.H.Bailey,NA,NA,NA,https://data.biodiversitydata.nl/naturalis/specimen/L.2338936,FALSE,FALSE
inRound2NotPublication,Vitis aestivalis var. bicolor,gbifTaxonomy,GBIF,Vitis argentifolia Munson ex L.H.Bailey,USA,NA,NA,74525769-a445-4461-ac59-4b705b94a912,FALSE,FALSE
inRound2NotPublication,Vitis aestivalis var. bicolor,gbifTaxonomy,GBIF,Vitis argentifolia Munson ex L.H.Bailey,USA,NA,NA,8681829e-e354-4983-b3dd-2d2440eb29bb,FALSE,FALSE
inRound2NotPublication,Vitis aestivalis var. bicolor,gbifTaxonomy,GBIF,Vitis argentifolia Munson ex L.H.Bailey,USA,NA,NA,a26aebc7-1bf8-46f1-a129-e1b99a37a27a,FALSE,FALSE
inRound2NotPublication,Vitis aestivalis var. bicolor,gbifTaxonomy,GBIF,Vitis argentifolia Munson ex L.H.Bailey,USA,NA,NA,9952bbf5-e879-4e53-9853-cb3633a0b025,FALSE,FALSE
inRound2NotPublication,Vitis aestivalis var. bicolor,gbifTaxonomy,GBIF,Vitis argentifolia Munson ex L.H.Bailey,USA,NA,NA,4a1478bb-5350-4ff9-a361-08c868eab4c5,FALSE,FALSE
inRound2NotPublication,Vitis baileyana,gbifTaxonomy,GBIF,Vitis baileyana Munson,USA,37.28472,-82.28806,https://arctos.database.museum/guid/UAM:Herb:255091,FALSE,FALSE
inRound2NotPublication,Vitis baileyana,gbifTaxonomy,GBIF,Vitis baileyana Munson,USA,37.93903,-79.23456,https://arctos.database.museum/guid/UAM:Herb:255089,FALSE,FALSE
inRound2NotPublication,Vitis baileyana,gbifTaxonomy,GBIF,Vitis baileyana Munson,USA,36.60389,-81.30978,https://arctos.database.museum/guid/UAM:Herb:255094,FALSE,FALSE
inRound2NotPublication,Vitis baileyana,gbifTaxonomy,GBIF,Vitis baileyana Munson,USA,37.21531,-81.17669,https://arctos.database.museum/guid/UAM:Herb:255097,FALSE,FALSE
inRound2NotPublication,Vitis baileyana,gbifTaxonomy,GBIF,Vitis baileyana Munson,USA,35.176,-80.77,e7f4ebcc-971d-48d2-9268-703991ddc647,FALSE,FALSE
inRound2NotPublication,Vitis baileyana,gbifTaxonomy,GBIF,Vitis baileyana Munson,USA,36.6039,-81.3098,http://n2t.net/ark:/65665/332ab3df7-171b-4fa5-90bf-5c9b7365ced2,FALSE,FALSE
inRound2NotPublication,Vitis baileyana,gbifTaxonomy,GBIF,Vitis baileyana Munson,USA,35.7092,-81.3097,http://n2t.net/ark:/65665/314422449-0f00-4950-a624-5d1ebfc288d3,FALSE,FALSE
inRound2NotPublication,Vitis baileyana,gbifTaxonomy,GBIF,Vitis baileyana Munson,USA,37.2797,-82.2883,http://n2t.net/ark:/65665/393fad99e-13dd-4f9d-a573-03f7ac09000e,FALSE,FALSE
inRound2NotPublication,Vitis baileyana,gbifTaxonomy,GBIF,Vitis baileyana Munson,USA,37.939,-79.2346,http://n2t.net/ark:/65665/3252859f8-346b-4991-95be-d967c0ab7720,FALSE,FALSE
inRound2NotPublication,Vitis baileyana,gbifTaxonomy,GBIF,Vitis baileyana Munson,USA,38.6405,-80.8454,http://n2t.net/ark:/65665/39bf08698-bfd0-4600-bcc6-0121e7c5b2cc,FALSE,FALSE
inRound2NotPublication,Vitis baileyana,gbifTaxonomy,GBIF,Vitis baileyana Munson,USA,37.2847,-82.2881,http://n2t.net/ark:/65665/3b2b3e0d2-cd83-474e-beb4-22fe62484377,FALSE,FALSE
inRound2NotPublication,Vitis baileyana,gbifTaxonomy,GBIF,Vitis baileyana Munson,USA,35.7742,-81.326,http://n2t.net/ark:/65665/3da20d31c-0a68-4732-84e9-1aa6768b2fd6,FALSE,FALSE
inRound2NotPublication,Vitis baileyana,gbifTaxonomy,GBIF,Vitis baileyana Munson,USA,36.0905,-79.3715,http://n2t.net/ark:/65665/39c334ad3-3bb5-4e4b-944e-06a37a01e6a0,FALSE,FALSE
inRound2NotPublication,Vitis baileyana,gbifTaxonomy,GBIF,Vitis baileyana Munson,USA,37.3311,-80.5584,http://n2t.net/ark:/65665/36405feb4-67a3-4525-8a95-b44f3000a762,FALSE,FALSE
inRound2NotPublication,Vitis baileyana,gbifTaxonomy,GBIF,Vitis baileyana Munson,USA,37.5285,-77.4842,http://n2t.net/ark:/65665/347679a4e-05a2-4a55-8e64-3d936b14ff8c,FALSE,FALSE
inRound2NotPublication,Vitis baileyana,gbifTaxonomy,GBIF,Vitis baileyana Munson,USA,38.4304,-82.4539,http://n2t.net/ark:/65665/3f750652d-f0f1-40f5-88af-9a4d4dbe7aa8,FALSE,FALSE
inRound2NotPublication,Vitis baileyana,gbifTaxonomy,GBIF,Vitis baileyana Munson,USA,33.1385,-87.2312,http://n2t.net/ark:/65665/3071d3cf2-b746-4024-b21d-9bb3df592962,FALSE,FALSE
inRound2NotPublication,Vitis baileyana,gbifTaxonomy,GBIF,Vitis baileyana Munson,USA,37.2153,-81.1767,http://n2t.net/ark:/65665/3e17d1d50-f142-4cb3-99ce-c91f5b7a2525,FALSE,FALSE
inRound2NotPublication,Vitis baileyana,gbifTaxonomy,GBIF,Vitis baileyana Munson,USA,35.5843,-82.5426,http://n2t.net/ark:/65665/30181aee6-ccda-466d-8d3d-d5176bcd1701,FALSE,FALSE
inRound2NotPublication,Vitis baileyana,gbifTaxonomy,GBIF,Vitis baileyana Munson,USA,35.5252,-82.9846,http://n2t.net/ark:/65665/3c3463ad0-bffc-4c85-a752-1604f6f1c0c5,FALSE,FALSE
inRound2NotPublication,Vitis baileyana,gbifTaxonomy,GBIF,Vitis baileyana Munson,USA,37.2141,-82.2525,http://n2t.net/ark:/65665/3e18db707-3059-432e-90a0-3de65cbb3cef,FALSE,FALSE
inRound2NotPublication,Vitis baileyana,gbifTaxonomy,GBIF,Vitis baileyana Munson,USA,33.1899,-87.198,http://n2t.net/ark:/65665/3848d6e67-26af-4313-ae9c-59c70db9090d,FALSE,FALSE
inRound2NotPublication,Vitis baileyana,gbifTaxonomy,GBIF,Vitis baileyana Munson,USA,36.602,-81.3138,http://n2t.net/ark:/65665/3bd90b1d7-5f87-43b3-b0f5-a4bf828643a4,FALSE,FALSE
inRound2NotPublication,Vitis baileyana,gbifTaxonomy,GBIF,Vitis baileyana Munson,USA,35.7698,-87.6453,http://n2t.net/ark:/65665/339058232-bfb1-4227-a661-892cecf4df85,FALSE,FALSE
inRound2NotPublication,Vitis baileyana,gbifTaxonomy,GBIF,Vitis baileyana Munson,USA,36.8834,-80.7267,http://n2t.net/ark:/65665/381bed193-96f1-41ae-bc0c-45bc31bafddc,FALSE,FALSE
inRound2NotPublication,Vitis baileyana,gbifTaxonomy,GBIF,Vitis baileyana Munson,USA,38.0293,-78.4539,http://n2t.net/ark:/65665/31d864c79-f161-4822-b216-d8d7059fb6bd,FALSE,FALSE
inRound2NotPublication,Vitis baileyana,gbifTaxonomy,GBIF,Vitis baileyana Munson,USA,33.1517,-87.2681,http://n2t.net/ark:/65665/30fcc81c8-5190-493f-9d84-de65a9eae92c,FALSE,FALSE
inRound2NotPublication,Vitis baileyana,gbifTaxonomy,GBIF,Vitis baileyana Munson,USA,37.2711,-80.4189,http://n2t.net/ark:/65665/33150cb4b-24fe-4d36-a766-12123aae81a8,FALSE,FALSE
inRound2NotPublication,Vitis baileyana,gbifTaxonomy,GBIF,Vitis baileyana Munson,USA,33.24857,-83.925719,e35375c1-bcba-4369-be6c-163c70ea60ec,FALSE,FALSE
inRound2NotPublication,Vitis baileyana,gbifTaxonomy,GBIF,Vitis baileyana Munson,USA,34.334465,-86.908574,196688ce-bccc-4ebb-a00b-ac2eb0cbb79a,FALSE,FALSE
inRound2NotPublication,Vitis baileyana,gbifTaxonomy,GBIF,Vitis baileyana Munson,USA,35.17622,-80.77093,http://coldb.mnhn.fr/catalognumber/mnhn/p/p02343689,FALSE,FALSE
inRound2NotPublication,Vitis baileyana,gbifTaxonomy,GBIF,Vitis baileyana Munson,USA,35.926194,-78.599498,efae4160-6250-4456-81c4-3ed1b1fa9533,FALSE,FALSE
inRound2NotPublication,Vitis baileyana,gbifTaxonomy,GBIF,Vitis baileyana Munson,USA,36.3399,-81.2283,http://n2t.net/ark:/65665/3c6ec0e83-9403-4f8b-8591-0a0071007278,FALSE,FALSE
inRound2NotPublication,Vitis baileyana,gbifTaxonomy,GBIF,Vitis baileyana Munson,USA,38.1222,-83.5383,http://n2t.net/ark:/65665/30e7cf6f5-1a75-478a-bdd7-30bebba40da6,FALSE,FALSE
inRound2NotPublication,Vitis baileyana,gbifTaxonomy,GBIF,Vitis baileyana Munson,USA,36.0537,-81.1772,http://n2t.net/ark:/65665/343532504-8df5-42f3-b9d8-60c3997f30bd,FALSE,FALSE
inRound2NotPublication,Vitis baileyana,gbifTaxonomy,GBIF,Vitis baileyana Munson,USA,33.172561,-84.012634,98fbf85c-82d3-4105-9b75-04bc8bdc8fd4,FALSE,FALSE
inRound2NotPublication,Vitis baileyana,gbifTaxonomy,GBIF,Vitis baileyana Munson,USA,36.060806,-78.885344,058426eb-8400-42f8-a74c-9b66254c2f43,FALSE,FALSE
inRound2NotPublication,Vitis baileyana,gbifTaxonomy,GBIF,Vitis baileyana Munson,USA,34.9907,-90.1308,42eaf903-9487-4607-bb3c-d2fe30a6ad9d,FALSE,FALSE
inRound2NotPublication,Vitis baileyana,gbifTaxonomy,GBIF,Vitis baileyana Munson,USA,35.17275,-80.76953,e3685032-e6a1-4cae-8d09-826aef47886d,FALSE,FALSE
inRound2NotPublication,Vitis baileyana,gbifTaxonomy,GBIF,Vitis baileyana Munson,USA,39.043736,-76.762596,30b0c0c4-e4d0-44af-b555-376da7007673,FALSE,FALSE
inRound2NotPublication,Vitis baileyana,gbifTaxonomy,GBIF,Vitis baileyana Munson,USA,32.40893,-88.50704,b837ab74-6ba3-466f-9e29-1efbcad8e07d,FALSE,FALSE
inRound2NotPublication,Vitis baileyana,gbifTaxonomy,GBIF,Vitis baileyana Munson,USA,33.38742,-89.40584,c6fbd5f2-fb87-458e-abaf-be08f50d5ba1,FALSE,FALSE
inRound2NotPublication,Vitis baileyana,gbifTaxonomy,GBIF,Vitis baileyana Munson,USA,34.9907,-90.1308,b8d48b90-39b2-48e1-875d-c3cc5ed15f69,FALSE,FALSE
inRound2NotPublication,Vitis baileyana,gbifTaxonomy,GBIF,Vitis baileyana Munson,USA,31.9,-87.38,UNA00009587,FALSE,FALSE
inRound2NotPublication,Vitis baileyana,gbifTaxonomy,GBIF,Vitis baileyana Munson,USA,37.42283,-78.660247,fd1602cf-5bc4-4791-8054-f3d39c61588a,FALSE,FALSE
inRound2NotPublication,Vitis baileyana,gbifTaxonomy,GBIF,Vitis baileyana Munson,USA,37.566681,-78.255354,05bfcbf4-652f-4c73-bcf8-bc9fc2d74cce,FALSE,FALSE
inRound2NotPublication,Vitis baileyana,gbifTaxonomy,GBIF,Vitis baileyana Munson,USA,33.68454,-89.689731,c5b21aca-3246-48dd-a19e-1ddfb40a6b1c,FALSE,FALSE
inRound2NotPublication,Vitis baileyana,gbifTaxonomy,GBIF,Vitis baileyana Munson,USA,39.060553,-78.076074,SWLCP2_BLAN_2012_Ground_Vitis baileyana,FALSE,FALSE
inRound2NotPublication,Vitis baileyana,gbifTaxonomy,GBIF,Vitis baileyana Munson,USA,NA,NA,https://data.biodiversitydata.nl/naturalis/specimen/L.2338946,FALSE,FALSE
inRound2NotPublication,Vitis baileyana,gbifTaxonomy,GBIF,Vitis baileyana Munson,USA,NA,NA,https://specieslink.net/guid/1/108677,FALSE,FALSE
inRound2NotPublication,Vitis baileyana,gbifTaxonomy,GBIF,Vitis baileyana Munson,USA,NA,NA,https://data.biodiversitydata.nl/naturalis/specimen/U.1770369,FALSE,FALSE
inRound2NotPublication,Vitis baileyana,gbifTaxonomy,GBIF,Vitis baileyana Munson,NA,NA,NA,http://id.luomus.fi/MY.4766817,FALSE,FALSE
inRound2NotPublication,Vitis baileyana,gbifTaxonomy,GBIF,Vitis baileyana Munson,NA,NA,NA,http://id.luomus.fi/MY.4766820,FALSE,FALSE
inRound2NotPublication,Vitis baileyana,gbifTaxonomy,GBIF,Vitis baileyana Munson,USA,NA,NA,b906f7d4-1b3e-4558-8455-32f40e5d0c8b,FALSE,FALSE
inRound2NotPublication,Vitis baileyana,gbifTaxonomy,GBIF,Vitis baileyana Munson,USA,NA,NA,5f7e7bcc-7490-40a8-b810-6b5dfec5eea0,FALSE,FALSE
inRound2NotPublication,Vitis baileyana,gbifTaxonomy,GBIF,Vitis baileyana Munson,NA,NA,NA,3F02A28EF2C04C2CA4BCCDCB0FAA0590,FALSE,FALSE
inRound2NotPublication,Vitis baileyana,gbifTaxonomy,GBIF,Vitis baileyana Munson,USA,NA,NA,7408045,FALSE,FALSE
inRound2NotPublication,Vitis baileyana,gbifTaxonomy,GBIF,Vitis baileyana Munson,USA,NA,NA,urn:catalog:MO:Tropicos:103579076,FALSE,FALSE
inRound2NotPublication,Vitis baileyana,gbifTaxonomy,GBIF,Vitis baileyana Munson,USA,NA,NA,urn:catalog:MO:Tropicos:103594482,FALSE,FALSE
inRound2NotPublication,Vitis baileyana,gbifTaxonomy,GBIF,Vitis baileyana Munson,USA,NA,NA,121c70e62587ed0602a9eec2eea47a03,FALSE,FALSE
inRound2NotPublication,Vitis baileyana,gbifTaxonomy,GBIF,Vitis baileyana Munson,USA,NA,NA,http://n2t.net/ark:/65665/3cee9dcae-8a1a-4f32-833c-924b75f9929d,FALSE,FALSE
inRound2NotPublication,Vitis baileyana,gbifTaxonomy,GBIF,Vitis baileyana Munson,USA,NA,NA,http://n2t.net/ark:/65665/3a84e66c4-a979-482d-b71f-5cd52a0c2a1e,FALSE,FALSE
inRound2NotPublication,Vitis baileyana,gbifTaxonomy,GBIF,Vitis baileyana Munson,USA,NA,NA,http://n2t.net/ark:/65665/343af5ce0-d4f8-4834-adbc-44218b87b7c9,FALSE,FALSE
inRound2NotPublication,Vitis baileyana,gbifTaxonomy,GBIF,Vitis baileyana Munson,USA,NA,NA,http://n2t.net/ark:/65665/38c3b8f7c-13ea-462e-abbe-8d8f95d76359,FALSE,FALSE
inRound2NotPublication,Vitis baileyana,gbifTaxonomy,GBIF,Vitis baileyana Munson,USA,NA,NA,http://n2t.net/ark:/65665/36903f0d2-741e-4f40-9892-5f40d3126729,FALSE,FALSE
inRound2NotPublication,Vitis baileyana,gbifTaxonomy,GBIF,Vitis baileyana Munson,USA,NA,NA,f358f229-c31c-4ef7-955f-346cd696830f,FALSE,FALSE
inRound2NotPublication,Vitis baileyana,gbifTaxonomy,GBIF,Vitis baileyana Munson,USA,NA,NA,b1ece397-d6c1-45c2-9a68-7140a44483ab,FALSE,FALSE
inRound2NotPublication,Vitis baileyana,gbifTaxonomy,GBIF,Vitis baileyana Munson,USA,NA,NA,2c46dd60-5b76-45b9-bd11-ab37d9b22746,FALSE,FALSE
inRound2NotPublication,Vitis baileyana,gbifTaxonomy,GBIF,Vitis baileyana Munson,USA,NA,NA,e0ef96fa-17ca-4c58-868d-216a8fb585fd,FALSE,FALSE
inRound2NotPublication,Vitis baileyana,gbifTaxonomy,GBIF,Vitis baileyana Munson,USA,NA,NA,7b07538e-ed77-453d-a290-f9c613baf807,FALSE,FALSE
inRound2NotPublication,Vitis baileyana,gbifTaxonomy,GBIF,Vitis baileyana Munson,USA,NA,NA,37f1eefe-41ba-4f31-92e0-06bbbf248d6b,FALSE,FALSE
inRound2NotPublication,Vitis baileyana,gbifTaxonomy,GBIF,Vitis baileyana Munson,USA,NA,NA,a9b0553f-171b-4075-ba87-97c0f7d1ac9a,FALSE,FALSE
inRound2NotPublication,Vitis baileyana,gbifTaxonomy,GBIF,Vitis baileyana Munson,USA,NA,NA,74e6dc41-71f1-4847-b20e-f62e13ffa50e,FALSE,FALSE
inRound2NotPublication,Vitis baileyana,gbifTaxonomy,GBIF,Vitis baileyana Munson,USA,NA,NA,41a4cb15-4ff6-4b1b-815a-c64261f3e143,FALSE,FALSE
inRound2NotPublication,Vitis baileyana,gbifTaxonomy,GBIF,Vitis baileyana Munson,USA,NA,NA,df4d2074-a6dd-42cd-9d96-b5b95a7f0ab3,FALSE,FALSE
inRound2NotPublication,Vitis baileyana,gbifTaxonomy,GBIF,Vitis baileyana Munson,USA,NA,NA,0454e6b0-6b0c-4c0f-bcf5-7328a7f31105,FALSE,FALSE
inRound2NotPublication,Vitis baileyana,gbifTaxonomy,GBIF,Vitis baileyana Munson,USA,NA,NA,2e5aac00-3cde-4023-9247-67cd5034bd34,FALSE,FALSE
inRound2NotPublication,Vitis baileyana,gbifTaxonomy,GBIF,Vitis baileyana Munson,USA,NA,NA,94af2ff5-e19e-45a0-891e-d15a2071c7f0,FALSE,FALSE
inRound2NotPublication,Vitis baileyana,gbifTaxonomy,GBIF,Vitis baileyana Munson,USA,NA,NA,http://www.botanicalcollections.be/specimen/BR0000034964149,FALSE,FALSE
inRound2NotPublication,Vitis baileyana,gbifTaxonomy,GBIF,Vitis baileyana Munson,NA,NA,NA,http://specimens.kew.org/herbarium/K004491238,FALSE,FALSE
inRound2NotPublication,Vitis baileyana,gbifTaxonomy,GBIF,Vitis baileyana Munson,NA,NA,NA,f34e14a6-7323-4efc-b08a-3430f7c36455,FALSE,FALSE
inRound2NotPublication,Vitis baileyana,gbifTaxonomy,GBIF,Vitis baileyana Munson,NA,NA,NA,MG664843,FALSE,FALSE
inRound2NotPublication,Vitis baileyana,gbifTaxonomy,GBIF,Vitis baileyana Munson,USA,NA,NA,941072a7-4e8c-4823-85a4-692f12e35e7b,FALSE,FALSE
inRound2NotPublication,Vitis baileyana,gbifTaxonomy,GBIF,Vitis baileyana Munson,USA,NA,NA,fe3eaf7e-63c2-4d45-897a-bb13cd42fc54,FALSE,FALSE
inRound2NotPublication,Vitis baileyana,gbifTaxonomy,GBIF,Vitis baileyana Munson,USA,NA,NA,72875484-3381-4674-87ea-a774c3e0233b,FALSE,FALSE
inRound2NotPublication,Vitis baileyana,gbifTaxonomy,GBIF,Vitis baileyana Munson,NA,NA,NA,12202876-4b0e-4019-bc56-ba8898b87f2a,FALSE,FALSE
inRound2NotPublication,Vitis baileyana,gbifTaxonomy,GBIF,Vitis baileyana Munson,USA,NA,NA,075cf1ef-f5e8-4014-96b5-5071bea41e48,FALSE,FALSE
inRound2NotPublication,Vitis baileyana,gbifTaxonomy,GBIF,Vitis baileyana Munson,USA,NA,NA,b3b0e666-bcfc-4513-a476-2358e0f7ceea,FALSE,FALSE
inRound2NotPublication,Vitis baileyana,gbifTaxonomy,GBIF,Vitis baileyana Munson,USA,NA,NA,http://n2t.net/ark:/65665/330162d80-4986-4764-8742-a508ed03bbc9,FALSE,FALSE
inRound2NotPublication,Vitis baileyana,gbifTaxonomy,GBIF,Vitis baileyana Munson,USA,NA,NA,5c6c20b6-ff6d-11e2-9beb-001c23ce290f,FALSE,FALSE
inRound2NotPublication,Vitis baileyana,gbifTaxonomy,GBIF,Vitis baileyana Munson,USA,NA,NA,ef953c02-369e-4873-932d-98434ad5a2dc,FALSE,FALSE
inRound2NotPublication,Vitis baileyana,gbifTaxonomy,GBIF,Vitis baileyana Munson,USA,NA,NA,cf43a953-d78a-4d3a-8caf-f190265c955a,FALSE,FALSE
inRound2NotPublication,Vitis baileyana,gbifTaxonomy,GBIF,Vitis baileyana Munson,USA,NA,NA,b9996afb-96ce-4237-a3cc-9578b4c69293,FALSE,FALSE
inRound2NotPublication,Vitis baileyana,gbifTaxonomy,GBIF,Vitis baileyana Munson,USA,NA,NA,54007055-9be0-478f-b6bf-c9581dd446f1,FALSE,FALSE
inRound2NotPublication,Vitis baileyana,gbifTaxonomy,GBIF,Vitis baileyana Munson,USA,NA,NA,3ae55f99-cdcc-48d0-a5ad-38d96ce255c3,FALSE,FALSE
inRound2NotPublication,Vitis baileyana,gbifTaxonomy,GBIF,Vitis baileyana Munson,USA,NA,NA,1058d47d-527b-43fd-9f2b-8158e34c6f41,FALSE,FALSE
inRound2NotPublication,Vitis baileyana,gbifTaxonomy,GBIF,Vitis baileyana Munson,USA,NA,NA,09cac1f1-7c4f-46ca-91b1-57b2637c3cf5,FALSE,FALSE
inRound2NotPublication,Vitis baileyana,gbifTaxonomy,GBIF,Vitis baileyana Munson,USA,NA,NA,ce551a9c-1969-436f-afed-874be4272ba0,FALSE,FALSE
inRound2NotPublication,Vitis baileyana,gbifTaxonomy,GBIF,Vitis baileyana Munson,USA,NA,NA,b76ec82c-a005-4d86-b72b-f8d5e0ac4cf7,FALSE,FALSE
inRound2NotPublication,Vitis baileyana,gbifTaxonomy,GBIF,Vitis baileyana Munson,USA,NA,NA,44ca180a-a32b-4c1a-bc2c-6f345919f72e,FALSE,FALSE
inRound2NotPublication,Vitis baileyana,gbifTaxonomy,GBIF,Vitis baileyana Munson,USA,NA,NA,981d0f4e-e23d-4150-a06a-120cca0a01fd,FALSE,FALSE
inRound2NotPublication,Vitis baileyana,gbifTaxonomy,GBIF,Vitis baileyana Munson,USA,NA,NA,ccf4a942-cd51-47de-b12a-93a8681a876f,FALSE,FALSE
inRound2NotPublication,Vitis baileyana,gbifTaxonomy,GBIF,Vitis baileyana Munson,USA,NA,NA,857cda93-22ef-4638-96d1-24b2188e9b54,FALSE,FALSE
inRound2NotPublication,Vitis baileyana,gbifTaxonomy,GBIF,Vitis baileyana Munson,USA,NA,NA,c06abe22-353b-4710-8c65-bc0affe46a3a,FALSE,FALSE
inRound2NotPublication,Vitis baileyana,gbifTaxonomy,GBIF,Vitis baileyana Munson,USA,NA,NA,23d7168e-882c-4ec2-98d5-ed868ab34637,FALSE,FALSE
inRound2NotPublication,Vitis baileyana,gbifTaxonomy,GBIF,Vitis baileyana Munson,USA,NA,NA,34d81fd1-ce59-4178-a2e9-d61b8f72bc60,FALSE,FALSE
inRound2NotPublication,Vitis baileyana,gbifTaxonomy,GBIF,Vitis baileyana Munson,USA,NA,NA,e34a8092-5ecd-4a4b-bdc2-4d6c8b182ddd,FALSE,FALSE
inRound2NotPublication,Vitis baileyana,gbifTaxonomy,GBIF,Vitis baileyana Munson,USA,NA,NA,27fccad0-4509-4176-8991-5c84b53032e9,FALSE,FALSE
inRound2NotPublication,Vitis baileyana,gbifTaxonomy,GBIF,Vitis baileyana Munson,USA,NA,NA,abaaa5ea-8a32-4d51-b7fb-440bd5bd2b88,FALSE,FALSE
inRound2NotPublication,Vitis baileyana,gbifTaxonomy,GBIF,Vitis baileyana Munson,USA,NA,NA,e5964e8b-2a10-4104-a61b-5cddb2a1623f,FALSE,FALSE
inRound2NotPublication,Vitis baileyana,gbifTaxonomy,GBIF,Vitis baileyana Munson,USA,NA,NA,1a08b43a-4032-4290-83de-0f0745961d07,FALSE,FALSE
inRound2NotPublication,Vitis baileyana,gbifTaxonomy,GBIF,Vitis baileyana Munson,USA,NA,NA,855ff88f-ded3-47ff-a1e8-2634c129b9de,FALSE,FALSE
inRound2NotPublication,Vitis baileyana,gbifTaxonomy,GBIF,Vitis baileyana Munson,USA,NA,NA,6d7d8963-7ba5-4c67-82e9-c073f1601e29,FALSE,FALSE
inRound2NotPublication,Vitis baileyana,gbifTaxonomy,GBIF,Vitis baileyana Munson,USA,NA,NA,e173dbea-6196-4b6d-92cd-87be9faa9312,FALSE,FALSE
inRound2NotPublication,Vitis baileyana,gbifTaxonomy,GBIF,Vitis baileyana Munson,USA,NA,NA,5e410912-661e-4177-8d90-b98074749a45,FALSE,FALSE
inRound2NotPublication,Vitis baileyana,gbifTaxonomy,GBIF,Vitis baileyana Munson,USA,NA,NA,a08ffa1b-2063-4017-8496-198c57032c48,FALSE,FALSE
inRound2NotPublication,Vitis baileyana,gbifTaxonomy,GBIF,Vitis baileyana Munson,USA,NA,NA,aa6d4fb0-9f13-4096-8655-a0b43871121c,FALSE,FALSE
inRound2NotPublication,Vitis baileyana,gbifTaxonomy,GBIF,Vitis baileyana Munson,USA,NA,NA,urn:uuid:b2864737-7ee2-49cd-b6cd-38f256315ef0,FALSE,FALSE
inRound2NotPublication,Vitis baileyana,gbifTaxonomy,GBIF,Vitis baileyana Munson,NA,NA,NA,"urn:catalog:KVL:Arboretum:1986,0574",FALSE,FALSE
inRound2NotPublication,Vitis baileyana,gbifTaxonomy,GBIF,Vitis baileyana Munson,USA,NA,NA,0dbb5fad-c06a-4872-9b7f-3d44eb6fb0e5,FALSE,FALSE
inRound2NotPublication,Vitis baileyana,gbifTaxonomy,GBIF,Vitis baileyana Munson,NA,NA,NA,0Bdx1081,FALSE,FALSE
inRound2NotPublication,Vitis baileyana,gbifTaxonomy,GBIF,Vitis baileyana Munson,USA,NA,NA,1634f7d8-d95e-4a33-be6a-c113e8201b8a,FALSE,FALSE
inRound2NotPublication,Vitis baileyana,gbifTaxonomy,GBIF,Vitis baileyana Munson,NA,NA,NA,NA,FALSE,FALSE
inRound2NotPublication,Vitis berlandieri,gbifTaxonomy,GBIF,Vitis berlandieri Planch.,MEX,26.725158,-101.151671,11a9ae94-0af7-4034-96cb-48e62a84fb94,FALSE,FALSE
inRound2NotPublication,Vitis berlandieri,gbifTaxonomy,GBIF,Vitis berlandieri Planch.,MEX,25.2,-101.333333,04ab81cfdc8953c146f7e9c262fbb594,FALSE,FALSE
inRound2NotPublication,Vitis berlandieri,gbifTaxonomy,GBIF,Vitis berlandieri Planch.,MEX,22.534828,-103.8915948,a89b67b9a015d93d5d55e6a60064f5bb,FALSE,FALSE
inRound2NotPublication,Vitis berlandieri,gbifTaxonomy,GBIF,Vitis berlandieri Planch.,MEX,19.266667,-103.233333,80bdb9deb17085c931ef987fc1301ad8,FALSE,FALSE
inRound2NotPublication,Vitis berlandieri,gbifTaxonomy,GBIF,Vitis berlandieri Planch.,MEX,23.100479,-99.186985,fa54df47aba256dfb94d35fda58425a7,FALSE,FALSE
inRound2NotPublication,Vitis berlandieri,gbifTaxonomy,GBIF,Vitis berlandieri Planch.,MEX,19.79925,-97.245548,dbfdcfd12e2c04e6b5c5cd3545710b0d,FALSE,FALSE
inRound2NotPublication,Vitis berlandieri,gbifTaxonomy,GBIF,Vitis berlandieri Planch.,MEX,19.945619,-103.758462,9975e30f88aef65bc0f298ff11279669,FALSE,FALSE
inRound2NotPublication,Vitis berlandieri,gbifTaxonomy,GBIF,Vitis berlandieri Planch.,MEX,22.516667,-103.883333,4256c0cdd1e382a3c228e8c43651803a,FALSE,FALSE
inRound2NotPublication,Vitis berlandieri,gbifTaxonomy,GBIF,Vitis berlandieri Planch.,MEX,18.254051,-95.936907,c1aea4af44141b0856cde7f175ece707,FALSE,FALSE
inRound2NotPublication,Vitis berlandieri,gbifTaxonomy,GBIF,Vitis berlandieri Planch.,MEX,19.566667,-104.25,9b6cb86f4de155a5c6f6594431587139,FALSE,FALSE
inRound2NotPublication,Vitis berlandieri,gbifTaxonomy,GBIF,Vitis berlandieri Planch.,MEX,24.582636,-99.002818,87018c23d43f750c893c5579ce1069ca,FALSE,FALSE
inRound2NotPublication,Vitis berlandieri,gbifTaxonomy,GBIF,Vitis berlandieri Planch.,MEX,24.651389000000002,-98.873055,b2855f70457e34952675b511606a935c,FALSE,FALSE
inRound2NotPublication,Vitis berlandieri,gbifTaxonomy,GBIF,Vitis berlandieri Planch.,MEX,19.79925,-97.245548,e5e857e0e92801fbc66f03df64ce3753,FALSE,FALSE
inRound2NotPublication,Vitis berlandieri,gbifTaxonomy,GBIF,Vitis berlandieri Planch.,MEX,20.05,-97.05,642474be98bba620710828eae27695ae,FALSE,FALSE
inRound2NotPublication,Vitis berlandieri,gbifTaxonomy,GBIF,Vitis berlandieri Planch.,MEX,19.583333,-103.9,935bb11c68f671632a3838319d407c32,FALSE,FALSE
inRound2NotPublication,Vitis berlandieri,gbifTaxonomy,GBIF,Vitis berlandieri Planch.,USA,30.55661,-97.612755,https://www.inaturalist.org/observations/12336695,FALSE,FALSE
inRound2NotPublication,Vitis berlandieri,gbifTaxonomy,GBIF,Vitis berlandieri Planch.,USA,29.97113,-98.717885,https://www.inaturalist.org/observations/272345931,FALSE,FALSE
inRound2NotPublication,Vitis berlandieri,gbifTaxonomy,GBIF,Vitis berlandieri Planch.,USA,29.561203,-98.519831,https://www.inaturalist.org/observations/212624715,FALSE,FALSE
inRound2NotPublication,Vitis berlandieri,gbifTaxonomy,GBIF,Vitis berlandieri Planch.,USA,30.619214,-98.071134,https://www.inaturalist.org/observations/20830569,FALSE,FALSE
inRound2NotPublication,Vitis berlandieri,gbifTaxonomy,GBIF,Vitis berlandieri Planch.,MEX,25.369106,-100.310814,https://www.inaturalist.org/observations/60337813,FALSE,FALSE
inRound2NotPublication,Vitis berlandieri,gbifTaxonomy,GBIF,Vitis berlandieri Planch.,USA,30.172289,-99.380531,https://www.inaturalist.org/observations/85834779,FALSE,FALSE
inRound2NotPublication,Vitis berlandieri,gbifTaxonomy,GBIF,Vitis berlandieri Planch.,MEX,25.445187,-102.172212,https://www.inaturalist.org/observations/182220848,FALSE,FALSE
inRound2NotPublication,Vitis berlandieri,gbifTaxonomy,GBIF,Vitis berlandieri Planch.,USA,31.333579,-97.467992,https://www.inaturalist.org/observations/29829386,FALSE,FALSE
inRound2NotPublication,Vitis berlandieri,gbifTaxonomy,GBIF,Vitis berlandieri Planch.,USA,31.884827,-97.699363,https://www.inaturalist.org/observations/17120158,FALSE,FALSE
inRound2NotPublication,Vitis berlandieri,gbifTaxonomy,GBIF,Vitis berlandieri Planch.,MEX,25.23313,-100.041472,https://www.inaturalist.org/observations/191509688,FALSE,FALSE
inRound2NotPublication,Vitis berlandieri,gbifTaxonomy,GBIF,Vitis berlandieri Planch.,USA,29.565645,-98.577645,https://www.inaturalist.org/observations/95425871,FALSE,FALSE
inRound2NotPublication,Vitis berlandieri,gbifTaxonomy,GBIF,Vitis berlandieri Planch.,USA,29.623985,-98.624685,https://www.inaturalist.org/observations/166801573,FALSE,FALSE
inRound2NotPublication,Vitis berlandieri,gbifTaxonomy,GBIF,Vitis berlandieri Planch.,USA,30.131982,-98.031516,https://www.inaturalist.org/observations/275163139,FALSE,FALSE
inRound2NotPublication,Vitis berlandieri,gbifTaxonomy,GBIF,Vitis berlandieri Planch.,USA,29.996269,-100.045738,https://www.inaturalist.org/observations/79712959,FALSE,FALSE
inRound2NotPublication,Vitis berlandieri,gbifTaxonomy,GBIF,Vitis berlandieri Planch.,USA,30.409303,-97.708858,https://www.inaturalist.org/observations/43547303,FALSE,FALSE
inRound2NotPublication,Vitis berlandieri,gbifTaxonomy,GBIF,Vitis berlandieri Planch.,USA,30.199997,-98.459153,https://www.inaturalist.org/observations/13382222,FALSE,FALSE
inRound2NotPublication,Vitis berlandieri,gbifTaxonomy,GBIF,Vitis berlandieri Planch.,USA,30.3399,-97.839928,https://www.inaturalist.org/observations/72730158,FALSE,FALSE
inRound2NotPublication,Vitis berlandieri,gbifTaxonomy,GBIF,Vitis berlandieri Planch.,USA,29.341176,-98.458459,https://www.inaturalist.org/observations/97719984,FALSE,FALSE
inRound2NotPublication,Vitis berlandieri,gbifTaxonomy,GBIF,Vitis berlandieri Planch.,MEX,25.604462,-100.351294,https://www.inaturalist.org/observations/133021697,FALSE,FALSE
inRound2NotPublication,Vitis berlandieri,gbifTaxonomy,GBIF,Vitis berlandieri Planch.,USA,31.121675,-97.40265,https://www.inaturalist.org/observations/81729116,FALSE,FALSE
inRound2NotPublication,Vitis berlandieri,gbifTaxonomy,GBIF,Vitis berlandieri Planch.,USA,30.660495,-98.049872,https://www.inaturalist.org/observations/11780901,FALSE,FALSE
inRound2NotPublication,Vitis berlandieri,gbifTaxonomy,GBIF,Vitis berlandieri Planch.,USA,30.293429,-97.738699,https://www.inaturalist.org/observations/10856434,FALSE,FALSE
inRound2NotPublication,Vitis berlandieri,gbifTaxonomy,GBIF,Vitis berlandieri Planch.,USA,30.080653,-99.219687,https://www.inaturalist.org/observations/85849706,FALSE,FALSE
inRound2NotPublication,Vitis berlandieri,gbifTaxonomy,GBIF,Vitis berlandieri Planch.,USA,29.62205,-98.679175,https://www.inaturalist.org/observations/290216650,FALSE,FALSE
inRound2NotPublication,Vitis berlandieri,gbifTaxonomy,GBIF,Vitis berlandieri Planch.,USA,30.502884,-97.795084,https://www.inaturalist.org/observations/86987578,FALSE,FALSE
inRound2NotPublication,Vitis berlandieri,gbifTaxonomy,GBIF,Vitis berlandieri Planch.,USA,30.620941,-98.074358,https://www.inaturalist.org/observations/242756402,FALSE,FALSE
inRound2NotPublication,Vitis berlandieri,gbifTaxonomy,GBIF,Vitis berlandieri Planch.,USA,30.506428,-97.775815,https://www.inaturalist.org/observations/140908851,FALSE,FALSE
inRound2NotPublication,Vitis berlandieri,gbifTaxonomy,GBIF,Vitis berlandieri Planch.,USA,29.592928,-98.603103,https://www.inaturalist.org/observations/29261963,FALSE,FALSE
inRound2NotPublication,Vitis berlandieri,gbifTaxonomy,GBIF,Vitis berlandieri Planch.,USA,31.784617,-97.78575,https://www.inaturalist.org/observations/51877755,FALSE,FALSE
inRound2NotPublication,Vitis berlandieri,gbifTaxonomy,GBIF,Vitis berlandieri Planch.,USA,30.619689,-98.073322,https://www.inaturalist.org/observations/74459419,FALSE,FALSE
inRound2NotPublication,Vitis berlandieri,gbifTaxonomy,GBIF,Vitis berlandieri Planch.,USA,30.291959,-97.711715,https://www.inaturalist.org/observations/11720049,FALSE,FALSE
inRound2NotPublication,Vitis berlandieri,gbifTaxonomy,GBIF,Vitis berlandieri Planch.,MEX,25.606133,-100.35218,https://www.inaturalist.org/observations/115265606,FALSE,FALSE
inRound2NotPublication,Vitis berlandieri,gbifTaxonomy,GBIF,Vitis berlandieri Planch.,USA,31.22885,-97.477622,https://www.inaturalist.org/observations/273377461,FALSE,FALSE
inRound2NotPublication,Vitis berlandieri,gbifTaxonomy,GBIF,Vitis berlandieri Planch.,USA,31.322798,-97.471754,https://www.inaturalist.org/observations/12546642,FALSE,FALSE
inRound2NotPublication,Vitis berlandieri,gbifTaxonomy,GBIF,Vitis berlandieri Planch.,USA,30.164481,-98.490975,https://www.inaturalist.org/observations/86494056,FALSE,FALSE
inRound2NotPublication,Vitis berlandieri,gbifTaxonomy,GBIF,Vitis berlandieri Planch.,USA,30.205162,-97.791229,https://www.inaturalist.org/observations/86796000,FALSE,FALSE
inRound2NotPublication,Vitis berlandieri,gbifTaxonomy,GBIF,Vitis berlandieri Planch.,USA,31.344931,-95.255075,https://www.inaturalist.org/observations/88336802,FALSE,FALSE
inRound2NotPublication,Vitis berlandieri,gbifTaxonomy,GBIF,Vitis berlandieri Planch.,USA,29.586397,-99.735833,https://www.inaturalist.org/observations/213018637,FALSE,FALSE
inRound2NotPublication,Vitis berlandieri,gbifTaxonomy,GBIF,Vitis berlandieri Planch.,USA,30.545387,-97.854063,https://www.inaturalist.org/observations/33392856,FALSE,FALSE
inRound2NotPublication,Vitis berlandieri,gbifTaxonomy,GBIF,Vitis berlandieri Planch.,USA,30.154011,-99.340373,https://www.inaturalist.org/observations/81943703,FALSE,FALSE
inRound2NotPublication,Vitis berlandieri,gbifTaxonomy,GBIF,Vitis berlandieri Planch.,USA,29.778487,-98.464517,https://www.inaturalist.org/observations/98165990,FALSE,FALSE
inRound2NotPublication,Vitis berlandieri,gbifTaxonomy,GBIF,Vitis berlandieri Planch.,USA,29.80362,-99.411795,https://www.inaturalist.org/observations/81757793,FALSE,FALSE
inRound2NotPublication,Vitis berlandieri,gbifTaxonomy,GBIF,Vitis berlandieri Planch.,USA,29.831633,-99.602097,https://www.inaturalist.org/observations/44656143,FALSE,FALSE
inRound2NotPublication,Vitis berlandieri,gbifTaxonomy,GBIF,Vitis berlandieri Planch.,USA,31.023772,-97.518893,https://www.inaturalist.org/observations/156136363,FALSE,FALSE
inRound2NotPublication,Vitis berlandieri,gbifTaxonomy,GBIF,Vitis berlandieri Planch.,USA,30.558227,-97.613366,https://www.inaturalist.org/observations/12336184,FALSE,FALSE
inRound2NotPublication,Vitis berlandieri,gbifTaxonomy,GBIF,Vitis berlandieri Planch.,USA,29.525002,-98.431802,https://www.inaturalist.org/observations/31927082,FALSE,FALSE
inRound2NotPublication,Vitis berlandieri,gbifTaxonomy,GBIF,Vitis berlandieri Planch.,USA,29.585767,-99.736,https://www.inaturalist.org/observations/207527077,FALSE,FALSE
inRound2NotPublication,Vitis berlandieri,gbifTaxonomy,GBIF,Vitis berlandieri Planch.,USA,31.708803,-97.590383,https://www.inaturalist.org/observations/167426829,FALSE,FALSE
inRound2NotPublication,Vitis berlandieri,gbifTaxonomy,GBIF,Vitis berlandieri Planch.,USA,30.407841,-97.754076,https://www.inaturalist.org/observations/7779108,FALSE,FALSE
inRound2NotPublication,Vitis berlandieri,gbifTaxonomy,GBIF,Vitis berlandieri Planch.,USA,30.620501,-98.072664,https://www.inaturalist.org/observations/181446923,FALSE,FALSE
inRound2NotPublication,Vitis berlandieri,gbifTaxonomy,GBIF,Vitis berlandieri Planch.,USA,30.541259,-97.833224,https://www.inaturalist.org/observations/77392928,FALSE,FALSE
inRound2NotPublication,Vitis berlandieri,gbifTaxonomy,GBIF,Vitis berlandieri Planch.,USA,29.989094,-99.023134,https://www.inaturalist.org/observations/44672681,FALSE,FALSE
inRound2NotPublication,Vitis berlandieri,gbifTaxonomy,GBIF,Vitis berlandieri Planch.,USA,30.497737,-97.799714,https://www.inaturalist.org/observations/86983466,FALSE,FALSE
inRound2NotPublication,Vitis berlandieri,gbifTaxonomy,GBIF,Vitis berlandieri Planch.,USA,30.559847,-97.619933,https://www.inaturalist.org/observations/8527580,FALSE,FALSE
inRound2NotPublication,Vitis berlandieri,gbifTaxonomy,GBIF,Vitis berlandieri Planch.,USA,30.5095,-97.992042,https://www.inaturalist.org/observations/77162921,FALSE,FALSE
inRound2NotPublication,Vitis berlandieri,gbifTaxonomy,GBIF,Vitis berlandieri Planch.,USA,29.649348,-98.739209,https://www.inaturalist.org/observations/10583630,FALSE,FALSE
inRound2NotPublication,Vitis berlandieri,gbifTaxonomy,GBIF,Vitis berlandieri Planch.,USA,29.988939,-99.023354,https://www.inaturalist.org/observations/214103643,FALSE,FALSE
inRound2NotPublication,Vitis berlandieri,gbifTaxonomy,GBIF,Vitis berlandieri Planch.,USA,30.05905,-98.235091,https://www.inaturalist.org/observations/17464591,FALSE,FALSE
inRound2NotPublication,Vitis berlandieri,gbifTaxonomy,GBIF,Vitis berlandieri Planch.,USA,31.697292,-97.603797,https://www.inaturalist.org/observations/281025377,FALSE,FALSE
inRound2NotPublication,Vitis berlandieri,gbifTaxonomy,GBIF,Vitis berlandieri Planch.,USA,29.619447,-98.773032,https://www.inaturalist.org/observations/13373661,FALSE,FALSE
inRound2NotPublication,Vitis berlandieri,gbifTaxonomy,GBIF,Vitis berlandieri Planch.,USA,31.198045,-97.46778,https://www.inaturalist.org/observations/211855010,FALSE,FALSE
inRound2NotPublication,Vitis berlandieri,gbifTaxonomy,GBIF,Vitis berlandieri Planch.,USA,30.27033,-97.804237,https://www.inaturalist.org/observations/72574395,FALSE,FALSE
inRound2NotPublication,Vitis berlandieri,gbifTaxonomy,GBIF,Vitis berlandieri Planch.,USA,30.344814,-97.841057,https://www.inaturalist.org/observations/82057263,FALSE,FALSE
inRound2NotPublication,Vitis berlandieri,gbifTaxonomy,GBIF,Vitis berlandieri Planch.,USA,30.318992,-97.919228,https://www.inaturalist.org/observations/85962417,FALSE,FALSE
inRound2NotPublication,Vitis berlandieri,gbifTaxonomy,GBIF,Vitis berlandieri Planch.,USA,29.640681,-98.625978,https://www.inaturalist.org/observations/213133445,FALSE,FALSE
inRound2NotPublication,Vitis berlandieri,gbifTaxonomy,GBIF,Vitis berlandieri Planch.,USA,29.613263,-98.460916,https://www.inaturalist.org/observations/131676817,FALSE,FALSE
inRound2NotPublication,Vitis berlandieri,gbifTaxonomy,GBIF,Vitis berlandieri Planch.,USA,31.662423,-97.603687,https://www.inaturalist.org/observations/34460786,FALSE,FALSE
inRound2NotPublication,Vitis berlandieri,gbifTaxonomy,GBIF,Vitis berlandieri Planch.,USA,30.471664,-99.783108,https://www.inaturalist.org/observations/84700095,FALSE,FALSE
inRound2NotPublication,Vitis berlandieri,gbifTaxonomy,GBIF,Vitis berlandieri Planch.,USA,30.360373,-97.792818,https://www.inaturalist.org/observations/8893178,FALSE,FALSE
inRound2NotPublication,Vitis berlandieri,gbifTaxonomy,GBIF,Vitis berlandieri Planch.,USA,29.565278,-98.764167,5115827,FALSE,FALSE
inRound2NotPublication,Vitis berlandieri,gbifTaxonomy,GBIF,Vitis berlandieri Planch.,USA,30.24706,-99.74781,https://arctos.database.museum/guid/UAM:Herb:255110,FALSE,FALSE
inRound2NotPublication,Vitis berlandieri,gbifTaxonomy,GBIF,Vitis berlandieri Planch.,USA,30.36397,-99.73053,https://arctos.database.museum/guid/UAM:Herb:255108,FALSE,FALSE
inRound2NotPublication,Vitis berlandieri,gbifTaxonomy,GBIF,Vitis berlandieri Planch.,USA,30.16544,-99.35514,https://arctos.database.museum/guid/UAM:Herb:255112,FALSE,FALSE
inRound2NotPublication,Vitis berlandieri,gbifTaxonomy,GBIF,Vitis berlandieri Planch.,USA,30.08414,-99.09228,https://arctos.database.museum/guid/UAM:Herb:255113,FALSE,FALSE
inRound2NotPublication,Vitis berlandieri,gbifTaxonomy,GBIF,Vitis berlandieri Planch.,USA,29.70278,-98.12417,urn:catalog:MO:Tropicos:1396553,FALSE,FALSE
inRound2NotPublication,Vitis berlandieri,gbifTaxonomy,GBIF,Vitis berlandieri Planch.,MEX,19.694167,-101.149444,urn:catalog:MO:Tropicos:1411026,FALSE,FALSE
inRound2NotPublication,Vitis berlandieri,gbifTaxonomy,GBIF,Vitis berlandieri Planch.,MEX,19.68,-101.185278,urn:catalog:MO:Tropicos:1411029,FALSE,FALSE
inRound2NotPublication,Vitis berlandieri,gbifTaxonomy,GBIF,Vitis berlandieri Planch.,USA,29.630667,-99.744167,urn:catalog:MO:Tropicos:101233224,FALSE,FALSE
inRound2NotPublication,Vitis berlandieri,gbifTaxonomy,GBIF,Vitis berlandieri Planch.,USA,29.70278,-98.12417,urn:catalog:MO:Tropicos:1396549,FALSE,FALSE
inRound2NotPublication,Vitis berlandieri,gbifTaxonomy,GBIF,Vitis berlandieri Planch.,USA,29.45888,-101.05916,urn:catalog:MO:Tropicos:1400122,FALSE,FALSE
inRound2NotPublication,Vitis berlandieri,gbifTaxonomy,GBIF,Vitis berlandieri Planch.,USA,38.61306,-90.25917,urn:catalog:MO:Tropicos:1395342,FALSE,FALSE
inRound2NotPublication,Vitis berlandieri,gbifTaxonomy,GBIF,Vitis berlandieri Planch.,MEX,19.9425,-103.765833,urn:catalog:MO:Tropicos:102049478,FALSE,FALSE
inRound2NotPublication,Vitis berlandieri,gbifTaxonomy,GBIF,Vitis berlandieri Planch.,MEX,25.63,-100.23,urn:catalog:MO:Tropicos:1411048,FALSE,FALSE
inRound2NotPublication,Vitis berlandieri,gbifTaxonomy,GBIF,Vitis berlandieri Planch.,USA,29.567778,-98.767778,urn:catalog:MO:Tropicos:103484437,FALSE,FALSE
inRound2NotPublication,Vitis berlandieri,gbifTaxonomy,GBIF,Vitis berlandieri Planch.,MEX,24.66,-100.23,urn:catalog:MO:Tropicos:981006,FALSE,FALSE
inRound2NotPublication,Vitis berlandieri,gbifTaxonomy,GBIF,Vitis berlandieri Planch.,MEX,29.025,-102.125,744bbb07f7242c58fffd7229a6ca9d93,FALSE,FALSE
inRound2NotPublication,Vitis berlandieri,gbifTaxonomy,GBIF,Vitis berlandieri Planch.,MEX,28.97528,-108.5625,ffa7002b617d185ead843866f4a757ac,FALSE,FALSE
inRound2NotPublication,Vitis berlandieri,gbifTaxonomy,GBIF,Vitis berlandieri Planch.,MEX,24.517,-98.95,565e98c3c5dc85275d33d8ecc04c6a2d,FALSE,FALSE
inRound2NotPublication,Vitis berlandieri,gbifTaxonomy,GBIF,Vitis berlandieri Planch.,MEX,24.65,-98.683,bf3570afc3864672fdaa2890c29ac55d,FALSE,FALSE
inRound2NotPublication,Vitis berlandieri,gbifTaxonomy,GBIF,Vitis berlandieri Planch.,MEX,19.48528,-104.29889,110f672b3349591bd935688cb135507e,FALSE,FALSE
inRound2NotPublication,Vitis berlandieri,gbifTaxonomy,GBIF,Vitis berlandieri Planch.,MEX,25.61528,-100.35167,03bc7d56fd919e2403706203b55b8b32,FALSE,FALSE
inRound2NotPublication,Vitis berlandieri,gbifTaxonomy,GBIF,Vitis berlandieri Planch.,MEX,21.5,-104.917,8a7b8570619fad64245c153abe36a351,FALSE,FALSE
inRound2NotPublication,Vitis berlandieri,gbifTaxonomy,GBIF,Vitis berlandieri Planch.,MEX,19.46167,-103.96361,fa3349ec23c69e342c64cf6147bf5028,FALSE,FALSE
inRound2NotPublication,Vitis berlandieri,gbifTaxonomy,GBIF,Vitis berlandieri Planch.,MEX,26.033,-101.383,19fc4a69c515d4e83fea1c8412e855d6,FALSE,FALSE
inRound2NotPublication,Vitis berlandieri,gbifTaxonomy,GBIF,Vitis berlandieri Planch.,MEX,18.25333,-95.93667,91ee73bd99ec4d89c9370b8b8bee39e1,FALSE,FALSE
inRound2NotPublication,Vitis berlandieri,gbifTaxonomy,GBIF,Vitis berlandieri Planch.,MEX,18.25333,-95.93667,ffcfaaebd9f74c9867a034f4591a5857,FALSE,FALSE
inRound2NotPublication,Vitis berlandieri,gbifTaxonomy,GBIF,Vitis berlandieri Planch.,MEX,19.6,-104.31667,a6ca83732b8ffaa818a8583af0c38fde,FALSE,FALSE
inRound2NotPublication,Vitis berlandieri,gbifTaxonomy,GBIF,Vitis berlandieri Planch.,MEX,29.025,-102.125,088a6142a45bca82b8f9d5eab410a7bc,FALSE,FALSE
inRound2NotPublication,Vitis berlandieri,gbifTaxonomy,GBIF,Vitis berlandieri Planch.,USA,30.2471,-99.7478,http://n2t.net/ark:/65665/33c8fa790-0b3d-4365-8136-9e4de89ba857,FALSE,FALSE
inRound2NotPublication,Vitis berlandieri,gbifTaxonomy,GBIF,Vitis berlandieri Planch.,USA,30.364,-99.7305,http://n2t.net/ark:/65665/335dee285-7a42-4998-b5d7-e36501d52c35,FALSE,FALSE
inRound2NotPublication,Vitis berlandieri,gbifTaxonomy,GBIF,Vitis berlandieri Planch.,MEX,18.28,-96.22,http://n2t.net/ark:/65665/39f02cf02-7ffa-4c06-a759-5e7c1bfd4813,FALSE,FALSE
inRound2NotPublication,Vitis berlandieri,gbifTaxonomy,GBIF,Vitis berlandieri Planch.,USA,29.8031,-98.4934,http://n2t.net/ark:/65665/3e274d12f-d7e6-4d7e-8d2f-32baa0cd8b2e,FALSE,FALSE
inRound2NotPublication,Vitis berlandieri,gbifTaxonomy,GBIF,Vitis berlandieri Planch.,USA,30.1654,-99.3551,http://n2t.net/ark:/65665/34341c7c5-51a8-4023-895e-e8eb2009fd79,FALSE,FALSE
inRound2NotPublication,Vitis berlandieri,gbifTaxonomy,GBIF,Vitis berlandieri Planch.,USA,30.2584,-98.4836,http://n2t.net/ark:/65665/311d7f5bf-95d4-4d4c-b8b6-3bb36539252b,FALSE,FALSE
inRound2NotPublication,Vitis berlandieri,gbifTaxonomy,GBIF,Vitis berlandieri Planch.,USA,31.3176,-97.3775,http://n2t.net/ark:/65665/3e0a26d30-6e20-4316-9da2-d0312424c71a,FALSE,FALSE
inRound2NotPublication,Vitis berlandieri,gbifTaxonomy,GBIF,Vitis berlandieri Planch.,USA,30.1393,-99.5669,http://n2t.net/ark:/65665/300780202-e52e-4d33-8711-8cdc5c32ccad,FALSE,FALSE
inRound2NotPublication,Vitis berlandieri,gbifTaxonomy,GBIF,Vitis berlandieri Planch.,USA,30.0841,-99.0923,http://n2t.net/ark:/65665/36434ecef-4c52-4615-bb32-34a8c473339c,FALSE,FALSE
inRound2NotPublication,Vitis berlandieri,gbifTaxonomy,GBIF,Vitis berlandieri Planch.,USA,30.1341,-99.0653,http://n2t.net/ark:/65665/3830a21fd-80bc-43ba-9d88-bcc02e87e807,FALSE,FALSE
inRound2NotPublication,Vitis berlandieri,gbifTaxonomy,GBIF,Vitis berlandieri Planch.,MEX,22.5,-100.5,ee055f9a-186c-4037-85c0-92406303185d,FALSE,FALSE
inRound2NotPublication,Vitis berlandieri,gbifTaxonomy,GBIF,Vitis berlandieri Planch.,MEX,24,-98.75,2016dac6-58a8-48c5-9db5-50439d8832f1,FALSE,FALSE
inRound2NotPublication,Vitis berlandieri,gbifTaxonomy,GBIF,Vitis berlandieri Planch.,MEX,24.578171,-99.054282,25a05583-6d40-4697-9bee-a61fe4caf1e6,FALSE,FALSE
inRound2NotPublication,Vitis berlandieri,gbifTaxonomy,GBIF,Vitis berlandieri Planch.,MEX,28.75,-100.916667,c917296e-0f60-4aee-a07a-cb414b20561a,FALSE,FALSE
inRound2NotPublication,Vitis berlandieri,gbifTaxonomy,GBIF,Vitis berlandieri Planch.,MEX,25.4,-100.316667,64a12c6d-7d51-4a4b-8ae4-2e59e487a32d,FALSE,FALSE
inRound2NotPublication,Vitis berlandieri,gbifTaxonomy,GBIF,Vitis berlandieri Planch.,MEX,20.2,-104.741667,39c0ee9e21ab86ef3a08b422d932a457,FALSE,FALSE
inRound2NotPublication,Vitis berlandieri,gbifTaxonomy,GBIF,Vitis berlandieri Planch.,MEX,19.798611,-97.245278,882c946b51f7522fb30d897967156518,FALSE,FALSE
inRound2NotPublication,Vitis berlandieri,gbifTaxonomy,GBIF,Vitis berlandieri Planch.,MEX,22.516667,-103.883333,9be33004dd6bc6a5dc06105b6183718d,FALSE,FALSE
inRound2NotPublication,Vitis berlandieri,gbifTaxonomy,GBIF,Vitis berlandieri Planch.,MEX,19.266667,-103.233333,523e0856a231f92ed1e8c893cf5a4e44,FALSE,FALSE
inRound2NotPublication,Vitis berlandieri,gbifTaxonomy,GBIF,Vitis berlandieri Planch.,MEX,18.253333,-95.936667,8610b10104cc7ea8d68ed33efc536737,FALSE,FALSE
inRound2NotPublication,Vitis berlandieri,gbifTaxonomy,GBIF,Vitis berlandieri Planch.,MEX,23.1,-99.186667,e05eda79812fd7554cb6121b50f8a968,FALSE,FALSE
inRound2NotPublication,Vitis berlandieri,gbifTaxonomy,GBIF,Vitis berlandieri Planch.,MEX,19.583333,-103.9,e6c0088bea1f837554d456064f115cbb,FALSE,FALSE
inRound2NotPublication,Vitis berlandieri,gbifTaxonomy,GBIF,Vitis berlandieri Planch.,MEX,24.651389000000002,-98.873055,d920e9199f42f2f05073c90c73631375,FALSE,FALSE
inRound2NotPublication,Vitis berlandieri,gbifTaxonomy,GBIF,Vitis berlandieri Planch.,MEX,19.55,-96.966667,e0a3e1b492e3ef2256cfa5a61802632e,FALSE,FALSE
inRound2NotPublication,Vitis berlandieri,gbifTaxonomy,GBIF,Vitis berlandieri Planch.,MEX,19.798611,-97.245278,11acf8307fc21b4eeaff614cba1d1376,FALSE,FALSE
inRound2NotPublication,Vitis berlandieri,gbifTaxonomy,GBIF,Vitis berlandieri Planch.,MEX,19.945,-103.758055,e8f1c3ced5abf957263c9c31ccff7e74,FALSE,FALSE
inRound2NotPublication,Vitis berlandieri,gbifTaxonomy,GBIF,Vitis berlandieri Planch.,MEX,18.253333,-95.936667,33c87a627d8d568fed2d09fc51f579b4,FALSE,FALSE
inRound2NotPublication,Vitis berlandieri,gbifTaxonomy,GBIF,Vitis berlandieri Planch.,MEX,20.05,-97.05,5c45df009713221651c12ffb774b50bb,FALSE,FALSE
inRound2NotPublication,Vitis berlandieri,gbifTaxonomy,GBIF,Vitis berlandieri Planch.,MEX,24.582222,-99.0025,343d22a663882ba6dad4d8f670ec9fee,FALSE,FALSE
inRound2NotPublication,Vitis berlandieri,gbifTaxonomy,GBIF,Vitis berlandieri Planch.,MEX,21.125,-99.526667,9503a2c59db3b6778e31ac10723d3860,FALSE,FALSE
inRound2NotPublication,Vitis berlandieri,gbifTaxonomy,GBIF,Vitis berlandieri Planch.,MEX,19.705,-103.463333,4bd5c8843958a8b2358d9a1b6548f589,FALSE,FALSE
inRound2NotPublication,Vitis berlandieri,gbifTaxonomy,GBIF,Vitis berlandieri Planch.,MEX,19.673333,-103.255,77a72af8f4e44e4481665bae0955746e,FALSE,FALSE
inRound2NotPublication,Vitis berlandieri,gbifTaxonomy,GBIF,Vitis berlandieri Planch.,MEX,19.705,-103.463333,1ece6266d2de8308bd38dfcaac54c24a,FALSE,FALSE
inRound2NotPublication,Vitis berlandieri,gbifTaxonomy,GBIF,Vitis berlandieri Planch.,MEX,19.705,-103.463333,1b3b081a241aaff86c9536fb9755c86c,FALSE,FALSE
inRound2NotPublication,Vitis berlandieri,gbifTaxonomy,GBIF,Vitis berlandieri Planch.,MEX,19.78,-103.71,31ede3847fa07891a3d8931cfe59408b,FALSE,FALSE
inRound2NotPublication,Vitis berlandieri,gbifTaxonomy,GBIF,Vitis berlandieri Planch.,MEX,19.705,-103.463333,33029e885d2f4dc1d97a936f8959badb,FALSE,FALSE
inRound2NotPublication,Vitis berlandieri,gbifTaxonomy,GBIF,Vitis berlandieri Planch.,MEX,21.881667,-103.735,eeb1ed2e2c1fd9a7d856a83f83192a07,FALSE,FALSE
inRound2NotPublication,Vitis berlandieri,gbifTaxonomy,GBIF,Vitis berlandieri Planch.,MEX,25.231667,-100.913333,34d2515247ade592155cf8b72485b6ee,FALSE,FALSE
inRound2NotPublication,Vitis berlandieri,gbifTaxonomy,GBIF,Vitis berlandieri Planch.,MEX,24.823333,-100.075,5d508e30f27e88e790c887d750479ab9,FALSE,FALSE
inRound2NotPublication,Vitis berlandieri,gbifTaxonomy,GBIF,Vitis berlandieri Planch.,MEX,19.705,-103.463333,f9f509903f5add9200b634ae63fd74ef,FALSE,FALSE
inRound2NotPublication,Vitis berlandieri,gbifTaxonomy,GBIF,Vitis berlandieri Planch.,MEX,19.85,-103.083333,ecd55861a152f0a4c1c99d103970dc96,FALSE,FALSE
inRound2NotPublication,Vitis berlandieri,gbifTaxonomy,GBIF,Vitis berlandieri Planch.,MEX,29.586667,-108.33,398013e3f17ca523a788e65f87ea7b81,FALSE,FALSE
inRound2NotPublication,Vitis berlandieri,gbifTaxonomy,GBIF,Vitis berlandieri Planch.,MEX,20.227778,-103.569444,942dffea1f39a091d13cb5b1295c0846,FALSE,FALSE
inRound2NotPublication,Vitis berlandieri,gbifTaxonomy,GBIF,Vitis berlandieri Planch.,MEX,19.846667,-97.498333,9913d87e688d9cbc2641239bfc9a7476,FALSE,FALSE
inRound2NotPublication,Vitis berlandieri,gbifTaxonomy,GBIF,Vitis berlandieri Planch.,MEX,19.7148,-101.20535,http://coldb.mnhn.fr/catalognumber/mnhn/p/p02343687,FALSE,FALSE
inRound2NotPublication,Vitis berlandieri,gbifTaxonomy,GBIF,Vitis berlandieri Planch.,MEX,21.48333,-99.18333,http://coldb.mnhn.fr/catalognumber/mnhn/p/p03735637,FALSE,FALSE
inRound2NotPublication,Vitis berlandieri,gbifTaxonomy,GBIF,Vitis berlandieri Planch.,MEX,21.00861,-99.19267,http://coldb.mnhn.fr/catalognumber/mnhn/p/p02793292,FALSE,FALSE
inRound2NotPublication,Vitis berlandieri,gbifTaxonomy,GBIF,Vitis berlandieri Planch.,MEX,20.98947,-98.65731,http://coldb.mnhn.fr/catalognumber/mnhn/p/p03735636,FALSE,FALSE
inRound2NotPublication,Vitis berlandieri,gbifTaxonomy,GBIF,Vitis berlandieri Planch.,USA,29.703,-98.12445,http://coldb.mnhn.fr/catalognumber/mnhn/p/p02343683,FALSE,FALSE
inRound2NotPublication,Vitis berlandieri,gbifTaxonomy,GBIF,Vitis berlandieri Planch.,USA,29.703,-98.12445,http://coldb.mnhn.fr/catalognumber/mnhn/p/p02343684,FALSE,FALSE
inRound2NotPublication,Vitis berlandieri,gbifTaxonomy,GBIF,Vitis berlandieri Planch.,MEX,19.68988,-101.1784,http://coldb.mnhn.fr/catalognumber/mnhn/p/p02343688,FALSE,FALSE
inRound2NotPublication,Vitis berlandieri,gbifTaxonomy,GBIF,Vitis berlandieri Planch.,USA,30.63326,-97.67798,http://coldb.mnhn.fr/catalognumber/mnhn/p/p02343685,FALSE,FALSE
inRound2NotPublication,Vitis berlandieri,gbifTaxonomy,GBIF,Vitis berlandieri Planch.,MEX,24.82546,-100.07737,http://coldb.mnhn.fr/catalognumber/mnhn/p/p02343686,FALSE,FALSE
inRound2NotPublication,Vitis berlandieri,gbifTaxonomy,GBIF,Vitis berlandieri Planch.,MEX,23.03032,-99.14794,http://coldb.mnhn.fr/catalognumber/mnhn/p/p03684322,FALSE,FALSE
inRound2NotPublication,Vitis berlandieri,gbifTaxonomy,GBIF,Vitis berlandieri Planch.,USA,29.630667,-99.744167,8aa5956d-ac7f-4a21-96d8-072f03e60a5f,FALSE,FALSE
inRound2NotPublication,Vitis berlandieri,gbifTaxonomy,GBIF,Vitis berlandieri Planch.,USA,31.161384,-97.666226,773e108d-e27f-4e22-926c-e82d742b10d8,FALSE,FALSE
inRound2NotPublication,Vitis berlandieri,gbifTaxonomy,GBIF,Vitis berlandieri Planch.,USA,34.88775,-100.051532,dfc74495-bced-4cca-bca0-a2c5fb1352a2,FALSE,FALSE
inRound2NotPublication,Vitis berlandieri,gbifTaxonomy,GBIF,Vitis berlandieri Planch.,MEX,26.63333,-100.28333,5174f8ca-ecd4-4e61-9a13-d9c619ef2275,FALSE,FALSE
inRound2NotPublication,Vitis berlandieri,gbifTaxonomy,GBIF,Vitis berlandieri Planch.,MEX,24.52722,-98.96167,aa233f6c-6f11-4fc0-90d1-41210a3c9ea1,FALSE,FALSE
inRound2NotPublication,Vitis berlandieri,gbifTaxonomy,GBIF,Vitis berlandieri Planch.,MEX,25.2,-101.33333,2c18ab84-54b6-4760-b776-50f17945415d,FALSE,FALSE
inRound2NotPublication,Vitis berlandieri,gbifTaxonomy,GBIF,Vitis berlandieri Planch.,MEX,26.63333,-100.28333,cc440ba6-e293-4495-b791-c5a974bfdcc2,FALSE,FALSE
inRound2NotPublication,Vitis berlandieri,gbifTaxonomy,GBIF,Vitis berlandieri Planch.,USA,29.065364,-99.850176,172a3a1d-e07b-468c-92f7-ce1a0da16e3a,FALSE,FALSE
inRound2NotPublication,Vitis berlandieri,gbifTaxonomy,GBIF,Vitis berlandieri Planch.,USA,34.50481,-96.9414,97c6cf77-e076-4d97-8c08-9009226d3e3f,FALSE,FALSE
inRound2NotPublication,Vitis berlandieri,gbifTaxonomy,GBIF,Vitis berlandieri Planch.,USA,29.88,-98.2,ca37a78d-0d88-4130-90dc-a8e76be730a8,FALSE,FALSE
inRound2NotPublication,Vitis berlandieri,gbifTaxonomy,GBIF,Vitis berlandieri Planch.,USA,29.6306,-99.7442,8fa4a182-9884-47df-b03e-43a908d9e64c,FALSE,FALSE
inRound2NotPublication,Vitis berlandieri,gbifTaxonomy,GBIF,Vitis berlandieri Planch.,USA,30.318055,-98.946481,cb967f30-3c1d-4486-a139-7f207bf5e81d,FALSE,FALSE
inRound2NotPublication,Vitis berlandieri,gbifTaxonomy,GBIF,Vitis berlandieri Planch.,USA,33.755659,-96.536658,2df50949-e670-40dc-9bd1-035af184f277,FALSE,FALSE
inRound2NotPublication,Vitis berlandieri,gbifTaxonomy,GBIF,Vitis berlandieri Planch.,USA,29.944689,-98.711555,2ab1a719-17b0-4a78-89bc-c48387cd24a6,FALSE,FALSE
inRound2NotPublication,Vitis berlandieri,gbifTaxonomy,GBIF,Vitis berlandieri Planch.,USA,29.565278,-98.764167,fcb9007d-2c22-4887-8167-3cf9dce95092,FALSE,FALSE
inRound2NotPublication,Vitis berlandieri,gbifTaxonomy,GBIF,Vitis berlandieri Planch.,USA,29.630667,-99.744167,0c61e0b7-d1c6-4052-bbb9-a31ae7a26752,FALSE,FALSE
inRound2NotPublication,Vitis berlandieri,gbifTaxonomy,GBIF,Vitis berlandieri Planch.,USA,30.974288,-97.367881,ab526094-3055-4361-815a-f0c35aff916b,FALSE,FALSE
inRound2NotPublication,Vitis berlandieri,gbifTaxonomy,GBIF,Vitis berlandieri Planch.,USA,31.293937,-98.989489,94e5af57-2c38-40cd-a465-ee94e0a4ad67,FALSE,FALSE
inRound2NotPublication,Vitis berlandieri,gbifTaxonomy,GBIF,Vitis berlandieri Planch.,MEX,19.583333,-97,dd61abca-cc3c-481e-bd54-294221d805fa,FALSE,FALSE
inRound2NotPublication,Vitis berlandieri,gbifTaxonomy,GBIF,Vitis berlandieri Planch.,MEX,19.933333,-96.833333,c5eff12d-e3a3-4cd0-8906-d4a92610436d,FALSE,FALSE
inRound2NotPublication,Vitis berlandieri,gbifTaxonomy,GBIF,Vitis berlandieri Planch.,MEX,24.15,-99.48333,d837a912-ccc0-4b7d-aebd-2cb6eff1dbca,FALSE,FALSE
inRound2NotPublication,Vitis berlandieri,gbifTaxonomy,GBIF,Vitis berlandieri Planch.,USA,29.766945,-99.435,urn:catalog:MO:Tropicos:103250763,FALSE,FALSE
inRound2NotPublication,Vitis berlandieri,gbifTaxonomy,GBIF,Vitis berlandieri Planch.,MEX,24.92,-99.78,urn:catalog:MO:Tropicos:3603247,FALSE,FALSE
inRound2NotPublication,Vitis berlandieri,gbifTaxonomy,GBIF,Vitis berlandieri Planch.,MEX,19.9425,-103.765833,urn:catalog:MO:Tropicos:2125557,FALSE,FALSE
inRound2NotPublication,Vitis berlandieri,gbifTaxonomy,GBIF,Vitis berlandieri Planch.,USA,34.887134,-100.052861,f27dcc20-9e0d-4438-b8a5-ce77bd0f267b,FALSE,FALSE
inRound2NotPublication,Vitis berlandieri,gbifTaxonomy,GBIF,Vitis berlandieri Planch.,MEX,19.43778,-103.95722,UCR-BPS-83816,FALSE,FALSE
inRound2NotPublication,Vitis berlandieri,gbifTaxonomy,GBIF,Vitis berlandieri Planch.,MEX,24.52722,-98.96167,cd597c2b-85ed-4f35-ba7f-467016e46e78,FALSE,FALSE
inRound2NotPublication,Vitis berlandieri,gbifTaxonomy,GBIF,Vitis berlandieri Planch.,MEX,25.25,-101.33333,641e4d28-eeb4-40ea-9384-d51194d0a6a7,FALSE,FALSE
inRound2NotPublication,Vitis berlandieri,gbifTaxonomy,GBIF,Vitis berlandieri Planch.,USA,29.567778,-98.767778,https://arctos.database.museum/guid/UTEP:Herb:76904,FALSE,FALSE
inRound2NotPublication,Vitis berlandieri,gbifTaxonomy,GBIF,Vitis berlandieri Planch.,USA,30.1673,-99.7583,http://n2t.net/ark:/65665/3a5d4e8a2-88a3-4bac-ad9c-f3a5a0585e9d,FALSE,FALSE
inRound2NotPublication,Vitis berlandieri,gbifTaxonomy,GBIF,Vitis berlandieri Planch.,USA,30.211,-98.2807,http://n2t.net/ark:/65665/3f1eedb1e-1ac3-4d15-9a38-b7a8aa94c185,FALSE,FALSE
inRound2NotPublication,Vitis berlandieri,gbifTaxonomy,GBIF,Vitis berlandieri Planch.,MEX,22.940953,-99.591522,77e6992e4c4fe77f0353a1553c10f088,FALSE,FALSE
inRound2NotPublication,Vitis berlandieri,gbifTaxonomy,GBIF,Vitis berlandieri Planch.,MEX,23.052072,-99.187489,f9566ef2d99b18a75e97782928cf292c,FALSE,FALSE
inRound2NotPublication,Vitis berlandieri,gbifTaxonomy,GBIF,Vitis berlandieri Planch.,MEX,25.25,-101.333333,cc762918bf25c1d9c94272da7436d56e,FALSE,FALSE
inRound2NotPublication,Vitis berlandieri,gbifTaxonomy,GBIF,Vitis berlandieri Planch.,MEX,30.7651,-115.9341,9173705626c37905dea1f2d10c710848,FALSE,FALSE
inRound2NotPublication,Vitis berlandieri,gbifTaxonomy,GBIF,Vitis berlandieri Planch.,USA,29.753704,-98.810576,c9d52937-d1b5-42dc-85d6-6d890afc0a17,FALSE,FALSE
inRound2NotPublication,Vitis berlandieri,gbifTaxonomy,GBIF,Vitis berlandieri Planch.,MEX,29.025,-102.125,c271a43c4c18c427fb2c268b1197c6be,FALSE,FALSE
inRound2NotPublication,Vitis berlandieri,gbifTaxonomy,GBIF,Vitis berlandieri Planch.,MEX,19.331472,-97.033811,3b5b0f247a9d5c357fd02626ec59f026,FALSE,FALSE
inRound2NotPublication,Vitis berlandieri,gbifTaxonomy,GBIF,Vitis berlandieri Planch.,MEX,23.061667,-99.205,399273d2fee179937986b19cff27216b,FALSE,FALSE
inRound2NotPublication,Vitis berlandieri,gbifTaxonomy,GBIF,Vitis berlandieri Planch.,MEX,19.974444,-96.794167,bf5c9d4ce0a3bfa91e3c777cd59ea269,FALSE,FALSE
inRound2NotPublication,Vitis berlandieri,gbifTaxonomy,GBIF,Vitis berlandieri Planch.,MEX,19.525556,-104.473333,21b862bc46e2cb6c6ffdd66dece8bcc5,FALSE,FALSE
inRound2NotPublication,Vitis berlandieri,gbifTaxonomy,GBIF,Vitis berlandieri Planch.,MEX,22.398333,-103.895278,ca409171994002cefc10b0ad5b3a5de7,FALSE,FALSE
inRound2NotPublication,Vitis berlandieri,gbifTaxonomy,GBIF,Vitis berlandieri Planch.,MEX,25.2,-101.333333,addbf19f990ac03449ddfff4c85b1b3c,FALSE,FALSE
inRound2NotPublication,Vitis berlandieri,gbifTaxonomy,GBIF,Vitis berlandieri Planch.,MEX,19.557222,-104.219444,84e14a018666cd5d26a7e3aa5d5e8040,FALSE,FALSE
inRound2NotPublication,Vitis berlandieri,gbifTaxonomy,GBIF,Vitis berlandieri Planch.,MEX,19.586944,-97.009167,8513691294cc61b1dff7a5e80df0cbff,FALSE,FALSE
inRound2NotPublication,Vitis berlandieri,gbifTaxonomy,GBIF,Vitis berlandieri Planch.,MEX,19.798611,-97.245278,a913edc107dc9e87c396109b048a3822,FALSE,FALSE
inRound2NotPublication,Vitis berlandieri,gbifTaxonomy,GBIF,Vitis berlandieri Planch.,MEX,24.825278,-100.048056,7a06760aa87debdeda19f51a2cc5d57c,FALSE,FALSE
inRound2NotPublication,Vitis berlandieri,gbifTaxonomy,GBIF,Vitis berlandieri Planch.,MEX,23.083889,-99.184167,184bd44c860a85145a333be93ddbcec3,FALSE,FALSE
inRound2NotPublication,Vitis berlandieri,gbifTaxonomy,GBIF,Vitis berlandieri Planch.,MEX,19.922778,-103.024444,16bfba4adb4c85f4f099cb9154a175fa,FALSE,FALSE
inRound2NotPublication,Vitis berlandieri,gbifTaxonomy,GBIF,Vitis berlandieri Planch.,MEX,22.560278,-99.166389,f4e5e71e250243ee5ecaf6135dfc9070,FALSE,FALSE
inRound2NotPublication,Vitis berlandieri,gbifTaxonomy,GBIF,Vitis berlandieri Planch.,MEX,19.765833,-104.355833,956bdf16e9698ddcbc93815ce4b85499,FALSE,FALSE
inRound2NotPublication,Vitis berlandieri,gbifTaxonomy,GBIF,Vitis berlandieri Planch.,MEX,22.965556,-99.624722,3d1def66ac9608ebc00c38f8dbd165b1,FALSE,FALSE
inRound2NotPublication,Vitis berlandieri,gbifTaxonomy,GBIF,Vitis berlandieri Planch.,MEX,19.998889,-97.330833,390e6b4a0b02329821bd622292d22a6f,FALSE,FALSE
inRound2NotPublication,Vitis berlandieri,gbifTaxonomy,GBIF,Vitis berlandieri Planch.,MEX,21.9325,-99.993889,cbf3bbafdaef9fa3bc754b14dfbf655c,FALSE,FALSE
inRound2NotPublication,Vitis berlandieri,gbifTaxonomy,GBIF,Vitis berlandieri Planch.,MEX,19.798611,-97.245278,781c4faf85e8220d53d1a04155febab8,FALSE,FALSE
inRound2NotPublication,Vitis berlandieri,gbifTaxonomy,GBIF,Vitis berlandieri Planch.,MEX,21.153333,-99.461667,a20aafc233429aa0377b07e12eb5a289,FALSE,FALSE
inRound2NotPublication,Vitis berlandieri,gbifTaxonomy,GBIF,Vitis berlandieri Planch.,MEX,20.074167,-97.098333,87ab05ac3099f28be034e8101c542620,FALSE,FALSE
inRound2NotPublication,Vitis berlandieri,gbifTaxonomy,GBIF,Vitis berlandieri Planch.,MEX,25.554444,-102.459444,d96edbfdd9ffcd2723c37d7ed3b4dd39,FALSE,FALSE
inRound2NotPublication,Vitis berlandieri,gbifTaxonomy,GBIF,Vitis berlandieri Planch.,MEX,19.823056,-104.41805600000001,05c60f60ccafd08fccae19bfbf5af593,FALSE,FALSE
inRound2NotPublication,Vitis berlandieri,gbifTaxonomy,GBIF,Vitis berlandieri Planch.,MEX,19.871667,-105.333333,88ab16927d219be7d37449e0331b366e,FALSE,FALSE
inRound2NotPublication,Vitis berlandieri,gbifTaxonomy,GBIF,Vitis berlandieri Planch.,MEX,19.418333,-103.351667,4844868aacf02248a716620ef1d51257,FALSE,FALSE
inRound2NotPublication,Vitis berlandieri,gbifTaxonomy,GBIF,Vitis berlandieri Planch.,MEX,19.678333,-104.325,c11313e5e50521999e5f0fe3b8cc6e73,FALSE,FALSE
inRound2NotPublication,Vitis berlandieri,gbifTaxonomy,GBIF,Vitis berlandieri Planch.,MEX,20.2,-104.741667,3809db047aecfd318edbdcff21e5a0ac,FALSE,FALSE
inRound2NotPublication,Vitis berlandieri,gbifTaxonomy,GBIF,Vitis berlandieri Planch.,MEX,18.254051,-95.936907,75df47050d579c5a7cf17a3024dcc315,FALSE,FALSE
inRound2NotPublication,Vitis berlandieri,gbifTaxonomy,GBIF,Vitis berlandieri Planch.,MEX,19.55,-96.966667,a7ec21f64d9aefd99e6c992037203822,FALSE,FALSE
inRound2NotPublication,Vitis berlandieri,gbifTaxonomy,GBIF,Vitis berlandieri Planch.,MEX,18.254051,-95.936907,f95beaaaf19a310a2fff51fdd2ff141d,FALSE,FALSE
inRound2NotPublication,Vitis berlandieri,gbifTaxonomy,GBIF,Vitis berlandieri Planch.,MEX,19.408333,-101.658333,3097515e34db0d86b8de7f293b0650e4,FALSE,FALSE
inRound2NotPublication,Vitis berlandieri,gbifTaxonomy,GBIF,Vitis berlandieri Planch.,MEX,23.995833,-105.483611,051d705661e8663ce89c7259d66a05b4,FALSE,FALSE
inRound2NotPublication,Vitis berlandieri,gbifTaxonomy,GBIF,Vitis berlandieri Planch.,MEX,23.000472,-104.00042,3ffae3f335c9e248a95e2f8f525d7c65,FALSE,FALSE
inRound2NotPublication,Vitis berlandieri,gbifTaxonomy,GBIF,Vitis berlandieri Planch.,MEX,24.735833,-105.008611,571e8313e406a05ddbe0782049c5763c,FALSE,FALSE
inRound2NotPublication,Vitis berlandieri,gbifTaxonomy,GBIF,Vitis berlandieri Planch.,MEX,25.2,-101.333333,c61f307ea07e9ef3966d1d3d87085c83,FALSE,FALSE
inRound2NotPublication,Vitis berlandieri,gbifTaxonomy,GBIF,Vitis berlandieri Planch.,USA,29.565278,-98.764167,https://specieslink.net/guid/40/390058,FALSE,FALSE
inRound2NotPublication,Vitis berlandieri,gbifTaxonomy,GBIF,Vitis berlandieri Planch.,MEX,24.655194,-98.685889,ae4cb73d692ceaf54861caadf9b45144,FALSE,FALSE
inRound2NotPublication,Vitis berlandieri,gbifTaxonomy,GBIF,Vitis berlandieri Planch.,MEX,24.158333,-99.491667,ea13e169c04003822d6197fbb14fcc75,FALSE,FALSE
inRound2NotPublication,Vitis berlandieri,gbifTaxonomy,GBIF,Vitis berlandieri Planch.,USA,31.505149,-97.161539,76d2a7fd-72c7-4f06-beee-18482928f8a2,FALSE,FALSE
inRound2NotPublication,Vitis berlandieri,gbifTaxonomy,GBIF,Vitis berlandieri Planch.,USA,30.264543,-97.757519,d5be600e-b1ce-416e-b9aa-8e69a6df2c85,FALSE,FALSE
inRound2NotPublication,Vitis berlandieri,gbifTaxonomy,GBIF,Vitis berlandieri Planch.,USA,29.54759,-98.76534,592b599f-92e9-40ab-a7c1-6c4068d9bd47,FALSE,FALSE
inRound2NotPublication,Vitis berlandieri,gbifTaxonomy,GBIF,Vitis berlandieri Planch.,USA,31.51796,-97.17989,a16e9808-fb23-47c8-9759-b1f769545430,FALSE,FALSE
inRound2NotPublication,Vitis berlandieri,gbifTaxonomy,GBIF,Vitis berlandieri Planch.,USA,29.640681,-98.625978,https://www.inaturalist.org/observations/213133444,FALSE,FALSE
inRound2NotPublication,Vitis berlandieri,gbifTaxonomy,GBIF,Vitis berlandieri Planch.,USA,32.33139,-100.09889,G00493772,FALSE,FALSE
inRound2NotPublication,Vitis berlandieri,gbifTaxonomy,GBIF,Vitis berlandieri Planch.,USA,32.33139,-100.09889,G00493873,FALSE,FALSE
inRound2NotPublication,Vitis berlandieri,gbifTaxonomy,GBIF,Vitis berlandieri Planch.,USA,32.33139,-100.09889,G00493859,FALSE,FALSE
inRound2NotPublication,Vitis berlandieri,gbifTaxonomy,GBIF,Vitis berlandieri Planch.,USA,29.621883,-99.17382,https://www.inaturalist.org/observations/63190470,FALSE,FALSE
inRound2NotPublication,Vitis berlandieri,gbifTaxonomy,GBIF,Vitis berlandieri Planch.,MEX,19.608889,-104.271667,1249751ca0f9cac3dc24a3a119e78399,FALSE,FALSE
inRound2NotPublication,Vitis berlandieri,gbifTaxonomy,GBIF,Vitis berlandieri Planch.,MEX,16.702783,-91.9931,b61e56f071b31955d92ae08812297e8e,FALSE,FALSE
inRound2NotPublication,Vitis berlandieri,gbifTaxonomy,GBIF,Vitis berlandieri Planch.,MEX,19.888333,-97.388333,9b5438a84e2bc69464a8cb240658d97c,FALSE,FALSE
inRound2NotPublication,Vitis berlandieri,gbifTaxonomy,GBIF,Vitis berlandieri Planch.,USA,33.235667,-97.133254,9eb5fc5b-f827-4e93-885d-d133bbaa424d,FALSE,FALSE
inRound2NotPublication,Vitis berlandieri,gbifTaxonomy,GBIF,Vitis berlandieri Planch.,MEX,19.566667,-104.25,f689a8cce3e2f36c4172891ed2dc2e9e,FALSE,FALSE
inRound2NotPublication,Vitis berlandieri,gbifTaxonomy,GBIF,Vitis berlandieri Planch.,MEX,18.253333,-95.936667,2a120e5077e35b883755e7b4aed44c45,FALSE,FALSE
inRound2NotPublication,Vitis berlandieri,gbifTaxonomy,GBIF,Vitis berlandieri Planch.,MEX,25.2,-101.333333,8ce6ae9d-8bc2-4445-b176-ab99c6374b30,FALSE,FALSE
inRound2NotPublication,Vitis berlandieri,gbifTaxonomy,GBIF,Vitis berlandieri Planch.,MEX,19.331472,-97.033811,urn:catalog:FC-UNAM:FCME:NO DISPONIBLE:62d28a16a019a2f0ad17a7cfed2fc2dc,FALSE,FALSE
inRound2NotPublication,Vitis berlandieri,gbifTaxonomy,GBIF,Vitis berlandieri Planch.,MEX,19.744722,-104.41,urn:catalog:MO:Tropicos:2126087,FALSE,FALSE
inRound2NotPublication,Vitis berlandieri,gbifTaxonomy,GBIF,Vitis berlandieri Planch.,MEX,22.226594,-98.948581,5c41e0d04eeb9d8fe12e4bd21189ca03,FALSE,FALSE
inRound2NotPublication,Vitis berlandieri,gbifTaxonomy,GBIF,Vitis berlandieri Planch.,MEX,25.613333,-100.356111,bac6b556bfc4f05cf09774f00b8cc055,FALSE,FALSE
inRound2NotPublication,Vitis berlandieri,gbifTaxonomy,GBIF,Vitis berlandieri Planch.,MEX,25.338889000000002,-100.271389,6e4bad64b4b5b323df667655b7bff434,FALSE,FALSE
inRound2NotPublication,Vitis berlandieri,gbifTaxonomy,GBIF,Vitis berlandieri Planch.,MEX,25.191944,-100.130556,bf8bff8f409e6f3c61ad31967bcc7f4f,FALSE,FALSE
inRound2NotPublication,Vitis berlandieri,gbifTaxonomy,GBIF,Vitis berlandieri Planch.,MEX,23.372778,-104.300833,75b16e1a06ab107ffaf634951d9cb142,FALSE,FALSE
inRound2NotPublication,Vitis berlandieri,gbifTaxonomy,GBIF,Vitis berlandieri Planch.,MEX,24.658333,-98.691667,7eb0284f53d7e211f47f1e900c2fc0bf,FALSE,FALSE
inRound2NotPublication,Vitis berlandieri,gbifTaxonomy,GBIF,Vitis berlandieri Planch.,MEX,24.658333,-98.691667,dd1e39b68e730b26f04315cf5c572d96,FALSE,FALSE
inRound2NotPublication,Vitis berlandieri,gbifTaxonomy,GBIF,Vitis berlandieri Planch.,MEX,24.558333,-98.908333,3c9d3144f595dcaba2ea8c8147976895,FALSE,FALSE
inRound2NotPublication,Vitis berlandieri,gbifTaxonomy,GBIF,Vitis berlandieri Planch.,MEX,24.525,-98.958333,9686317af6ce0305ffa0bbd163c53e80,FALSE,FALSE
inRound2NotPublication,Vitis berlandieri,gbifTaxonomy,GBIF,Vitis berlandieri Planch.,MEX,24.525,-98.958333,e86e3fb11400748040ccd6b20dd168d8,FALSE,FALSE
inRound2NotPublication,Vitis berlandieri,gbifTaxonomy,GBIF,Vitis berlandieri Planch.,MEX,NA,NA,de16852b-e546-49b1-953e-0f7993f669f2,FALSE,FALSE
inRound2NotPublication,Vitis berlandieri,gbifTaxonomy,GBIF,Vitis berlandieri Planch.,NA,NA,NA,https://data.biodiversitydata.nl/naturalis/specimen/L.2338956,FALSE,FALSE
inRound2NotPublication,Vitis berlandieri,gbifTaxonomy,GBIF,Vitis berlandieri Planch.,MEX,NA,NA,https://data.biodiversitydata.nl/naturalis/specimen/L.2338954,FALSE,FALSE
inRound2NotPublication,Vitis berlandieri,gbifTaxonomy,GBIF,Vitis berlandieri Planch.,USA,NA,NA,https://data.biodiversitydata.nl/naturalis/specimen/L.2338955,FALSE,FALSE
inRound2NotPublication,Vitis berlandieri,gbifTaxonomy,GBIF,Vitis berlandieri Planch.,NA,NA,NA,https://data.biodiversitydata.nl/naturalis/specimen/L.2338957,FALSE,FALSE
inRound2NotPublication,Vitis berlandieri,gbifTaxonomy,GBIF,Vitis berlandieri Planch.,MEX,NA,NA,f6364bd1ccc4f2dfda5903004dba8852,FALSE,FALSE
inRound2NotPublication,Vitis berlandieri,gbifTaxonomy,GBIF,Vitis berlandieri Planch.,NA,NA,NA,2C100A82166541A09DF9BC66CD412664,FALSE,FALSE
inRound2NotPublication,Vitis berlandieri,gbifTaxonomy,GBIF,Vitis berlandieri Planch.,NA,NA,NA,B57D57F87AD048F6BD088091C448A282,FALSE,FALSE
inRound2NotPublication,Vitis berlandieri,gbifTaxonomy,GBIF,Vitis berlandieri Planch.,USA,NA,NA,3711d111-0902-4f63-a8e5-2d19f1205cd5,FALSE,FALSE
inRound2NotPublication,Vitis berlandieri,gbifTaxonomy,GBIF,Vitis berlandieri Planch.,USA,NA,NA,d4476ae3-93a9-4455-9b07-a5fa41497ee1,FALSE,FALSE
inRound2NotPublication,Vitis berlandieri,gbifTaxonomy,GBIF,Vitis berlandieri Planch.,MEX,NA,NA,05f56d6b-7c53-4a7d-b2ab-4f36209f6214,FALSE,FALSE
inRound2NotPublication,Vitis berlandieri,gbifTaxonomy,GBIF,Vitis berlandieri Planch.,USA,NA,NA,cbfd9a63-4f78-4257-8f2e-a14ad6753781,FALSE,FALSE
inRound2NotPublication,Vitis berlandieri,gbifTaxonomy,GBIF,Vitis berlandieri Planch.,USA,NA,NA,ac96e7ae-e809-4361-9006-45f1942e12ca,FALSE,FALSE
inRound2NotPublication,Vitis berlandieri,gbifTaxonomy,GBIF,Vitis berlandieri Planch.,USA,NA,NA,952c13fa-d5c4-4b6a-8df7-f8d647f57dde,FALSE,FALSE
inRound2NotPublication,Vitis berlandieri,gbifTaxonomy,GBIF,Vitis berlandieri Planch.,USA,NA,NA,a237e93b-ca6c-41ce-92ba-068b6cc38782,FALSE,FALSE
inRound2NotPublication,Vitis berlandieri,gbifTaxonomy,GBIF,Vitis berlandieri Planch.,USA,NA,NA,de721c6d-28e5-401b-b193-f4b951d5b1fa,FALSE,FALSE
inRound2NotPublication,Vitis berlandieri,gbifTaxonomy,GBIF,Vitis berlandieri Planch.,USA,NA,NA,f5a0ef31-e019-44de-aa39-ac9677a2b08a,FALSE,FALSE
inRound2NotPublication,Vitis berlandieri,gbifTaxonomy,GBIF,Vitis berlandieri Planch.,USA,NA,NA,fa5e7ff3-afb9-4a66-a727-e99df705336e,FALSE,FALSE
inRound2NotPublication,Vitis berlandieri,gbifTaxonomy,GBIF,Vitis berlandieri Planch.,USA,NA,NA,85d21d13-eea7-4b14-bd6d-8597c40e3eba,FALSE,FALSE
inRound2NotPublication,Vitis berlandieri,gbifTaxonomy,GBIF,Vitis berlandieri Planch.,USA,NA,NA,urn:catalog:MO:Tropicos:1397129,FALSE,FALSE
inRound2NotPublication,Vitis berlandieri,gbifTaxonomy,GBIF,Vitis berlandieri Planch.,MEX,NA,NA,urn:catalog:MO:Tropicos:1411033,FALSE,FALSE
inRound2NotPublication,Vitis berlandieri,gbifTaxonomy,GBIF,Vitis berlandieri Planch.,USA,NA,NA,urn:catalog:MO:Tropicos:1395339,FALSE,FALSE
inRound2NotPublication,Vitis berlandieri,gbifTaxonomy,GBIF,Vitis berlandieri Planch.,USA,NA,NA,urn:catalog:MO:Tropicos:1396563,FALSE,FALSE
inRound2NotPublication,Vitis berlandieri,gbifTaxonomy,GBIF,Vitis berlandieri Planch.,USA,NA,NA,urn:catalog:MO:Tropicos:1399455,FALSE,FALSE
inRound2NotPublication,Vitis berlandieri,gbifTaxonomy,GBIF,Vitis berlandieri Planch.,USA,NA,NA,urn:catalog:MO:Tropicos:1397109,FALSE,FALSE
inRound2NotPublication,Vitis berlandieri,gbifTaxonomy,GBIF,Vitis berlandieri Planch.,USA,NA,NA,urn:catalog:MO:Tropicos:1400127,FALSE,FALSE
inRound2NotPublication,Vitis berlandieri,gbifTaxonomy,GBIF,Vitis berlandieri Planch.,MEX,NA,NA,urn:catalog:MO:Tropicos:2125359,FALSE,FALSE
inRound2NotPublication,Vitis berlandieri,gbifTaxonomy,GBIF,Vitis berlandieri Planch.,MEX,NA,NA,urn:catalog:MO:Tropicos:1411036,FALSE,FALSE
inRound2NotPublication,Vitis berlandieri,gbifTaxonomy,GBIF,Vitis berlandieri Planch.,USA,NA,NA,urn:catalog:MO:Tropicos:1395338,FALSE,FALSE
inRound2NotPublication,Vitis berlandieri,gbifTaxonomy,GBIF,Vitis berlandieri Planch.,MEX,NA,NA,urn:catalog:MO:Tropicos:102049839,FALSE,FALSE
inRound2NotPublication,Vitis berlandieri,gbifTaxonomy,GBIF,Vitis berlandieri Planch.,USA,NA,NA,urn:catalog:MO:Tropicos:1395397,FALSE,FALSE
inRound2NotPublication,Vitis berlandieri,gbifTaxonomy,GBIF,Vitis berlandieri Planch.,MEX,NA,NA,urn:catalog:MO:Tropicos:1411075,FALSE,FALSE
inRound2NotPublication,Vitis berlandieri,gbifTaxonomy,GBIF,Vitis berlandieri Planch.,USA,NA,NA,urn:catalog:MO:Tropicos:1400113,FALSE,FALSE
inRound2NotPublication,Vitis berlandieri,gbifTaxonomy,GBIF,Vitis berlandieri Planch.,USA,NA,NA,urn:catalog:MO:Tropicos:1395778,FALSE,FALSE
inRound2NotPublication,Vitis berlandieri,gbifTaxonomy,GBIF,Vitis berlandieri Planch.,USA,NA,NA,urn:catalog:MO:Tropicos:1395789,FALSE,FALSE
inRound2NotPublication,Vitis berlandieri,gbifTaxonomy,GBIF,Vitis berlandieri Planch.,USA,NA,NA,urn:catalog:MO:Tropicos:1400187,FALSE,FALSE
inRound2NotPublication,Vitis berlandieri,gbifTaxonomy,GBIF,Vitis berlandieri Planch.,USA,NA,NA,urn:catalog:MO:Tropicos:1395409,FALSE,FALSE
inRound2NotPublication,Vitis berlandieri,gbifTaxonomy,GBIF,Vitis berlandieri Planch.,USA,NA,NA,urn:catalog:MO:Tropicos:1396534,FALSE,FALSE
inRound2NotPublication,Vitis berlandieri,gbifTaxonomy,GBIF,Vitis berlandieri Planch.,MEX,NA,NA,urn:catalog:MO:Tropicos:2124837,FALSE,FALSE
inRound2NotPublication,Vitis berlandieri,gbifTaxonomy,GBIF,Vitis berlandieri Planch.,USA,NA,NA,urn:catalog:MO:Tropicos:1397107,FALSE,FALSE
inRound2NotPublication,Vitis berlandieri,gbifTaxonomy,GBIF,Vitis berlandieri Planch.,USA,NA,NA,urn:catalog:MO:Tropicos:1395340,FALSE,FALSE
inRound2NotPublication,Vitis berlandieri,gbifTaxonomy,GBIF,Vitis berlandieri Planch.,MEX,NA,NA,urn:catalog:MO:Tropicos:2124970,FALSE,FALSE
inRound2NotPublication,Vitis berlandieri,gbifTaxonomy,GBIF,Vitis berlandieri Planch.,USA,NA,NA,urn:catalog:MO:Tropicos:1397110,FALSE,FALSE
inRound2NotPublication,Vitis berlandieri,gbifTaxonomy,GBIF,Vitis berlandieri Planch.,USA,NA,NA,urn:catalog:MO:Tropicos:1395332,FALSE,FALSE
inRound2NotPublication,Vitis berlandieri,gbifTaxonomy,GBIF,Vitis berlandieri Planch.,USA,NA,NA,urn:catalog:MO:Tropicos:1414135,FALSE,FALSE
inRound2NotPublication,Vitis berlandieri,gbifTaxonomy,GBIF,Vitis berlandieri Planch.,USA,NA,NA,urn:catalog:MO:Tropicos:1395330,FALSE,FALSE
inRound2NotPublication,Vitis berlandieri,gbifTaxonomy,GBIF,Vitis berlandieri Planch.,USA,NA,NA,urn:catalog:MO:Tropicos:1395411,FALSE,FALSE
inRound2NotPublication,Vitis berlandieri,gbifTaxonomy,GBIF,Vitis berlandieri Planch.,USA,NA,NA,urn:catalog:MO:Tropicos:1397130,FALSE,FALSE
inRound2NotPublication,Vitis berlandieri,gbifTaxonomy,GBIF,Vitis berlandieri Planch.,USA,NA,NA,urn:catalog:MO:Tropicos:1395334,FALSE,FALSE
inRound2NotPublication,Vitis berlandieri,gbifTaxonomy,GBIF,Vitis berlandieri Planch.,USA,NA,NA,urn:catalog:MO:Tropicos:1395050,FALSE,FALSE
inRound2NotPublication,Vitis berlandieri,gbifTaxonomy,GBIF,Vitis berlandieri Planch.,USA,NA,NA,urn:catalog:MO:Tropicos:1395344,FALSE,FALSE
inRound2NotPublication,Vitis berlandieri,gbifTaxonomy,GBIF,Vitis berlandieri Planch.,USA,NA,NA,urn:catalog:MO:Tropicos:1396532,FALSE,FALSE
inRound2NotPublication,Vitis berlandieri,gbifTaxonomy,GBIF,Vitis berlandieri Planch.,USA,NA,NA,urn:catalog:MO:Tropicos:1397108,FALSE,FALSE
inRound2NotPublication,Vitis berlandieri,gbifTaxonomy,GBIF,Vitis berlandieri Planch.,USA,NA,NA,urn:catalog:MO:Tropicos:1397131,FALSE,FALSE
inRound2NotPublication,Vitis berlandieri,gbifTaxonomy,GBIF,Vitis berlandieri Planch.,USA,NA,NA,urn:catalog:MO:Tropicos:103498918,FALSE,FALSE
inRound2NotPublication,Vitis berlandieri,gbifTaxonomy,GBIF,Vitis berlandieri Planch.,USA,NA,NA,urn:catalog:MO:Tropicos:1396558,FALSE,FALSE
inRound2NotPublication,Vitis berlandieri,gbifTaxonomy,GBIF,Vitis berlandieri Planch.,MEX,NA,NA,e2e38b1110360bb5782f137c00653a9b,FALSE,FALSE
inRound2NotPublication,Vitis berlandieri,gbifTaxonomy,GBIF,Vitis berlandieri Planch.,MEX,NA,NA,c3dac421e7f8146101042c257567dec8,FALSE,FALSE
inRound2NotPublication,Vitis berlandieri,gbifTaxonomy,GBIF,Vitis berlandieri Planch.,MEX,NA,NA,d74eb33cfe57b1107b30d70825ea2ee2,FALSE,FALSE
inRound2NotPublication,Vitis berlandieri,gbifTaxonomy,GBIF,Vitis berlandieri Planch.,USA,NA,NA,3ff81c5ca8bdc8660fffb2e0ecdc8984,FALSE,FALSE
inRound2NotPublication,Vitis berlandieri,gbifTaxonomy,GBIF,Vitis berlandieri Planch.,MEX,NA,NA,62243fd829fc89ce91c1afa45ed63ce9,FALSE,FALSE
inRound2NotPublication,Vitis berlandieri,gbifTaxonomy,GBIF,Vitis berlandieri Planch.,MEX,NA,NA,69c8a2d820470b7ed0125d4cf94c80a0,FALSE,FALSE
inRound2NotPublication,Vitis berlandieri,gbifTaxonomy,GBIF,Vitis berlandieri Planch.,MEX,NA,NA,608b45fcdbd689f3cbbd06cc1d80dea3,FALSE,FALSE
inRound2NotPublication,Vitis berlandieri,gbifTaxonomy,GBIF,Vitis berlandieri Planch.,MEX,NA,NA,e75f31b52652f5864744be9f5dd86ad3,FALSE,FALSE
inRound2NotPublication,Vitis berlandieri,gbifTaxonomy,GBIF,Vitis berlandieri Planch.,MEX,NA,NA,d8d2a4763609663d61432fbfb20c92c9,FALSE,FALSE
inRound2NotPublication,Vitis berlandieri,gbifTaxonomy,GBIF,Vitis berlandieri Planch.,MEX,NA,NA,c75750e51cf68becd61c574ecc93b5ac,FALSE,FALSE
inRound2NotPublication,Vitis berlandieri,gbifTaxonomy,GBIF,Vitis berlandieri Planch.,MEX,NA,NA,2394ee26010c0be709bb7abc0245e5e2,FALSE,FALSE
inRound2NotPublication,Vitis berlandieri,gbifTaxonomy,GBIF,Vitis berlandieri Planch.,USA,NA,NA,169d7dda3bca475e6e6b24b3b3127676,FALSE,FALSE
inRound2NotPublication,Vitis berlandieri,gbifTaxonomy,GBIF,Vitis berlandieri Planch.,MEX,NA,NA,a1636b38e12aa8807b944b65aead4f7c,FALSE,FALSE
inRound2NotPublication,Vitis berlandieri,gbifTaxonomy,GBIF,Vitis berlandieri Planch.,MEX,NA,NA,e283428f08d2c410256fc5b173bfbb13,FALSE,FALSE
inRound2NotPublication,Vitis berlandieri,gbifTaxonomy,GBIF,Vitis berlandieri Planch.,MEX,NA,NA,9a696e2bdee99425192d8c9ba1883582,FALSE,FALSE
inRound2NotPublication,Vitis berlandieri,gbifTaxonomy,GBIF,Vitis berlandieri Planch.,MEX,NA,NA,f5e2b253e708121cb8ce5eb9bd7251ac,FALSE,FALSE
inRound2NotPublication,Vitis berlandieri,gbifTaxonomy,GBIF,Vitis berlandieri Planch.,MEX,NA,NA,8cf212802c30402ef62e7058ae3fa4b5,FALSE,FALSE
inRound2NotPublication,Vitis berlandieri,gbifTaxonomy,GBIF,Vitis berlandieri Planch.,MEX,NA,NA,2c90c141d3e20526ebe0e6c99e5273d7,FALSE,FALSE
inRound2NotPublication,Vitis berlandieri,gbifTaxonomy,GBIF,Vitis berlandieri Planch.,MEX,NA,NA,21a41f6b7f712f0828e7e9546feae44a,FALSE,FALSE
inRound2NotPublication,Vitis berlandieri,gbifTaxonomy,GBIF,Vitis berlandieri Planch.,MEX,NA,NA,9569cb058a0d1b7ba42b60604ac6945f,FALSE,FALSE
inRound2NotPublication,Vitis berlandieri,gbifTaxonomy,GBIF,Vitis berlandieri Planch.,MEX,NA,NA,510f4319b1197abebeaece449eac53f8,FALSE,FALSE
inRound2NotPublication,Vitis berlandieri,gbifTaxonomy,GBIF,Vitis berlandieri Planch.,MEX,NA,NA,c9ace850122fffe9d3918afd8658ab91,FALSE,FALSE
inRound2NotPublication,Vitis berlandieri,gbifTaxonomy,GBIF,Vitis berlandieri Planch.,MEX,NA,NA,5e09ddfe248ff6e9854e730dcb66b1ee,FALSE,FALSE
inRound2NotPublication,Vitis berlandieri,gbifTaxonomy,GBIF,Vitis berlandieri Planch.,MEX,NA,NA,http://n2t.net/ark:/65665/315a74c3f-faf9-4ab4-a52b-acd701fee8bb,FALSE,FALSE
inRound2NotPublication,Vitis berlandieri,gbifTaxonomy,GBIF,Vitis berlandieri Planch.,USA,NA,NA,http://n2t.net/ark:/65665/33da2ced5-a209-4dda-bd8e-00e7854bda31,FALSE,FALSE
inRound2NotPublication,Vitis berlandieri,gbifTaxonomy,GBIF,Vitis berlandieri Planch.,MEX,NA,NA,http://n2t.net/ark:/65665/3b6821d5c-dfec-4591-8a4b-1dc5d3630738,FALSE,FALSE
inRound2NotPublication,Vitis berlandieri,gbifTaxonomy,GBIF,Vitis berlandieri Planch.,USA,NA,NA,http://n2t.net/ark:/65665/389d524ba-13c2-46cb-b542-58f5172192d8,FALSE,FALSE
inRound2NotPublication,Vitis berlandieri,gbifTaxonomy,GBIF,Vitis berlandieri Planch.,MEX,NA,NA,http://n2t.net/ark:/65665/3871b82d4-e2ad-4c6c-9b69-8197cc274b7b,FALSE,FALSE
inRound2NotPublication,Vitis berlandieri,gbifTaxonomy,GBIF,Vitis berlandieri Planch.,USA,NA,NA,http://n2t.net/ark:/65665/3aec55e22-4929-466f-838b-ff17418e4af5,FALSE,FALSE
inRound2NotPublication,Vitis berlandieri,gbifTaxonomy,GBIF,Vitis berlandieri Planch.,USA,NA,NA,http://n2t.net/ark:/65665/371db90bf-03f2-4765-a63d-2b3c143774f0,FALSE,FALSE
inRound2NotPublication,Vitis berlandieri,gbifTaxonomy,GBIF,Vitis berlandieri Planch.,MEX,NA,NA,http://n2t.net/ark:/65665/33d4d7a9a-2a1e-4552-bb6d-be9c99789450,FALSE,FALSE
inRound2NotPublication,Vitis berlandieri,gbifTaxonomy,GBIF,Vitis berlandieri Planch.,MEX,NA,NA,http://n2t.net/ark:/65665/3050f1e8a-2410-40e6-b910-786653600fef,FALSE,FALSE
inRound2NotPublication,Vitis berlandieri,gbifTaxonomy,GBIF,Vitis berlandieri Planch.,USA,NA,NA,http://n2t.net/ark:/65665/3c2e8078e-adce-4c92-8423-3689dce80e4c,FALSE,FALSE
inRound2NotPublication,Vitis berlandieri,gbifTaxonomy,GBIF,Vitis berlandieri Planch.,MEX,NA,NA,http://n2t.net/ark:/65665/37ee1d1e4-aae2-4515-96d8-3fcf6da42769,FALSE,FALSE
inRound2NotPublication,Vitis berlandieri,gbifTaxonomy,GBIF,Vitis berlandieri Planch.,USA,NA,NA,http://n2t.net/ark:/65665/3e164ced5-e682-44cc-b3ba-f50962b9c484,FALSE,FALSE
inRound2NotPublication,Vitis berlandieri,gbifTaxonomy,GBIF,Vitis berlandieri Planch.,USA,NA,NA,http://n2t.net/ark:/65665/39019852d-871b-4551-907e-f6f7a0f0c6f2,FALSE,FALSE
inRound2NotPublication,Vitis berlandieri,gbifTaxonomy,GBIF,Vitis berlandieri Planch.,MEX,NA,NA,http://n2t.net/ark:/65665/34439930c-a09d-43bb-a367-7d2855a475aa,FALSE,FALSE
inRound2NotPublication,Vitis berlandieri,gbifTaxonomy,GBIF,Vitis berlandieri Planch.,USA,NA,NA,http://n2t.net/ark:/65665/32423f514-36d0-4cdb-bdc3-166cfefb2e33,FALSE,FALSE
inRound2NotPublication,Vitis berlandieri,gbifTaxonomy,GBIF,Vitis berlandieri Planch.,USA,NA,NA,http://n2t.net/ark:/65665/323d2ba95-7831-462b-8a13-dd2729e1a431,FALSE,FALSE
inRound2NotPublication,Vitis berlandieri,gbifTaxonomy,GBIF,Vitis berlandieri Planch.,USA,NA,NA,http://n2t.net/ark:/65665/3940901b7-cde1-4822-8e0e-4d97c8b2e09f,FALSE,FALSE
inRound2NotPublication,Vitis berlandieri,gbifTaxonomy,GBIF,Vitis berlandieri Planch.,USA,NA,NA,http://n2t.net/ark:/65665/3f48abb84-8f0a-40c4-9a32-13dc581d6f41,FALSE,FALSE
inRound2NotPublication,Vitis berlandieri,gbifTaxonomy,GBIF,Vitis berlandieri Planch.,MEX,NA,NA,http://n2t.net/ark:/65665/35f08a26d-e43b-426d-ad10-3e68446319a2,FALSE,FALSE
inRound2NotPublication,Vitis berlandieri,gbifTaxonomy,GBIF,Vitis berlandieri Planch.,USA,NA,NA,http://n2t.net/ark:/65665/3ceb433e7-a348-4d99-b2ec-637d071aea9e,FALSE,FALSE
inRound2NotPublication,Vitis berlandieri,gbifTaxonomy,GBIF,Vitis berlandieri Planch.,USA,NA,NA,http://n2t.net/ark:/65665/302bfb6e9-58d9-4bfd-94a3-4fd049fc0a82,FALSE,FALSE
inRound2NotPublication,Vitis berlandieri,gbifTaxonomy,GBIF,Vitis berlandieri Planch.,MEX,NA,NA,http://n2t.net/ark:/65665/3b9022e1c-7bc4-4687-b59f-7bccd85368d0,FALSE,FALSE
inRound2NotPublication,Vitis berlandieri,gbifTaxonomy,GBIF,Vitis berlandieri Planch.,USA,NA,NA,http://n2t.net/ark:/65665/3ccb99372-d80f-4468-ab00-d2dbebbbde67,FALSE,FALSE
inRound2NotPublication,Vitis berlandieri,gbifTaxonomy,GBIF,Vitis berlandieri Planch.,MEX,NA,NA,http://n2t.net/ark:/65665/3c3230e52-f81b-41f8-8aea-36a8177c06db,FALSE,FALSE
inRound2NotPublication,Vitis berlandieri,gbifTaxonomy,GBIF,Vitis berlandieri Planch.,USA,NA,NA,http://n2t.net/ark:/65665/3a86d03ec-26d1-48aa-a1d9-72a56690912a,FALSE,FALSE
inRound2NotPublication,Vitis berlandieri,gbifTaxonomy,GBIF,Vitis berlandieri Planch.,MEX,NA,NA,http://n2t.net/ark:/65665/347a0bbfc-77bc-40b5-ae2b-629ebafe7008,FALSE,FALSE
inRound2NotPublication,Vitis berlandieri,gbifTaxonomy,GBIF,Vitis berlandieri Planch.,USA,NA,NA,http://n2t.net/ark:/65665/367930e1b-bfc9-4b52-ba7c-941e2ec437b9,FALSE,FALSE
inRound2NotPublication,Vitis berlandieri,gbifTaxonomy,GBIF,Vitis berlandieri Planch.,USA,NA,NA,http://n2t.net/ark:/65665/382f1aa18-0c30-4963-abde-b1024c879a22,FALSE,FALSE
inRound2NotPublication,Vitis berlandieri,gbifTaxonomy,GBIF,Vitis berlandieri Planch.,USA,NA,NA,http://n2t.net/ark:/65665/3628a26e8-93b8-4713-a425-91f44cec491b,FALSE,FALSE
inRound2NotPublication,Vitis berlandieri,gbifTaxonomy,GBIF,Vitis berlandieri Planch.,USA,NA,NA,http://n2t.net/ark:/65665/330f37b9c-67db-4ef6-9768-3689cb23e8c2,FALSE,FALSE
inRound2NotPublication,Vitis berlandieri,gbifTaxonomy,GBIF,Vitis berlandieri Planch.,USA,NA,NA,http://n2t.net/ark:/65665/3ec76fa0d-7879-455c-ad7d-b9e8496d5d34,FALSE,FALSE
inRound2NotPublication,Vitis berlandieri,gbifTaxonomy,GBIF,Vitis berlandieri Planch.,USA,NA,NA,http://n2t.net/ark:/65665/35c9eb18c-6cc3-4081-a522-8b7715138e10,FALSE,FALSE
inRound2NotPublication,Vitis berlandieri,gbifTaxonomy,GBIF,Vitis berlandieri Planch.,MEX,NA,NA,http://n2t.net/ark:/65665/3e954b34c-192b-4089-ade8-50c584f108fc,FALSE,FALSE
inRound2NotPublication,Vitis berlandieri,gbifTaxonomy,GBIF,Vitis berlandieri Planch.,USA,NA,NA,http://n2t.net/ark:/65665/3fc067664-8d81-4355-8183-6f82920346ed,FALSE,FALSE
inRound2NotPublication,Vitis berlandieri,gbifTaxonomy,GBIF,Vitis berlandieri Planch.,USA,NA,NA,http://n2t.net/ark:/65665/35776517f-6902-4a80-b57f-a3c921d86586,FALSE,FALSE
inRound2NotPublication,Vitis berlandieri,gbifTaxonomy,GBIF,Vitis berlandieri Planch.,USA,NA,NA,http://n2t.net/ark:/65665/3603d62e6-7297-4851-bf59-e99ae438fa6f,FALSE,FALSE
inRound2NotPublication,Vitis berlandieri,gbifTaxonomy,GBIF,Vitis berlandieri Planch.,MEX,NA,NA,UCJEPS:UC:UC1015881,FALSE,FALSE
inRound2NotPublication,Vitis berlandieri,gbifTaxonomy,GBIF,Vitis berlandieri Planch.,USA,NA,NA,UCJEPS:UC:UC109216,FALSE,FALSE
inRound2NotPublication,Vitis berlandieri,gbifTaxonomy,GBIF,Vitis berlandieri Planch.,MEX,NA,NA,UCJEPS:UC:UC1053351,FALSE,FALSE
inRound2NotPublication,Vitis berlandieri,gbifTaxonomy,GBIF,Vitis berlandieri Planch.,MEX,NA,NA,3f14674a-20fe-11e3-9e2e-000c29035824,FALSE,FALSE
inRound2NotPublication,Vitis berlandieri,gbifTaxonomy,GBIF,Vitis berlandieri Planch.,USA,NA,NA,http://n2t.net/ark:/65665/349b1f140-3a39-454e-ac17-6822553bb2ca,FALSE,FALSE
inRound2NotPublication,Vitis berlandieri,gbifTaxonomy,GBIF,Vitis berlandieri Planch.,USA,NA,NA,http://n2t.net/ark:/65665/353309965-8c94-41da-a29d-f49599a5adc3,FALSE,FALSE
inRound2NotPublication,Vitis berlandieri,gbifTaxonomy,GBIF,Vitis berlandieri Planch.,USA,NA,NA,http://n2t.net/ark:/65665/3bf9c4475-0b11-4746-8123-1864cb9a7385,FALSE,FALSE
inRound2NotPublication,Vitis berlandieri,gbifTaxonomy,GBIF,Vitis berlandieri Planch.,USA,NA,NA,http://n2t.net/ark:/65665/38c5d4694-24dc-4078-ba3c-9c9c966202ef,FALSE,FALSE
inRound2NotPublication,Vitis berlandieri,gbifTaxonomy,GBIF,Vitis berlandieri Planch.,USA,NA,NA,http://n2t.net/ark:/65665/31b2d7f3f-8728-4eeb-9e81-46693a1eefd1,FALSE,FALSE
inRound2NotPublication,Vitis berlandieri,gbifTaxonomy,GBIF,Vitis berlandieri Planch.,USA,NA,NA,http://n2t.net/ark:/65665/313094d32-cb41-4bdf-b3e1-7d3936f7135a,FALSE,FALSE
inRound2NotPublication,Vitis berlandieri,gbifTaxonomy,GBIF,Vitis berlandieri Planch.,USA,NA,NA,http://n2t.net/ark:/65665/3e068bca8-4c65-410d-8a56-3b23e388dba5,FALSE,FALSE
inRound2NotPublication,Vitis berlandieri,gbifTaxonomy,GBIF,Vitis berlandieri Planch.,USA,NA,NA,http://n2t.net/ark:/65665/31bd22335-d75b-45da-8d8c-8c1748d58a68,FALSE,FALSE
inRound2NotPublication,Vitis berlandieri,gbifTaxonomy,GBIF,Vitis berlandieri Planch.,USA,NA,NA,5f2f120c-e74c-4f07-aa2c-a82e82f5671a,FALSE,FALSE
inRound2NotPublication,Vitis berlandieri,gbifTaxonomy,GBIF,Vitis berlandieri Planch.,USA,NA,NA,4c24301e-82b4-4f71-900f-d5a4b8ace2a6,FALSE,FALSE
inRound2NotPublication,Vitis berlandieri,gbifTaxonomy,GBIF,Vitis berlandieri Planch.,USA,NA,NA,8015e183-7d1d-41fc-b71f-8b5ceadf54bf,FALSE,FALSE
inRound2NotPublication,Vitis berlandieri,gbifTaxonomy,GBIF,Vitis berlandieri Planch.,USA,NA,NA,386e818b-167c-4788-b22e-93acc18383ed,FALSE,FALSE
inRound2NotPublication,Vitis berlandieri,gbifTaxonomy,GBIF,Vitis berlandieri Planch.,USA,NA,NA,445ed5f1-50b5-45be-aee9-c2f53f82d488,FALSE,FALSE
inRound2NotPublication,Vitis berlandieri,gbifTaxonomy,GBIF,Vitis berlandieri Planch.,USA,NA,NA,3429fe35-48b2-4441-8ffc-a40d56ad8338,FALSE,FALSE
inRound2NotPublication,Vitis berlandieri,gbifTaxonomy,GBIF,Vitis berlandieri Planch.,USA,NA,NA,38ccf69a-61c5-4200-b133-9515684e3dba,FALSE,FALSE
inRound2NotPublication,Vitis berlandieri,gbifTaxonomy,GBIF,Vitis berlandieri Planch.,USA,NA,NA,72fe1049-edf0-4eb2-81cd-08e85c10c988,FALSE,FALSE
inRound2NotPublication,Vitis berlandieri,gbifTaxonomy,GBIF,Vitis berlandieri Planch.,USA,NA,NA,df76d68d-d234-4d0c-87e6-3385e0f0cf02,FALSE,FALSE
inRound2NotPublication,Vitis berlandieri,gbifTaxonomy,GBIF,Vitis berlandieri Planch.,USA,NA,NA,689acaf3-006d-41ce-9fb4-aed38fc6ac86,FALSE,FALSE
inRound2NotPublication,Vitis berlandieri,gbifTaxonomy,GBIF,Vitis berlandieri Planch.,USA,NA,NA,9eac1322-3690-4544-a650-e2197c04a7d6,FALSE,FALSE
inRound2NotPublication,Vitis berlandieri,gbifTaxonomy,GBIF,Vitis berlandieri Planch.,USA,NA,NA,f76a6412-787a-4b07-aeda-94c2df253d91,FALSE,FALSE
inRound2NotPublication,Vitis berlandieri,gbifTaxonomy,GBIF,Vitis berlandieri Planch.,USA,NA,NA,a4b75859-d32a-4e1d-b2f9-be2d9b6acdda,FALSE,FALSE
inRound2NotPublication,Vitis berlandieri,gbifTaxonomy,GBIF,Vitis berlandieri Planch.,USA,NA,NA,38da3e7b-3ebd-40d9-a0cf-fd438c1a7724,FALSE,FALSE
inRound2NotPublication,Vitis berlandieri,gbifTaxonomy,GBIF,Vitis berlandieri Planch.,USA,NA,NA,0902b68c-2509-4b37-a965-87633b4f6ef9,FALSE,FALSE
inRound2NotPublication,Vitis berlandieri,gbifTaxonomy,GBIF,Vitis berlandieri Planch.,USA,NA,NA,59218b5e-2d6f-41af-95fe-d36fab855d13,FALSE,FALSE
inRound2NotPublication,Vitis berlandieri,gbifTaxonomy,GBIF,Vitis berlandieri Planch.,USA,NA,NA,643fd01d-28d7-4de3-9bea-72aa3dd880dd,FALSE,FALSE
inRound2NotPublication,Vitis berlandieri,gbifTaxonomy,GBIF,Vitis berlandieri Planch.,USA,NA,NA,72c41f1a-ca43-4bc7-9634-fd77f9b43066,FALSE,FALSE
inRound2NotPublication,Vitis berlandieri,gbifTaxonomy,GBIF,Vitis berlandieri Planch.,USA,NA,NA,7c82602a-d111-4147-8b10-987794b0f65d,FALSE,FALSE
inRound2NotPublication,Vitis berlandieri,gbifTaxonomy,GBIF,Vitis berlandieri Planch.,MEX,NA,NA,65326117-ba50-42d9-81e4-4a87656e9735,FALSE,FALSE
inRound2NotPublication,Vitis berlandieri,gbifTaxonomy,GBIF,Vitis berlandieri Planch.,USA,NA,NA,b2df208f-0585-4a87-bed0-c30e26678aca,FALSE,FALSE
inRound2NotPublication,Vitis berlandieri,gbifTaxonomy,GBIF,Vitis berlandieri Planch.,USA,NA,NA,6b405eda-15a4-40c0-a745-bc26b99d627e,FALSE,FALSE
inRound2NotPublication,Vitis berlandieri,gbifTaxonomy,GBIF,Vitis berlandieri Planch.,USA,NA,NA,a444636f-27b7-4306-8d91-4c2016f0ec66,FALSE,FALSE
inRound2NotPublication,Vitis berlandieri,gbifTaxonomy,GBIF,Vitis berlandieri Planch.,USA,NA,NA,2c623c7b-d424-496f-84bd-e5ba564528b1,FALSE,FALSE
inRound2NotPublication,Vitis berlandieri,gbifTaxonomy,GBIF,Vitis berlandieri Planch.,USA,NA,NA,10208a56-ad3d-4592-bb50-aa3ef94068e5,FALSE,FALSE
inRound2NotPublication,Vitis berlandieri,gbifTaxonomy,GBIF,Vitis berlandieri Planch.,USA,NA,NA,ca5d85cb-cb23-452e-a752-b4fe1416c84f,FALSE,FALSE
inRound2NotPublication,Vitis berlandieri,gbifTaxonomy,GBIF,Vitis berlandieri Planch.,USA,NA,NA,327cca00-db02-40fc-8430-4583fc5ff2d4,FALSE,FALSE
inRound2NotPublication,Vitis berlandieri,gbifTaxonomy,GBIF,Vitis berlandieri Planch.,USA,NA,NA,222803d5-5b89-42a6-914d-c6e19e834d9a,FALSE,FALSE
inRound2NotPublication,Vitis berlandieri,gbifTaxonomy,GBIF,Vitis berlandieri Planch.,USA,NA,NA,dc0d18a0-70e7-42a4-9222-c152acd014d1,FALSE,FALSE
inRound2NotPublication,Vitis berlandieri,gbifTaxonomy,GBIF,Vitis berlandieri Planch.,USA,NA,NA,16476421-a6ff-40f4-895c-59c45c9b4bef,FALSE,FALSE
inRound2NotPublication,Vitis berlandieri,gbifTaxonomy,GBIF,Vitis berlandieri Planch.,USA,NA,NA,e3b4632e-0d53-4fa8-89ce-7778010f45ee,FALSE,FALSE
inRound2NotPublication,Vitis berlandieri,gbifTaxonomy,GBIF,Vitis berlandieri Planch.,USA,NA,NA,a4dd9cb3-3a07-454d-b34f-90d41393af60,FALSE,FALSE
inRound2NotPublication,Vitis berlandieri,gbifTaxonomy,GBIF,Vitis berlandieri Planch.,USA,NA,NA,66c28d1d-02ca-4b99-bcb5-026383fee451,FALSE,FALSE
inRound2NotPublication,Vitis berlandieri,gbifTaxonomy,GBIF,Vitis berlandieri Planch.,USA,NA,NA,99f57e47-6fed-447e-87b6-f7103948d648,FALSE,FALSE
inRound2NotPublication,Vitis berlandieri,gbifTaxonomy,GBIF,Vitis berlandieri Planch.,USA,NA,NA,5b98433d-e632-4f65-bc41-40c29bacc6c6,FALSE,FALSE
inRound2NotPublication,Vitis berlandieri,gbifTaxonomy,GBIF,Vitis berlandieri Planch.,USA,NA,NA,f4b07ca9-dac0-4d64-9d35-b0ed22552497,FALSE,FALSE
inRound2NotPublication,Vitis berlandieri,gbifTaxonomy,GBIF,Vitis berlandieri Planch.,USA,NA,NA,a3770c96-98c1-42bb-88b3-149b415b4fb3,FALSE,FALSE
inRound2NotPublication,Vitis berlandieri,gbifTaxonomy,GBIF,Vitis berlandieri Planch.,MEX,NA,NA,a8485076-a9f1-4367-81bf-42d3f27c026e,FALSE,FALSE
inRound2NotPublication,Vitis berlandieri,gbifTaxonomy,GBIF,Vitis berlandieri Planch.,MEX,NA,NA,a8539c4e-57af-4a12-a06f-390c2aff8f52,FALSE,FALSE
inRound2NotPublication,Vitis berlandieri,gbifTaxonomy,GBIF,Vitis berlandieri Planch.,USA,NA,NA,3ddcc610-7fca-450f-b45c-fc640dbaf177,FALSE,FALSE
inRound2NotPublication,Vitis berlandieri,gbifTaxonomy,GBIF,Vitis berlandieri Planch.,USA,NA,NA,882b56a4-339e-4be7-bf6a-52fe05db5486,FALSE,FALSE
inRound2NotPublication,Vitis berlandieri,gbifTaxonomy,GBIF,Vitis berlandieri Planch.,USA,NA,NA,07e2eaa2-9a05-4fad-9a94-c2c95aa51e3c,FALSE,FALSE
inRound2NotPublication,Vitis berlandieri,gbifTaxonomy,GBIF,Vitis berlandieri Planch.,USA,NA,NA,a7e56dfa-6af7-4a24-819a-ac17c14f8d59,FALSE,FALSE
inRound2NotPublication,Vitis berlandieri,gbifTaxonomy,GBIF,Vitis berlandieri Planch.,USA,NA,NA,d172f760-8d8c-460c-bd96-0e7057ac0830,FALSE,FALSE
inRound2NotPublication,Vitis berlandieri,gbifTaxonomy,GBIF,Vitis berlandieri Planch.,USA,NA,NA,28669532-67e3-4304-8520-e5e64d76b920,FALSE,FALSE
inRound2NotPublication,Vitis berlandieri,gbifTaxonomy,GBIF,Vitis berlandieri Planch.,USA,NA,NA,5192080c-4552-4821-8f90-027827415c95,FALSE,FALSE
inRound2NotPublication,Vitis berlandieri,gbifTaxonomy,GBIF,Vitis berlandieri Planch.,USA,NA,NA,3493d55b-154a-480b-91ee-d6ae3ab897ff,FALSE,FALSE
inRound2NotPublication,Vitis berlandieri,gbifTaxonomy,GBIF,Vitis berlandieri Planch.,USA,NA,NA,a29a7886-f2e1-4daf-a6f1-5672528a1646,FALSE,FALSE
inRound2NotPublication,Vitis berlandieri,gbifTaxonomy,GBIF,Vitis berlandieri Planch.,USA,NA,NA,2b33dc03-654a-4803-968a-1ecd2420e645,FALSE,FALSE
inRound2NotPublication,Vitis berlandieri,gbifTaxonomy,GBIF,Vitis berlandieri Planch.,USA,NA,NA,b81fc6aa-2779-49c3-b74b-fc3050012cfd,FALSE,FALSE
inRound2NotPublication,Vitis berlandieri,gbifTaxonomy,GBIF,Vitis berlandieri Planch.,USA,NA,NA,19b6781c-cd67-4350-b731-ab75e3a97881,FALSE,FALSE
inRound2NotPublication,Vitis berlandieri,gbifTaxonomy,GBIF,Vitis berlandieri Planch.,MEX,NA,NA,51e64b7734f4102223e876a31c1b9814,FALSE,FALSE
inRound2NotPublication,Vitis berlandieri,gbifTaxonomy,GBIF,Vitis berlandieri Planch.,MEX,NA,NA,9d361f574ca03259c627d2760866cd2d,FALSE,FALSE
inRound2NotPublication,Vitis berlandieri,gbifTaxonomy,GBIF,Vitis berlandieri Planch.,USA,NA,NA,http://www.botanicalcollections.be/specimen/BR0000034964163,FALSE,FALSE
inRound2NotPublication,Vitis berlandieri,gbifTaxonomy,GBIF,Vitis berlandieri Planch.,NA,NA,NA,https://data.rbge.org.uk/herb/E01448864,FALSE,FALSE
inRound2NotPublication,Vitis berlandieri,gbifTaxonomy,GBIF,Vitis berlandieri Planch.,USA,NA,NA,ef9ced0d-09c8-458d-93a0-280edd575b6f,FALSE,FALSE
inRound2NotPublication,Vitis berlandieri,gbifTaxonomy,GBIF,Vitis berlandieri Planch.,NA,NA,NA,http://coldb.mnhn.fr/catalognumber/um/mpu/mpu1213381,FALSE,FALSE
inRound2NotPublication,Vitis berlandieri,gbifTaxonomy,GBIF,Vitis berlandieri Planch.,NA,NA,NA,http://coldb.mnhn.fr/catalognumber/um/mpu/mpu700003,FALSE,FALSE
inRound2NotPublication,Vitis berlandieri,gbifTaxonomy,GBIF,Vitis berlandieri Planch.,NA,NA,NA,http://coldb.mnhn.fr/catalognumber/um/mpu/mpu700000,FALSE,FALSE
inRound2NotPublication,Vitis berlandieri,gbifTaxonomy,GBIF,Vitis berlandieri Planch.,NA,NA,NA,http://coldb.mnhn.fr/catalognumber/um/mpu/mpu700002,FALSE,FALSE
inRound2NotPublication,Vitis berlandieri,gbifTaxonomy,GBIF,Vitis berlandieri Planch.,NA,NA,NA,http://coldb.mnhn.fr/catalognumber/um/mpu/mpu700001,FALSE,FALSE
inRound2NotPublication,Vitis berlandieri,gbifTaxonomy,GBIF,Vitis berlandieri Planch.,NA,NA,NA,http://coldb.mnhn.fr/catalognumber/um/mpu/mpu700017,FALSE,FALSE
inRound2NotPublication,Vitis berlandieri,gbifTaxonomy,GBIF,Vitis berlandieri Planch.,NA,NA,NA,http://coldb.mnhn.fr/catalognumber/um/mpu/mpu805734,FALSE,FALSE
inRound2NotPublication,Vitis berlandieri,gbifTaxonomy,GBIF,Vitis berlandieri Planch.,USA,NA,NA,http://coldb.mnhn.fr/catalognumber/um/mpu/mpu018270,FALSE,FALSE
inRound2NotPublication,Vitis berlandieri,gbifTaxonomy,GBIF,Vitis berlandieri Planch.,NA,NA,NA,http://coldb.mnhn.fr/catalognumber/um/mpu/mpu1213378,FALSE,FALSE
inRound2NotPublication,Vitis berlandieri,gbifTaxonomy,GBIF,Vitis berlandieri Planch.,MEX,NA,NA,http://specimens.kew.org/herbarium/K004491100,FALSE,FALSE
inRound2NotPublication,Vitis berlandieri,gbifTaxonomy,GBIF,Vitis berlandieri Planch.,USA,NA,NA,http://specimens.kew.org/herbarium/K004490896,FALSE,FALSE
inRound2NotPublication,Vitis berlandieri,gbifTaxonomy,GBIF,Vitis berlandieri Planch.,USA,NA,NA,http://specimens.kew.org/herbarium/K004490892,FALSE,FALSE
inRound2NotPublication,Vitis berlandieri,gbifTaxonomy,GBIF,Vitis berlandieri Planch.,NA,NA,NA,http://specimens.kew.org/herbarium/K004491240,FALSE,FALSE
inRound2NotPublication,Vitis berlandieri,gbifTaxonomy,GBIF,Vitis berlandieri Planch.,NA,NA,NA,http://specimens.kew.org/herbarium/K004490900,FALSE,FALSE
inRound2NotPublication,Vitis berlandieri,gbifTaxonomy,GBIF,Vitis berlandieri Planch.,USA,NA,NA,http://specimens.kew.org/herbarium/K004490899,FALSE,FALSE
inRound2NotPublication,Vitis berlandieri,gbifTaxonomy,GBIF,Vitis berlandieri Planch.,USA,NA,NA,http://specimens.kew.org/herbarium/K004490893,FALSE,FALSE
inRound2NotPublication,Vitis berlandieri,gbifTaxonomy,GBIF,Vitis berlandieri Planch.,MEX,NA,NA,1bdfcb88-f50c-49f0-975a-6452333264ef,FALSE,FALSE
inRound2NotPublication,Vitis berlandieri,gbifTaxonomy,GBIF,Vitis berlandieri Planch.,MEX,NA,NA,be515629-e933-4505-a89f-019b5fc6fada,FALSE,FALSE
inRound2NotPublication,Vitis berlandieri,gbifTaxonomy,GBIF,Vitis berlandieri Planch.,NA,NA,NA,http://coldb.mnhn.fr/catalognumber/um/mpu/mpu118418,FALSE,FALSE
inRound2NotPublication,Vitis berlandieri,gbifTaxonomy,GBIF,Vitis berlandieri Planch.,USA,NA,NA,http://coldb.mnhn.fr/catalognumber/um/mpu/mpu018268,FALSE,FALSE
inRound2NotPublication,Vitis berlandieri,gbifTaxonomy,GBIF,Vitis berlandieri Planch.,NA,NA,NA,http://coldb.mnhn.fr/catalognumber/um/mpu/mpu1213357,FALSE,FALSE
inRound2NotPublication,Vitis berlandieri,gbifTaxonomy,GBIF,Vitis berlandieri Planch.,NA,NA,NA,http://coldb.mnhn.fr/catalognumber/um/mpu/mpu1213380,FALSE,FALSE
inRound2NotPublication,Vitis berlandieri,gbifTaxonomy,GBIF,Vitis berlandieri Planch.,USA,NA,NA,http://specimens.kew.org/herbarium/K004490897,FALSE,FALSE
inRound2NotPublication,Vitis berlandieri,gbifTaxonomy,GBIF,Vitis berlandieri Planch.,USA,NA,NA,http://specimens.kew.org/herbarium/K004490895,FALSE,FALSE
inRound2NotPublication,Vitis berlandieri,gbifTaxonomy,GBIF,Vitis berlandieri Planch.,MEX,NA,NA,http://specimens.kew.org/herbarium/K004491101,FALSE,FALSE
inRound2NotPublication,Vitis berlandieri,gbifTaxonomy,GBIF,Vitis berlandieri Planch.,USA,NA,NA,http://specimens.kew.org/herbarium/K004490894,FALSE,FALSE
inRound2NotPublication,Vitis berlandieri,gbifTaxonomy,GBIF,Vitis berlandieri Planch.,NA,NA,NA,http://specimens.kew.org/herbarium/K004491241,FALSE,FALSE
inRound2NotPublication,Vitis berlandieri,gbifTaxonomy,GBIF,Vitis berlandieri Planch.,MEX,NA,NA,1e5e0197-c9b4-4971-b9bc-10d1c65b58d2,FALSE,FALSE
inRound2NotPublication,Vitis berlandieri,gbifTaxonomy,GBIF,Vitis berlandieri Planch.,NA,NA,NA,7a091bff-b45c-4b3e-946a-79c5223e2b7b,FALSE,FALSE
inRound2NotPublication,Vitis berlandieri,gbifTaxonomy,GBIF,Vitis berlandieri Planch.,USA,NA,NA,792745db-ceed-4e72-ab8a-b4ae7f8bcf87,FALSE,FALSE
inRound2NotPublication,Vitis berlandieri,gbifTaxonomy,GBIF,Vitis berlandieri Planch.,USA,NA,NA,1de421ef-5b7c-498c-bd3f-b787a40c2a66,FALSE,FALSE
inRound2NotPublication,Vitis berlandieri,gbifTaxonomy,GBIF,Vitis berlandieri Planch.,USA,NA,NA,84e2d882-8005-471f-8cc2-970ea8ec6d7a,FALSE,FALSE
inRound2NotPublication,Vitis berlandieri,gbifTaxonomy,GBIF,Vitis berlandieri Planch.,USA,NA,NA,adef31ec-d5fb-44c3-bdea-4b5f53ba6283,FALSE,FALSE
inRound2NotPublication,Vitis berlandieri,gbifTaxonomy,GBIF,Vitis berlandieri Planch.,USA,NA,NA,979e6beb-751b-4a7a-9e78-56171b4428ac,FALSE,FALSE
inRound2NotPublication,Vitis berlandieri,gbifTaxonomy,GBIF,Vitis berlandieri Planch.,USA,NA,NA,450369f8-144a-40a3-9566-4c538ea5a94c,FALSE,FALSE
inRound2NotPublication,Vitis berlandieri,gbifTaxonomy,GBIF,Vitis berlandieri Planch.,USA,NA,NA,ec14a24c-93d2-4fad-b056-cadb488242e7,FALSE,FALSE
inRound2NotPublication,Vitis berlandieri,gbifTaxonomy,GBIF,Vitis berlandieri Planch.,USA,NA,NA,39533f69-1466-431c-af53-7dac24143d6b,FALSE,FALSE
inRound2NotPublication,Vitis berlandieri,gbifTaxonomy,GBIF,Vitis berlandieri Planch.,USA,NA,NA,645a178a-73dc-4a07-8ca0-c88ecd383bba,FALSE,FALSE
inRound2NotPublication,Vitis berlandieri,gbifTaxonomy,GBIF,Vitis berlandieri Planch.,USA,NA,NA,27a3f1f3-449d-4478-9bb9-fdcf80c55a18,FALSE,FALSE
inRound2NotPublication,Vitis berlandieri,gbifTaxonomy,GBIF,Vitis berlandieri Planch.,USA,NA,NA,9da5b427-219b-466e-a393-08c8e86ecc5b,FALSE,FALSE
inRound2NotPublication,Vitis berlandieri,gbifTaxonomy,GBIF,Vitis berlandieri Planch.,USA,NA,NA,7e086f64-6a21-4453-a2a7-8f3c4fb8a5b2,FALSE,FALSE
inRound2NotPublication,Vitis berlandieri,gbifTaxonomy,GBIF,Vitis berlandieri Planch.,USA,NA,NA,c16507e8-2245-413a-a630-7099417762d8,FALSE,FALSE
inRound2NotPublication,Vitis berlandieri,gbifTaxonomy,GBIF,Vitis berlandieri Planch.,USA,NA,NA,f1e6eeaa-ab73-4938-be9a-bbfd5b7bdffe,FALSE,FALSE
inRound2NotPublication,Vitis berlandieri,gbifTaxonomy,GBIF,Vitis berlandieri Planch.,USA,NA,NA,b51e05dc-0913-412a-96a8-c0d900d8cc84,FALSE,FALSE
inRound2NotPublication,Vitis berlandieri,gbifTaxonomy,GBIF,Vitis berlandieri Planch.,USA,NA,NA,3115783b-26b0-438a-a53b-45c973732550,FALSE,FALSE
inRound2NotPublication,Vitis berlandieri,gbifTaxonomy,GBIF,Vitis berlandieri Planch.,USA,NA,NA,02e4a5ca-7ac6-415c-bc64-83f5daf34ac9,FALSE,FALSE
inRound2NotPublication,Vitis berlandieri,gbifTaxonomy,GBIF,Vitis berlandieri Planch.,USA,NA,NA,cb5b4957-0cc7-405b-9c9d-dc08109449c9,FALSE,FALSE
inRound2NotPublication,Vitis berlandieri,gbifTaxonomy,GBIF,Vitis berlandieri Planch.,USA,NA,NA,aa04a237-9ee7-4830-acd6-024d45a55227,FALSE,FALSE
inRound2NotPublication,Vitis berlandieri,gbifTaxonomy,GBIF,Vitis berlandieri Planch.,USA,NA,NA,bf331501-2e2a-4711-b3cc-f8564606e392,FALSE,FALSE
inRound2NotPublication,Vitis berlandieri,gbifTaxonomy,GBIF,Vitis berlandieri Planch.,USA,NA,NA,ca8d7887-50fb-4719-b6a4-86e0030ba163,FALSE,FALSE
inRound2NotPublication,Vitis berlandieri,gbifTaxonomy,GBIF,Vitis berlandieri Planch.,USA,NA,NA,e81ab084-da7a-471a-b8c6-24edf4728e5a,FALSE,FALSE
inRound2NotPublication,Vitis berlandieri,gbifTaxonomy,GBIF,Vitis berlandieri Planch.,USA,NA,NA,28da849b-01c2-4c5e-bb84-dd7dde0aef84,FALSE,FALSE
inRound2NotPublication,Vitis berlandieri,gbifTaxonomy,GBIF,Vitis berlandieri Planch.,USA,NA,NA,44aefedb-df9b-4f8e-8a09-301da56f8510,FALSE,FALSE
inRound2NotPublication,Vitis berlandieri,gbifTaxonomy,GBIF,Vitis berlandieri Planch.,USA,NA,NA,f67d8170-7d34-49ed-8892-b70f3feb1cfd,FALSE,FALSE
inRound2NotPublication,Vitis berlandieri,gbifTaxonomy,GBIF,Vitis berlandieri Planch.,USA,NA,NA,98d173bd-6394-4152-bf69-7d73658b604d,FALSE,FALSE
inRound2NotPublication,Vitis berlandieri,gbifTaxonomy,GBIF,Vitis berlandieri Planch.,USA,NA,NA,3f557a92-2d3e-4996-9405-1641075187d6,FALSE,FALSE
inRound2NotPublication,Vitis berlandieri,gbifTaxonomy,GBIF,Vitis berlandieri Planch.,USA,NA,NA,aa703592-c334-4ce9-8503-438210c8e45e,FALSE,FALSE
inRound2NotPublication,Vitis berlandieri,gbifTaxonomy,GBIF,Vitis berlandieri Planch.,MEX,NA,NA,b5b5a89f-7367-4a99-9483-5f5782351e95,FALSE,FALSE
inRound2NotPublication,Vitis berlandieri,gbifTaxonomy,GBIF,Vitis berlandieri Planch.,USA,NA,NA,e83e595d-022b-43ca-affc-b951cdb027be,FALSE,FALSE
inRound2NotPublication,Vitis berlandieri,gbifTaxonomy,GBIF,Vitis berlandieri Planch.,USA,NA,NA,f8ce1754-2d6c-45d1-8c73-09f905c0ac55,FALSE,FALSE
inRound2NotPublication,Vitis berlandieri,gbifTaxonomy,GBIF,Vitis berlandieri Planch.,USA,NA,NA,c00cdf69-21b1-4593-8828-488a0d4f788b,FALSE,FALSE
inRound2NotPublication,Vitis berlandieri,gbifTaxonomy,GBIF,Vitis berlandieri Planch.,USA,NA,NA,5cbc430b-3bb1-45c9-908b-98f0158adc0e,FALSE,FALSE
inRound2NotPublication,Vitis berlandieri,gbifTaxonomy,GBIF,Vitis berlandieri Planch.,USA,NA,NA,4a05d719-03f2-4ac9-b624-ff16e121bcf2,FALSE,FALSE
inRound2NotPublication,Vitis berlandieri,gbifTaxonomy,GBIF,Vitis berlandieri Planch.,MEX,NA,NA,56931834-84fc-463e-8f51-db4104c6a06b,FALSE,FALSE
inRound2NotPublication,Vitis berlandieri,gbifTaxonomy,GBIF,Vitis berlandieri Planch.,MEX,NA,NA,465a479c-7201-4b2a-9538-2cf7337c98a8,FALSE,FALSE
inRound2NotPublication,Vitis berlandieri,gbifTaxonomy,GBIF,Vitis berlandieri Planch.,MEX,NA,NA,92599fde-6d71-4c79-99be-dafb45aa4ca0,FALSE,FALSE
inRound2NotPublication,Vitis berlandieri,gbifTaxonomy,GBIF,Vitis berlandieri Planch.,MEX,NA,NA,urn:catalog:MO:Tropicos:2127703,FALSE,FALSE
inRound2NotPublication,Vitis berlandieri,gbifTaxonomy,GBIF,Vitis berlandieri Planch.,USA,NA,NA,adc20adc-f80c-48c4-941a-37b494273f49,FALSE,FALSE
inRound2NotPublication,Vitis berlandieri,gbifTaxonomy,GBIF,Vitis berlandieri Planch.,USA,NA,NA,dadc9b85-8eb0-4f8f-85c4-06355217a76f,FALSE,FALSE
inRound2NotPublication,Vitis berlandieri,gbifTaxonomy,GBIF,Vitis berlandieri Planch.,USA,NA,NA,6a899444-b1f9-422f-beef-f30fae053737,FALSE,FALSE
inRound2NotPublication,Vitis berlandieri,gbifTaxonomy,GBIF,Vitis berlandieri Planch.,USA,NA,NA,1692c51d-08d3-4767-a045-b87cf95263db,FALSE,FALSE
inRound2NotPublication,Vitis berlandieri,gbifTaxonomy,GBIF,Vitis berlandieri Planch.,USA,NA,NA,fe02dec6-3b08-4f5e-a1b0-e603d5d2f3d8,FALSE,FALSE
inRound2NotPublication,Vitis berlandieri,gbifTaxonomy,GBIF,Vitis berlandieri Planch.,USA,NA,NA,359d8fc0-3e61-429d-a2f9-9da7fde090a1,FALSE,FALSE
inRound2NotPublication,Vitis berlandieri,gbifTaxonomy,GBIF,Vitis berlandieri Planch.,USA,NA,NA,0b1bb2a3-c7c2-4ed6-99e0-d2ceae331b88,FALSE,FALSE
inRound2NotPublication,Vitis berlandieri,gbifTaxonomy,GBIF,Vitis berlandieri Planch.,USA,NA,NA,5196d5b6-d8bc-4db8-aaa4-e4025ec7049d,FALSE,FALSE
inRound2NotPublication,Vitis berlandieri,gbifTaxonomy,GBIF,Vitis berlandieri Planch.,USA,NA,NA,0eaccbb8-8b61-4787-bf72-f6ede0345c0e,FALSE,FALSE
inRound2NotPublication,Vitis berlandieri,gbifTaxonomy,GBIF,Vitis berlandieri Planch.,USA,NA,NA,0db6c846-5cfa-4326-a389-a87f73f677bb,FALSE,FALSE
inRound2NotPublication,Vitis berlandieri,gbifTaxonomy,GBIF,Vitis berlandieri Planch.,USA,NA,NA,a29603b9-20ae-409b-b219-8085d0dd417a,FALSE,FALSE
inRound2NotPublication,Vitis berlandieri,gbifTaxonomy,GBIF,Vitis berlandieri Planch.,USA,NA,NA,f62cb450-ce07-4cca-937c-f05fefa99504,FALSE,FALSE
inRound2NotPublication,Vitis berlandieri,gbifTaxonomy,GBIF,Vitis berlandieri Planch.,USA,NA,NA,1a396b10-b1e2-4cf2-8d68-78e8ccfb0981,FALSE,FALSE
inRound2NotPublication,Vitis berlandieri,gbifTaxonomy,GBIF,Vitis berlandieri Planch.,USA,NA,NA,3db8fc2a-61d3-4426-9e07-ab0522a5abb6,FALSE,FALSE
inRound2NotPublication,Vitis berlandieri,gbifTaxonomy,GBIF,Vitis berlandieri Planch.,USA,NA,NA,70a9bbb5-5b5a-4476-b3f3-43b72bf9dffa,FALSE,FALSE
inRound2NotPublication,Vitis berlandieri,gbifTaxonomy,GBIF,Vitis berlandieri Planch.,USA,NA,NA,f571927c-1922-4f3d-a55b-d222e73a6e29,FALSE,FALSE
inRound2NotPublication,Vitis berlandieri,gbifTaxonomy,GBIF,Vitis berlandieri Planch.,USA,NA,NA,eeeada98-434d-47c6-a64d-9d92adc4399f,FALSE,FALSE
inRound2NotPublication,Vitis berlandieri,gbifTaxonomy,GBIF,Vitis berlandieri Planch.,MEX,NA,NA,af34820a-a574-4678-bbca-ffe807ab0f76,FALSE,FALSE
inRound2NotPublication,Vitis berlandieri,gbifTaxonomy,GBIF,Vitis berlandieri Planch.,MEX,NA,NA,fef45e50-4b1e-4491-bca9-a2f03545142d,FALSE,FALSE
inRound2NotPublication,Vitis berlandieri,gbifTaxonomy,GBIF,Vitis berlandieri Planch.,MEX,NA,NA,http://n2t.net/ark:/65665/3c89d66c7-2f5e-4904-b22d-7733c0dcec31,FALSE,FALSE
inRound2NotPublication,Vitis berlandieri,gbifTaxonomy,GBIF,Vitis berlandieri Planch.,USA,NA,NA,9e737519-716d-4213-b288-76a2c676fc8c,FALSE,FALSE
inRound2NotPublication,Vitis berlandieri,gbifTaxonomy,GBIF,Vitis berlandieri Planch.,USA,NA,NA,ab3dadb8-c2c3-45e2-99b8-0220b5a8349d,FALSE,FALSE
inRound2NotPublication,Vitis berlandieri,gbifTaxonomy,GBIF,Vitis berlandieri Planch.,MEX,NA,NA,fc0b413decd1dd3e8140de3ec9810a9e,FALSE,FALSE
inRound2NotPublication,Vitis berlandieri,gbifTaxonomy,GBIF,Vitis berlandieri Planch.,NA,NA,NA,C6018E46AFAC4AA68FDBCC5376C8FEAC,FALSE,FALSE
inRound2NotPublication,Vitis berlandieri,gbifTaxonomy,GBIF,Vitis berlandieri Planch.,NA,NA,NA,70FEF53FDDFE444584CA30405CE04127,FALSE,FALSE
inRound2NotPublication,Vitis berlandieri,gbifTaxonomy,GBIF,Vitis berlandieri Planch.,USA,NA,NA,UCJEPS:UC:UC18634,FALSE,FALSE
inRound2NotPublication,Vitis berlandieri,gbifTaxonomy,GBIF,Vitis berlandieri Planch.,USA,NA,NA,461ad8f0-1f20-4c5f-b456-5ac7717cc43d,FALSE,FALSE
inRound2NotPublication,Vitis berlandieri,gbifTaxonomy,GBIF,Vitis berlandieri Planch.,USA,NA,NA,6a11a5f0-d426-4cf2-952a-0bfdfa4a72f3,FALSE,FALSE
inRound2NotPublication,Vitis berlandieri,gbifTaxonomy,GBIF,Vitis berlandieri Planch.,USA,NA,NA,5e3874c4-d2ed-4657-bdbd-47a6e706091c,FALSE,FALSE
inRound2NotPublication,Vitis berlandieri,gbifTaxonomy,GBIF,Vitis berlandieri Planch.,USA,NA,NA,628cb75e-8d6c-462e-82b5-735140d211ea,FALSE,FALSE
inRound2NotPublication,Vitis berlandieri,gbifTaxonomy,GBIF,Vitis berlandieri Planch.,USA,NA,NA,7d379249-2d73-41ed-b5a4-8b157028d595,FALSE,FALSE
inRound2NotPublication,Vitis berlandieri,gbifTaxonomy,GBIF,Vitis berlandieri Planch.,MEX,NA,NA,d953ee047c218f8e46904f1ff39bd7be,FALSE,FALSE
inRound2NotPublication,Vitis berlandieri,gbifTaxonomy,GBIF,Vitis berlandieri Planch.,MEX,NA,NA,1d19e5b15c53140693102012b9da4a2b,FALSE,FALSE
inRound2NotPublication,Vitis berlandieri,gbifTaxonomy,GBIF,Vitis berlandieri Planch.,MEX,NA,NA,26a9a3fb4c7a54fa27eb572c0f038507,FALSE,FALSE
inRound2NotPublication,Vitis berlandieri,gbifTaxonomy,GBIF,Vitis berlandieri Planch.,MEX,NA,NA,cf2e84ce6e9ae92c2d6aa9542af7124a,FALSE,FALSE
inRound2NotPublication,Vitis berlandieri,gbifTaxonomy,GBIF,Vitis berlandieri Planch.,MEX,NA,NA,aef059d6d6696790e670ec4d6eec9ad7,FALSE,FALSE
inRound2NotPublication,Vitis berlandieri,gbifTaxonomy,GBIF,Vitis berlandieri Planch.,MEX,NA,NA,73e4e6459cb8ef745da8431c15e2045d,FALSE,FALSE
inRound2NotPublication,Vitis berlandieri,gbifTaxonomy,GBIF,Vitis berlandieri Planch.,MEX,NA,NA,e380e9e7798a16fe7264e1355394d686,FALSE,FALSE
inRound2NotPublication,Vitis berlandieri,gbifTaxonomy,GBIF,Vitis berlandieri Planch.,MEX,NA,NA,b5f6f126fea958422e4cefbf90cdfb6d,FALSE,FALSE
inRound2NotPublication,Vitis berlandieri,gbifTaxonomy,GBIF,Vitis berlandieri Planch.,MEX,NA,NA,c2ad72ccbc843cb7e6cd5cbe8d474303,FALSE,FALSE
inRound2NotPublication,Vitis berlandieri,gbifTaxonomy,GBIF,Vitis berlandieri Planch.,MEX,NA,NA,ccfe8c6564a0c835257d2c16f7db0dda,FALSE,FALSE
inRound2NotPublication,Vitis berlandieri,gbifTaxonomy,GBIF,Vitis berlandieri Planch.,MEX,NA,NA,e446629162ef0f2d47d414c6f1616297,FALSE,FALSE
inRound2NotPublication,Vitis berlandieri,gbifTaxonomy,GBIF,Vitis berlandieri Planch.,USA,NA,NA,7ec2645d-fe5c-4936-af6d-069c0ffc71d0,FALSE,FALSE
inRound2NotPublication,Vitis berlandieri,gbifTaxonomy,GBIF,Vitis berlandieri Planch.,USA,NA,NA,525866d9-75ad-41e6-9981-1879f3417592,FALSE,FALSE
inRound2NotPublication,Vitis berlandieri,gbifTaxonomy,GBIF,Vitis berlandieri Planch.,USA,NA,NA,1ba496b7-d2b0-476d-81fd-588c0bcab858,FALSE,FALSE
inRound2NotPublication,Vitis berlandieri,gbifTaxonomy,GBIF,Vitis berlandieri Planch.,USA,NA,NA,0759e817-c5fe-46e0-bb89-7579dbb4348a,FALSE,FALSE
inRound2NotPublication,Vitis berlandieri,gbifTaxonomy,GBIF,Vitis berlandieri Planch.,NA,NA,NA,http://data.rbge.org.uk/living/19613870,FALSE,FALSE
inRound2NotPublication,Vitis berlandieri,gbifTaxonomy,GBIF,Vitis berlandieri Planch.,USA,NA,NA,8a9bad85-e8d5-45a1-802d-b85479d7c246,FALSE,FALSE
inRound2NotPublication,Vitis berlandieri,gbifTaxonomy,GBIF,Vitis berlandieri Planch.,MEX,NA,NA,e02d04cc0f0be3c2a5fcd783f36d3582,FALSE,FALSE
inRound2NotPublication,Vitis berlandieri,gbifTaxonomy,GBIF,Vitis berlandieri Planch.,USA,NA,NA,b5f856ff-42bb-400f-b791-44d4e8bd335e,FALSE,FALSE
inRound2NotPublication,Vitis berlandieri,gbifTaxonomy,GBIF,Vitis berlandieri Planch.,NA,NA,NA,8f0365d0-1063-4896-bcc5-c9ef51441833,FALSE,FALSE
inRound2NotPublication,Vitis berlandieri,gbifTaxonomy,GBIF,Vitis berlandieri Planch.,USA,NA,NA,http://coldb.mnhn.fr/catalognumber/um/mpu/mpu018269,FALSE,FALSE
inRound2NotPublication,Vitis berlandieri,gbifTaxonomy,GBIF,Vitis berlandieri Planch.,MEX,NA,NA,48a95baf-84bb-4c5b-97a4-02488b07ffd4,FALSE,FALSE
inRound2NotPublication,Vitis berlandieri,gbifTaxonomy,GBIF,Vitis berlandieri Planch.,USA,NA,NA,0e8450c2-44c5-4d52-a9b7-eaf22aece23f,FALSE,FALSE
inRound2NotPublication,Vitis berlandieri,gbifTaxonomy,GBIF,Vitis berlandieri Planch.,MEX,NA,NA,3248e081-6dcc-4d7a-9f01-b3230a1cee29,FALSE,FALSE
inRound2NotPublication,Vitis berlandieri,gbifTaxonomy,GBIF,Vitis berlandieri Planch.,USA,NA,NA,5b690a4a-0a74-477c-a916-c6d8c5802a4e,FALSE,FALSE
inRound2NotPublication,Vitis berlandieri,gbifTaxonomy,GBIF,Vitis berlandieri Planch.,MEX,NA,NA,aaec551d-2869-4a6f-b569-f08c6d3e5f58,FALSE,FALSE
inRound2NotPublication,Vitis berlandieri,gbifTaxonomy,GBIF,Vitis berlandieri Planch.,USA,NA,NA,eca679b0-b819-44f0-9fa6-7f17064f1885,FALSE,FALSE
inRound2NotPublication,Vitis berlandieri,gbifTaxonomy,GBIF,Vitis berlandieri Planch.,USA,NA,NA,f83d1965-8fcc-443b-acfa-08170d330cd6,FALSE,FALSE
inRound2NotPublication,Vitis berlandieri,gbifTaxonomy,GBIF,Vitis berlandieri Planch.,USA,NA,NA,http://specimens.kew.org/herbarium/K004490898,FALSE,FALSE
inRound2NotPublication,Vitis berlandieri,gbifTaxonomy,GBIF,Vitis berlandieri Planch.,USA,NA,NA,http://specimens.kew.org/herbarium/K004491239,FALSE,FALSE
inRound2NotPublication,Vitis berlandieri,gbifTaxonomy,GBIF,Vitis berlandieri Planch.,NA,NA,NA,urn:catalog:IMECBIO-UDG:ZEA:NO DISPONIBLE:ccbbc16bffd98bf2af1272a30b6ee744,FALSE,FALSE
inRound2NotPublication,Vitis berlandieri,gbifTaxonomy,GBIF,Vitis berlandieri Planch.,NA,NA,NA,urn:catalog:NO DISPONIBLE:NO DISPONIBLE:NO DISPONIBLE:fd676a6e6613411213c7ca417b2c0ab9,FALSE,FALSE
inRound2NotPublication,Vitis berlandieri,gbifTaxonomy,GBIF,Vitis berlandieri Planch.,NA,NA,NA,urn:catalog:NO DISPONIBLE:NO DISPONIBLE:NO DISPONIBLE:9aca374f5e1b255c3aa964932f305a77,FALSE,FALSE
inRound2NotPublication,Vitis berlandieri,gbifTaxonomy,GBIF,Vitis berlandieri Planch.,NA,NA,NA,8011Bdx6,FALSE,FALSE
inRound2NotPublication,Vitis berlandieri,gbifTaxonomy,GBIF,Vitis berlandieri Planch.,NA,NA,NA,8011Bdx8,FALSE,FALSE
inRound2NotPublication,Vitis berlandieri,gbifTaxonomy,GBIF,Vitis berlandieri Planch.,NA,NA,NA,8011Bdx9,FALSE,FALSE
inRound2NotPublication,Vitis berlandieri,gbifTaxonomy,GBIF,Vitis berlandieri Planch.,NA,NA,NA,8011Bdx2,FALSE,FALSE
inRound2NotPublication,Vitis berlandieri,gbifTaxonomy,GBIF,Vitis berlandieri Planch.,NA,NA,NA,8011Bdx3,FALSE,FALSE
inRound2NotPublication,Vitis berlandieri,gbifTaxonomy,GBIF,Vitis berlandieri Planch.,NA,NA,NA,8011Bdx5,FALSE,FALSE
inRound2NotPublication,Vitis berlandieri,gbifTaxonomy,GBIF,Vitis berlandieri Planch.,NA,NA,NA,8011Bdx1,FALSE,FALSE
inRound2NotPublication,Vitis berlandieri,gbifTaxonomy,GBIF,Vitis berlandieri Planch.,NA,NA,NA,8011Bdx4,FALSE,FALSE
inRound2NotPublication,Vitis berlandieri,gbifTaxonomy,GBIF,Vitis berlandieri Planch.,NA,NA,NA,8011Bdx7,FALSE,FALSE
inRound2NotPublication,Vitis berlandieri,gbifTaxonomy,GBIF,Vitis berlandieri Planch.,NA,NA,NA,8011Mtp18,FALSE,FALSE
inRound2NotPublication,Vitis berlandieri,gbifTaxonomy,GBIF,Vitis berlandieri Planch.,NA,NA,NA,8011Mtp19,FALSE,FALSE
inRound2NotPublication,Vitis berlandieri,gbifTaxonomy,GBIF,Vitis berlandieri Planch.,NA,NA,NA,8011Mtp21,FALSE,FALSE
inRound2NotPublication,Vitis berlandieri,gbifTaxonomy,GBIF,Vitis berlandieri Planch.,NA,NA,NA,8011Mtp28,FALSE,FALSE
inRound2NotPublication,Vitis berlandieri,gbifTaxonomy,GBIF,Vitis berlandieri Planch.,NA,NA,NA,0Bdx1091,FALSE,FALSE
inRound2NotPublication,Vitis berlandieri,gbifTaxonomy,GBIF,Vitis berlandieri Planch.,NA,NA,NA,0Bdx1075,FALSE,FALSE
inRound2NotPublication,Vitis berlandieri,gbifTaxonomy,GBIF,Vitis berlandieri Planch.,NA,NA,NA,0Bdx1072,FALSE,FALSE
inRound2NotPublication,Vitis berlandieri,gbifTaxonomy,GBIF,Vitis berlandieri Planch.,NA,NA,NA,0Bdx1074,FALSE,FALSE
inRound2NotPublication,Vitis berlandieri,gbifTaxonomy,GBIF,Vitis berlandieri Planch.,NA,NA,NA,0Bdx1073,FALSE,FALSE
inRound2NotPublication,Vitis berlandieri,gbifTaxonomy,GBIF,Vitis berlandieri Planch.,NA,NA,NA,0Bdx1076,FALSE,FALSE
inRound2NotPublication,Vitis berlandieri,gbifTaxonomy,GBIF,Vitis berlandieri Planch.,NA,NA,NA,0Bdx1077,FALSE,FALSE
inRound2NotPublication,Vitis berlandieri,gbifTaxonomy,GBIF,Vitis berlandieri Planch.,NA,NA,NA,0Bdx1080,FALSE,FALSE
inRound2NotPublication,Vitis berlandieri,gbifTaxonomy,GBIF,Vitis berlandieri Planch.,NA,NA,NA,0Bdx1069,FALSE,FALSE
inRound2NotPublication,Vitis berlandieri,gbifTaxonomy,GBIF,Vitis berlandieri Planch.,NA,NA,NA,0Bdx1068,FALSE,FALSE
inRound2NotPublication,Vitis berlandieri,gbifTaxonomy,GBIF,Vitis berlandieri Planch.,NA,NA,NA,0Bdx1070,FALSE,FALSE
inRound2NotPublication,Vitis berlandieri,gbifTaxonomy,GBIF,Vitis berlandieri Planch.,NA,NA,NA,0Bdx1071,FALSE,FALSE
inRound2NotPublication,Vitis berlandieri,gbifTaxonomy,GBIF,Vitis berlandieri Planch.,NA,NA,NA,0Bdx1043,FALSE,FALSE
inRound2NotPublication,Vitis berlandieri,gbifTaxonomy,GBIF,Vitis berlandieri Planch.,NA,NA,NA,0Bdx1015,FALSE,FALSE
inRound2NotPublication,Vitis berlandieri,gbifTaxonomy,GBIF,Vitis berlandieri Planch.,NA,NA,NA,0Bdx1006,FALSE,FALSE
inRound2NotPublication,Vitis berlandieri,gbifTaxonomy,GBIF,Vitis berlandieri Planch.,NA,NA,NA,0Bdx1009,FALSE,FALSE
inRound2NotPublication,Vitis berlandieri,gbifTaxonomy,GBIF,Vitis berlandieri Planch.,NA,NA,NA,0Bdx1008,FALSE,FALSE
inRound2NotPublication,Vitis berlandieri,gbifTaxonomy,GBIF,Vitis berlandieri Planch.,NA,NA,NA,0Bdx1007,FALSE,FALSE
inRound2NotPublication,Vitis berlandieri,gbifTaxonomy,GBIF,Vitis berlandieri Planch.,NA,NA,NA,0Bdx1011,FALSE,FALSE
inRound2NotPublication,Vitis berlandieri,gbifTaxonomy,GBIF,Vitis berlandieri Planch.,NA,NA,NA,0Bdx1010,FALSE,FALSE
inRound2NotPublication,Vitis berlandieri,gbifTaxonomy,GBIF,Vitis berlandieri Planch.,NA,NA,NA,0Bdx1013,FALSE,FALSE
inRound2NotPublication,Vitis berlandieri,gbifTaxonomy,GBIF,Vitis berlandieri Planch.,NA,NA,NA,0Bdx1012,FALSE,FALSE
inRound2NotPublication,Vitis berlandieri,gbifTaxonomy,GBIF,Vitis berlandieri Planch.,NA,NA,NA,0Bdx1014,FALSE,FALSE
inRound2NotPublication,Vitis berlandieri,gbifTaxonomy,GBIF,Vitis berlandieri Planch.,NA,NA,NA,8011Col10594,FALSE,FALSE
inRound2NotPublication,Vitis berlandieri,gbifTaxonomy,GBIF,Vitis berlandieri Planch.,NA,NA,NA,8011Col10099,FALSE,FALSE
inRound2NotPublication,Vitis berlandieri,gbifTaxonomy,GBIF,Vitis berlandieri Planch.,NA,NA,NA,8011Bdx10,FALSE,FALSE
inRound2NotPublication,Vitis berlandieri,gbifTaxonomy,GBIF,Vitis berlandieri Planch.,NA,NA,NA,0Bdx993,FALSE,FALSE
inRound2NotPublication,Vitis berlandieri,gbifTaxonomy,GBIF,Vitis berlandieri Planch.,NA,NA,NA,8011Col1,FALSE,FALSE
inRound2NotPublication,Vitis berlandieri,gbifTaxonomy,GBIF,Vitis berlandieri Planch.,NA,NA,NA,NA,FALSE,FALSE
inRound2NotPublication,Vitis berlandieri,gbifTaxonomy,GBIF,Vitis berlandieri Planch.,NA,NA,NA,NA,FALSE,FALSE
inRound2NotPublication,Vitis berlandieri,gbifTaxonomy,GBIF,Vitis berlandieri Planch.,NA,NA,NA,NA,FALSE,FALSE
inRound2NotPublication,Vitis lincecumii,gbifTaxonomy,GBIF,Vitis lincecumii Buckley,USA,35.91889,-92.32694,c0d2df56-b141-4a40-a02c-cfce950666f7,FALSE,FALSE
inRound2NotPublication,Vitis lincecumii,gbifTaxonomy,GBIF,Vitis lincecumii Buckley,USA,33.440646,-94.015029,e228735e-65c9-4c66-a39d-daf1b1634230,FALSE,FALSE
inRound2NotPublication,Vitis lincecumii,gbifTaxonomy,GBIF,Vitis lincecumii Buckley,USA,30.816515,-96.770455,098d4bf6-91f0-48d1-bd56-c61bb9b6396e,FALSE,FALSE
inRound2NotPublication,Vitis lincecumii,gbifTaxonomy,GBIF,Vitis lincecumii Buckley,USA,32.390413,-95.709524,3681ee67-e26a-4886-bcdf-bd41d6509d6c,FALSE,FALSE
inRound2NotPublication,Vitis lincecumii,gbifTaxonomy,GBIF,Vitis lincecumii Buckley,USA,30.79164,-96.905193,f45de9fa-7106-4c98-b014-e4e1005efd40,FALSE,FALSE
inRound2NotPublication,Vitis lincecumii,gbifTaxonomy,GBIF,Vitis lincecumii Buckley,USA,30.528611,-96.285278,cae7fc1463dec68d829f389d61c8a09e,FALSE,FALSE
inRound2NotPublication,Vitis lincecumii,gbifTaxonomy,GBIF,Vitis lincecumii Buckley,USA,31.209127,-96.125093,42d9dd53-c4bf-460f-bf70-b03c94b66aa6,FALSE,FALSE
inRound2NotPublication,Vitis lincecumii,gbifTaxonomy,GBIF,Vitis lincecumii Buckley,USA,37.277817,-95.217136,f249e7d6-bc9b-4174-a8ea-3a0a428e7a33,FALSE,FALSE
inRound2NotPublication,Vitis lincecumii,gbifTaxonomy,GBIF,Vitis linsecomii Buckley,USA,35.93674,-92.11738,http://coldb.mnhn.fr/catalognumber/mnhn/p/p06823878,FALSE,FALSE
inRound2NotPublication,Vitis lincecumii,gbifTaxonomy,GBIF,Vitis linsecomii Buckley,USA,32.77666,-96.79699,http://coldb.mnhn.fr/catalognumber/mnhn/p/p02343524,FALSE,FALSE
inRound2NotPublication,Vitis lincecumii,gbifTaxonomy,GBIF,Vitis linsecomii Buckley,USA,32.77666,-96.79699,http://coldb.mnhn.fr/catalognumber/mnhn/p/p02343523,FALSE,FALSE
inRound2NotPublication,Vitis lincecumii,gbifTaxonomy,GBIF,Vitis linsecomii Buckley,USA,37.08183,-94.65329,http://coldb.mnhn.fr/catalognumber/mnhn/p/p02343526,FALSE,FALSE
inRound2NotPublication,Vitis lincecumii,gbifTaxonomy,GBIF,Vitis linsecomii Buckley,USA,32.783056,-96.806667,c4392011-db41-4d9b-8f2c-d2afd0ff092c,FALSE,FALSE
inRound2NotPublication,Vitis lincecumii,gbifTaxonomy,GBIF,Vitis linsecomii Buckley,USA,29.36273,-100.896761,a72f8223-0e73-4130-8823-c6da2a89b1b5,FALSE,FALSE
inRound2NotPublication,Vitis lincecumii,gbifTaxonomy,GBIF,Vitis linsecomii Buckley,USA,30.647709,-96.228007,134fd99e-84a4-49d2-9018-07c52d41475b,FALSE,FALSE
inRound2NotPublication,Vitis lincecumii,gbifTaxonomy,GBIF,Vitis linsecomii Buckley,USA,36.181208,-94.52745,c6b8b356-6fe5-43df-b1e3-d9c053264010,FALSE,FALSE
inRound2NotPublication,Vitis lincecumii,gbifTaxonomy,GBIF,Vitis linsecomii Buckley,USA,32.108441,-94.273015,c6632b26-f424-4fe9-aa2d-83f8180dd487,FALSE,FALSE
inRound2NotPublication,Vitis lincecumii,gbifTaxonomy,GBIF,Vitis lincecumii Buckley,USA,NA,NA,5833a009-2687-437d-b4a1-941d5d68e7aa,FALSE,FALSE
inRound2NotPublication,Vitis lincecumii,gbifTaxonomy,GBIF,Vitis lincecumii Buckley,USA,NA,NA,f5860a69-bfdb-4c02-9568-58b7305282e5,FALSE,FALSE
inRound2NotPublication,Vitis lincecumii,gbifTaxonomy,GBIF,Vitis lincecumii Buckley,USA,NA,NA,0ada0b96-ecf3-49c2-aca2-83103f6d4473,FALSE,FALSE
inRound2NotPublication,Vitis lincecumii,gbifTaxonomy,GBIF,Vitis lincecumii Buckley,USA,NA,NA,5162c165-94f3-46df-8731-9355790c49d9,FALSE,FALSE
inRound2NotPublication,Vitis lincecumii,gbifTaxonomy,GBIF,Vitis lincecumii Buckley,USA,NA,NA,a972b42a-ccb9-4e9a-bc5d-7861756b48a5,FALSE,FALSE
inRound2NotPublication,Vitis lincecumii,gbifTaxonomy,GBIF,Vitis lincecumii Buckley,USA,NA,NA,961bcbc5-181f-4b89-85cf-b5719c52fb9d,FALSE,FALSE
inRound2NotPublication,Vitis lincecumii,gbifTaxonomy,GBIF,Vitis lincecumii Buckley,USA,NA,NA,513cc0d5-cff8-4277-85d5-5485d1134902,FALSE,FALSE
inRound2NotPublication,Vitis lincecumii,gbifTaxonomy,GBIF,Vitis lincecumii Buckley,USA,NA,NA,3322209b-e041-4c75-9415-941a44c97757,FALSE,FALSE
inRound2NotPublication,Vitis lincecumii,gbifTaxonomy,GBIF,Vitis lincecumii Buckley,USA,NA,NA,4ddbfed1-eded-4424-afc5-8c5d58567fa1,FALSE,FALSE
inRound2NotPublication,Vitis lincecumii,gbifTaxonomy,GBIF,Vitis lincecumii Buckley,USA,NA,NA,cbd77c5d-65f7-454e-950b-4fb7fe954c8e,FALSE,FALSE
inRound2NotPublication,Vitis lincecumii,gbifTaxonomy,GBIF,Vitis lincecumii Buckley,USA,NA,NA,a2af722c-a1e0-4488-8ccd-0b972a8da856,FALSE,FALSE
inRound2NotPublication,Vitis lincecumii,gbifTaxonomy,GBIF,Vitis lincecumii Buckley,USA,NA,NA,cf384c89-9bae-4320-9564-bf7c802e8a48,FALSE,FALSE
inRound2NotPublication,Vitis lincecumii,gbifTaxonomy,GBIF,Vitis lincecumii Buckley,USA,NA,NA,a19586a7-6fae-48ed-907d-4059a6eb0034,FALSE,FALSE
inRound2NotPublication,Vitis lincecumii,gbifTaxonomy,GBIF,Vitis lincecumii Buckley,USA,NA,NA,f22d9266-2a70-4fae-8016-8e1d02a65174,FALSE,FALSE
inRound2NotPublication,Vitis lincecumii,gbifTaxonomy,GBIF,Vitis lincecumii Buckley,USA,NA,NA,2697de23-2e11-43d1-b176-189ab23357cd,FALSE,FALSE
inRound2NotPublication,Vitis lincecumii,gbifTaxonomy,GBIF,Vitis lincecumii Buckley,USA,NA,NA,d360767d-9f30-4645-b107-354d3ce9e877,FALSE,FALSE
inRound2NotPublication,Vitis lincecumii,gbifTaxonomy,GBIF,Vitis lincecumii Buckley,USA,NA,NA,e0291d3a-afdf-49c4-8bce-4b877b7f17b9,FALSE,FALSE
inRound2NotPublication,Vitis lincecumii,gbifTaxonomy,GBIF,Vitis lincecumii Buckley,USA,NA,NA,68ee7bb9-abd1-40d3-8046-eaef259cdb75,FALSE,FALSE
inRound2NotPublication,Vitis lincecumii,gbifTaxonomy,GBIF,Vitis lincecumii Buckley,USA,NA,NA,4451e69d-b4f5-4b27-85b6-2921107d2d12,FALSE,FALSE
inRound2NotPublication,Vitis lincecumii,gbifTaxonomy,GBIF,Vitis lincecumii Buckley,USA,NA,NA,cbc3a78a-a7c7-4b35-b93f-30e4ae4fc45f,FALSE,FALSE
inRound2NotPublication,Vitis lincecumii,gbifTaxonomy,GBIF,Vitis lincecumii Buckley,USA,NA,NA,420e9fc7-aa41-4ada-bdb9-c85282590a53,FALSE,FALSE
inRound2NotPublication,Vitis lincecumii,gbifTaxonomy,GBIF,Vitis lincecumii Buckley,USA,NA,NA,0e488f88-f2d4-4e90-93d3-43238a6739fd,FALSE,FALSE
inRound2NotPublication,Vitis lincecumii,gbifTaxonomy,GBIF,Vitis lincecumii Buckley,USA,NA,NA,3f1c2a45-9179-4236-a73b-793a92286ece,FALSE,FALSE
inRound2NotPublication,Vitis lincecumii,gbifTaxonomy,GBIF,Vitis lincecumii Buckley,USA,NA,NA,f0386918-53d0-4bae-8b43-862bffd3c82b,FALSE,FALSE
inRound2NotPublication,Vitis lincecumii,gbifTaxonomy,GBIF,Vitis lincecumii Buckley,USA,NA,NA,ae1d943e-a882-4a2c-b27c-5e92682a8c1f,FALSE,FALSE
inRound2NotPublication,Vitis lincecumii,gbifTaxonomy,GBIF,Vitis lincecumii Buckley,USA,NA,NA,2658db5d-2ccc-4718-ae73-6a163db03227,FALSE,FALSE
inRound2NotPublication,Vitis lincecumii,gbifTaxonomy,GBIF,Vitis lincecumii Buckley,USA,NA,NA,966d8db5-7d17-48cc-9e37-443d959385c3,FALSE,FALSE
inRound2NotPublication,Vitis lincecumii,gbifTaxonomy,GBIF,Vitis lincecumii Buckley,USA,NA,NA,51584f85-ece7-43fa-9bd5-0a83b03d9a21,FALSE,FALSE
inRound2NotPublication,Vitis lincecumii,gbifTaxonomy,GBIF,Vitis lincecumii Buckley,USA,NA,NA,80e55ea7-fbaa-43b5-8cdc-bc10825109fb,FALSE,FALSE
inRound2NotPublication,Vitis lincecumii,gbifTaxonomy,GBIF,Vitis lincecumii Buckley,USA,NA,NA,93bc2aee-e4f2-4453-b7f8-3d747ef051d6,FALSE,FALSE
inRound2NotPublication,Vitis lincecumii,gbifTaxonomy,GBIF,Vitis lincecumii Buckley,USA,NA,NA,d0744019-ec69-491c-bdd5-d1a5e03121e4,FALSE,FALSE
inRound2NotPublication,Vitis lincecumii,gbifTaxonomy,GBIF,Vitis lincecumii Buckley,MEX,NA,NA,143593c4-24b5-49e2-8c94-f62b3f26fd0b,FALSE,FALSE
inRound2NotPublication,Vitis lincecumii,gbifTaxonomy,GBIF,Vitis lincecumii Buckley,USA,NA,NA,e156ac66-937b-4bc0-ab61-416332e09c99,FALSE,FALSE
inRound2NotPublication,Vitis lincecumii,gbifTaxonomy,GBIF,Vitis lincecumii Buckley,USA,NA,NA,15e53226-7724-488b-afbd-66838449900a,FALSE,FALSE
inRound2NotPublication,Vitis lincecumii,gbifTaxonomy,GBIF,Vitis lincecumii Buckley,USA,NA,NA,3607926b-70ce-49f7-8664-d66e410de0e1,FALSE,FALSE
inRound2NotPublication,Vitis lincecumii,gbifTaxonomy,GBIF,Vitis lincecumii Buckley,USA,NA,NA,39c40b5a-b631-452b-8db2-0ae99c68cf85,FALSE,FALSE
inRound2NotPublication,Vitis lincecumii,gbifTaxonomy,GBIF,Vitis lincecumii Buckley,USA,NA,NA,8152f5e5-192c-49fc-a759-eb0752ac5398,FALSE,FALSE
inRound2NotPublication,Vitis lincecumii,gbifTaxonomy,GBIF,Vitis lincecumii Buckley,NA,NA,NA,3b4f6813-6848-42d9-9d6b-fea238aeb9a3,FALSE,FALSE
inRound2NotPublication,Vitis lincecumii,gbifTaxonomy,GBIF,Vitis lincecumii Buckley,NA,NA,NA,b65bb7b7-07f8-4fb1-9e3c-c33c7c4a0fa3,FALSE,FALSE
inRound2NotPublication,Vitis lincecumii,gbifTaxonomy,GBIF,Vitis lincecumii Buckley,USA,NA,NA,7371bb30-dcaa-49d1-a1ca-c694dba8715b,FALSE,FALSE
inRound2NotPublication,Vitis lincecumii,gbifTaxonomy,GBIF,Vitis lincecumii Buckley,NA,NA,NA,5fc5d314-8300-4df7-9f29-f455ff477116,FALSE,FALSE
inRound2NotPublication,Vitis lincecumii,gbifTaxonomy,GBIF,Vitis lincecumii Buckley,NA,NA,NA,2b46f244-b6af-4a1c-b39e-c42f319024fe,FALSE,FALSE
inRound2NotPublication,Vitis lincecumii,gbifTaxonomy,GBIF,Vitis lincecumii Buckley,USA,NA,NA,69539e21-f131-4692-aa39-97efb481336a,FALSE,FALSE
inRound2NotPublication,Vitis lincecumii,gbifTaxonomy,GBIF,Vitis lincecumii Buckley,NA,NA,NA,6f9b43c2-a198-4a81-af7b-88f4e62cc90d,FALSE,FALSE
inRound2NotPublication,Vitis lincecumii,gbifTaxonomy,GBIF,Vitis lincecumii Buckley,USA,NA,NA,b3ca7106-6c12-4271-a33d-d24cfd437afb,FALSE,FALSE
inRound2NotPublication,Vitis lincecumii,gbifTaxonomy,GBIF,Vitis lincecumii Buckley,NA,NA,NA,360f5649-c311-4799-9514-2c98af1ccd28,FALSE,FALSE
inRound2NotPublication,Vitis lincecumii,gbifTaxonomy,GBIF,Vitis lincecumii Buckley,NA,NA,NA,e0aed596-e178-4c18-bb16-1da4a0b42170,FALSE,FALSE
inRound2NotPublication,Vitis lincecumii,gbifTaxonomy,GBIF,Vitis lincecumii Buckley,USA,NA,NA,e3d6e399-4c17-4c81-bf83-7dc398d61d1d,FALSE,FALSE
inRound2NotPublication,Vitis lincecumii,gbifTaxonomy,GBIF,Vitis lincecumii Buckley,NA,NA,NA,500113e9-10ca-41d7-bafb-e5310c4b7fcd,FALSE,FALSE
inRound2NotPublication,Vitis lincecumii,gbifTaxonomy,GBIF,Vitis lincecumii Buckley,USA,NA,NA,de597013-322a-4429-94f9-dfed447d8e87,FALSE,FALSE
inRound2NotPublication,Vitis lincecumii,gbifTaxonomy,GBIF,Vitis lincecumii Buckley,USA,NA,NA,24a112ce-a19d-4812-9e2a-c54905311c98,FALSE,FALSE
inRound2NotPublication,Vitis lincecumii,gbifTaxonomy,GBIF,Vitis lincecumii Buckley,USA,NA,NA,ed090c45-9091-460c-80c2-3e755a6e4eaf,FALSE,FALSE
inRound2NotPublication,Vitis lincecumii,gbifTaxonomy,GBIF,Vitis lincecumii Buckley,USA,NA,NA,1df32af5-460c-4cc1-beb9-cc9a52c84595,FALSE,FALSE
inRound2NotPublication,Vitis lincecumii,gbifTaxonomy,GBIF,Vitis lincecumii Buckley,USA,NA,NA,403007e4-83d0-4d79-aab0-ec717882d939,FALSE,FALSE
inRound2NotPublication,Vitis lincecumii,gbifTaxonomy,GBIF,Vitis lincecumii Buckley,USA,NA,NA,c3d1f153-df59-4f1d-a2b2-2a290f673e67,FALSE,FALSE
inRound2NotPublication,Vitis lincecumii,gbifTaxonomy,GBIF,Vitis lincecumii Buckley,USA,NA,NA,2704dade-9209-400a-a9c8-5e6d4e0932dc,FALSE,FALSE
inRound2NotPublication,Vitis lincecumii,gbifTaxonomy,GBIF,Vitis lincecumii Buckley,USA,NA,NA,f85ca77a-42c5-4b84-98ba-683c3bb7efc8,FALSE,FALSE
inRound2NotPublication,Vitis lincecumii,gbifTaxonomy,GBIF,Vitis lincecumii Buckley,USA,NA,NA,d1dc0693-6fad-424b-8041-f6350456bbe1,FALSE,FALSE
inRound2NotPublication,Vitis lincecumii,gbifTaxonomy,GBIF,Vitis lincecumii Buckley,USA,NA,NA,d12a1095-66f0-4218-bd56-569ae5baeb26,FALSE,FALSE
inRound2NotPublication,Vitis lincecumii,gbifTaxonomy,GBIF,Vitis lincecumii Buckley,USA,NA,NA,eb96c435-35f4-438e-badd-616d8d4f4c0d,FALSE,FALSE
inRound2NotPublication,Vitis lincecumii,gbifTaxonomy,GBIF,Vitis lincecumii Buckley,USA,NA,NA,c3c0dfd2-71c5-4882-8e65-f77b78a59ddb,FALSE,FALSE
inRound2NotPublication,Vitis lincecumii,gbifTaxonomy,GBIF,Vitis lincecumii Buckley,USA,NA,NA,cb7c5ab0-f8a3-11e6-a2c6-70e2840fc270,FALSE,FALSE
inRound2NotPublication,Vitis lincecumii,gbifTaxonomy,GBIF,Vitis lincecumii Buckley,USA,NA,NA,0650dc7d-ad68-4df7-8f15-fc66e85f79d2,FALSE,FALSE
inRound2NotPublication,Vitis lincecumii,gbifTaxonomy,GBIF,Vitis lincecumii Buckley,NA,NA,NA,28ef00b4-393c-46d8-bd28-3f32217b8a9f,FALSE,FALSE
inRound2NotPublication,Vitis lincecumii,gbifTaxonomy,GBIF,Vitis lincecumii Buckley,NA,NA,NA,9423ba44-04e3-4d6f-ad34-7028c52502b7,FALSE,FALSE
inRound2NotPublication,Vitis lincecumii,gbifTaxonomy,GBIF,Vitis lincecumii Buckley,USA,NA,NA,6d3d4f0e-67be-44e1-b3fd-a11a9e9e7dac,FALSE,FALSE
inRound2NotPublication,Vitis lincecumii,gbifTaxonomy,GBIF,Vitis lincecumii Buckley,USA,NA,NA,76ab5314-bfdd-48ad-9292-c608272059ed,FALSE,FALSE
inRound2NotPublication,Vitis lincecumii,gbifTaxonomy,GBIF,Vitis lincecumii Buckley,USA,NA,NA,9adc6ef2-1cf1-4b5d-a81b-123168159850,FALSE,FALSE
inRound2NotPublication,Vitis lincecumii,gbifTaxonomy,GBIF,Vitis lincecumii Buckley,USA,NA,NA,d8d1e3e8-cf85-4b4b-8588-c9347f6dcbcc,FALSE,FALSE
inRound2NotPublication,Vitis lincecumii,gbifTaxonomy,GBIF,Vitis lincecumii Buckley,USA,NA,NA,ecbf6912-6099-4051-9752-4cfc7adca64c,FALSE,FALSE
inRound2NotPublication,Vitis lincecumii,gbifTaxonomy,GBIF,Vitis lincecumii Buckley,USA,NA,NA,aacb708f-0373-4de8-937f-ab78ac36782d,FALSE,FALSE
inRound2NotPublication,Vitis lincecumii,gbifTaxonomy,GBIF,Vitis lincecumii Buckley,USA,NA,NA,5ffc36dd-ecfa-453c-985b-c92f6612061f,FALSE,FALSE
inRound2NotPublication,Vitis lincecumii,gbifTaxonomy,GBIF,Vitis lincecumii Buckley,USA,NA,NA,3f232017-3e05-499d-b866-f98724f5ad12,FALSE,FALSE
inRound2NotPublication,Vitis lincecumii,gbifTaxonomy,GBIF,Vitis lincecumii Buckley,USA,NA,NA,84d5a210-6812-47f4-82e4-8711db4a6afd,FALSE,FALSE
inRound2NotPublication,Vitis lincecumii,gbifTaxonomy,GBIF,Vitis lincecumii Buckley,USA,NA,NA,6e6cffda-fcc2-4b01-8a8d-807524fd16c4,FALSE,FALSE
inRound2NotPublication,Vitis lincecumii,gbifTaxonomy,GBIF,Vitis lincecumii Buckley,USA,NA,NA,46d034fe-c217-4750-976d-4843d6ef17d4,FALSE,FALSE
inRound2NotPublication,Vitis lincecumii,gbifTaxonomy,GBIF,Vitis lincecumii Buckley,USA,NA,NA,b237b59e-5f81-42e8-bfc2-6fae06ebe322,FALSE,FALSE
inRound2NotPublication,Vitis lincecumii,gbifTaxonomy,GBIF,Vitis lincecumii Buckley,NA,NA,NA,8051Mtp1,FALSE,FALSE
inRound2NotPublication,Vitis lincecumii,gbifTaxonomy,GBIF,Vitis lincecumii Buckley,NA,NA,NA,8051Mtp2,FALSE,FALSE
inRound2NotPublication,Vitis lincecumii,gbifTaxonomy,GBIF,Vitis lincecumii Buckley,NA,NA,NA,8051Bdx1,FALSE,FALSE
inRound2NotPublication,Vitis lincecumii,gbifTaxonomy,GBIF,Vitis lincecumii Buckley,NA,NA,NA,8051Bdx2,FALSE,FALSE
inRound2NotPublication,Vitis lincecumii,gbifTaxonomy,GBIF,Vitis lincecumii Buckley,NA,NA,NA,0Bdx1161,FALSE,FALSE
inRound2NotPublication,Vitis lincecumii,gbifTaxonomy,GBIF,Vitis lincecumii Buckley,NA,NA,NA,0Bdx1149,FALSE,FALSE
inRound2NotPublication,Vitis lincecumii,gbifTaxonomy,GBIF,Vitis lincecumii Buckley,NA,NA,NA,8051Col1,FALSE,FALSE
inRound2NotPublication,Vitis lincecumii,gbifTaxonomy,GBIF,Vitis linsecomii Buckley,USA,NA,NA,3d577db6-b10d-4644-838b-637a6004be1d,FALSE,FALSE
inRound2NotPublication,Vitis lincecumii,gbifTaxonomy,GBIF,Vitis linsecomii Buckley,USA,NA,NA,530b380b-2223-44f9-9d3b-2a2c7f20e0c7,FALSE,FALSE
inRound2NotPublication,Vitis lincecumii,gbifTaxonomy,GBIF,Vitis linsecomii Buckley,USA,NA,NA,80274733-5b7d-40ee-8928-8ea1e5ad6eed,FALSE,FALSE
inRound2NotPublication,Vitis lincecumii,gbifTaxonomy,GBIF,Vitis linsecomii Buckley,USA,NA,NA,3084a041-244b-4df9-a8b3-1eb1ea2b659b,FALSE,FALSE
inRound2NotPublication,Vitis lincecumii,gbifTaxonomy,GBIF,Vitis linsecomii Buckley,USA,NA,NA,2f5d537d-807e-443b-9041-46fb6bc92dd2,FALSE,FALSE
inRound2NotPublication,Vitis lincecumii,gbifTaxonomy,GBIF,Vitis linsecomii Buckley,USA,NA,NA,36056244-4ae2-47b4-8db7-1344d478f01b,FALSE,FALSE
inRound2NotPublication,Vitis lincecumii,gbifTaxonomy,GBIF,Vitis linsecomii Buckley,USA,NA,NA,9ac1a491-6d19-4f59-8d50-d170fb7d8b9f,FALSE,FALSE
inRound2NotPublication,Vitis lincecumii,gbifTaxonomy,GBIF,Vitis linsecomii Buckley,USA,NA,NA,4e6e3b8b-7324-45bc-8e62-b2ee64b89171,FALSE,FALSE
inRound2NotPublication,Vitis lincecumii,gbifTaxonomy,GBIF,Vitis linsecomii Buckley,USA,NA,NA,a026b4b1-1a47-47c4-95b9-814d056b7485,FALSE,FALSE
inRound2NotPublication,Vitis lincecumii,gbifTaxonomy,GBIF,Vitis linsecomii Buckley,USA,NA,NA,cab71e9a-7d82-4bb0-a21c-9b6618abb008,FALSE,FALSE
inRound2NotPublication,Vitis lincecumii,gbifTaxonomy,GBIF,Vitis linsecomii Buckley,USA,NA,NA,de80ab41-55ea-46c1-a2e5-52fe2778caf1,FALSE,FALSE
inRound2NotPublication,Vitis lincecumii,gbifTaxonomy,GBIF,Vitis linsecomii Buckley,USA,NA,NA,8a4c80c1-7ab9-4d88-8574-ecf36d37599e,FALSE,FALSE
inRound2NotPublication,Vitis lincecumii,gbifTaxonomy,GBIF,Vitis linsecomii Buckley,USA,NA,NA,https://data.biodiversitydata.nl/naturalis/specimen/L.4253902,FALSE,FALSE
inRound2NotPublication,Vitis lincecumii,gbifTaxonomy,GBIF,Vitis linsecomii Buckley,USA,NA,NA,https://data.biodiversitydata.nl/naturalis/specimen/U.1770378,FALSE,FALSE
inRound2NotPublication,Vitis lincecumii,gbifTaxonomy,GBIF,Vitis linsecomii Buckley,NA,NA,NA,https://data.biodiversitydata.nl/naturalis/specimen/WAG.1866966,FALSE,FALSE
inRound2NotPublication,Vitis lincecumii,gbifTaxonomy,GBIF,Vitis linsecomii Buckley,NA,NA,NA,https://data.biodiversitydata.nl/naturalis/specimen/WAG.1866967,FALSE,FALSE
inRound2NotPublication,Vitis lincecumii,gbifTaxonomy,GBIF,Vitis linsecomii Buckley,USA,NA,NA,https://data.biodiversitydata.nl/naturalis/specimen/U.1770379,FALSE,FALSE
inRound2NotPublication,Vitis lincecumii,gbifTaxonomy,GBIF,Vitis linsecomii Buckley,USA,NA,NA,96b11c8e-431c-448a-9727-c1dbfd8e90af,FALSE,FALSE
inRound2NotPublication,Vitis lincecumii,gbifTaxonomy,GBIF,Vitis linsecomii Buckley,USA,NA,NA,urn:catalog:MO:Tropicos:1390786,FALSE,FALSE
inRound2NotPublication,Vitis lincecumii,gbifTaxonomy,GBIF,Vitis linsecomii Buckley,USA,NA,NA,http://n2t.net/ark:/65665/38cba8618-f643-464d-be19-27a617e3d83b,FALSE,FALSE
inRound2NotPublication,Vitis lincecumii,gbifTaxonomy,GBIF,Vitis linsecomii Buckley,USA,NA,NA,http://n2t.net/ark:/65665/3c2268c8d-c255-44c1-88be-9bf3cc5a8cfd,FALSE,FALSE
inRound2NotPublication,Vitis lincecumii,gbifTaxonomy,GBIF,Vitis linsecomii Buckley,USA,NA,NA,http://n2t.net/ark:/65665/3aaf38891-b294-4e0c-9ed6-a750d509d521,FALSE,FALSE
inRound2NotPublication,Vitis lincecumii,gbifTaxonomy,GBIF,Vitis linsecomii Buckley,USA,NA,NA,http://n2t.net/ark:/65665/3a7723e1c-773b-4dec-93dd-1802507e59b8,FALSE,FALSE
inRound2NotPublication,Vitis lincecumii,gbifTaxonomy,GBIF,Vitis linsecomii Buckley,USA,NA,NA,http://n2t.net/ark:/65665/3d0b99b45-6f7b-41ca-ac73-0118d6211251,FALSE,FALSE
inRound2NotPublication,Vitis lincecumii,gbifTaxonomy,GBIF,Vitis linsecomii Buckley,USA,NA,NA,http://n2t.net/ark:/65665/3af1d46ac-65aa-4efc-b09e-22b2b321384a,FALSE,FALSE
inRound2NotPublication,Vitis lincecumii,gbifTaxonomy,GBIF,Vitis linsecomii Buckley,USA,NA,NA,http://n2t.net/ark:/65665/30d9df745-bd33-4f6c-b43e-23bbf0833822,FALSE,FALSE
inRound2NotPublication,Vitis lincecumii,gbifTaxonomy,GBIF,Vitis linsecomii Buckley,USA,NA,NA,http://n2t.net/ark:/65665/35d402872-b5b0-49e1-889b-87757a8354de,FALSE,FALSE
inRound2NotPublication,Vitis lincecumii,gbifTaxonomy,GBIF,Vitis linsecomii Buckley,USA,NA,NA,http://n2t.net/ark:/65665/3ea66542a-de5c-4f96-bbc3-27fac0c59cfb,FALSE,FALSE
inRound2NotPublication,Vitis lincecumii,gbifTaxonomy,GBIF,Vitis linsecomii Buckley,USA,NA,NA,http://n2t.net/ark:/65665/3ec7426f4-587d-45a6-96df-276848875ee8,FALSE,FALSE
inRound2NotPublication,Vitis lincecumii,gbifTaxonomy,GBIF,Vitis linsecomii Buckley,USA,NA,NA,http://n2t.net/ark:/65665/393b78ba3-f4a3-4a55-b349-796d8252b6c1,FALSE,FALSE
inRound2NotPublication,Vitis lincecumii,gbifTaxonomy,GBIF,Vitis linsecomii Buckley,USA,NA,NA,http://n2t.net/ark:/65665/3dc54f3bc-6b00-4548-be6c-fffa63ad0d96,FALSE,FALSE
inRound2NotPublication,Vitis lincecumii,gbifTaxonomy,GBIF,Vitis linsecomii Buckley,USA,NA,NA,http://n2t.net/ark:/65665/3359b17a5-d5bc-47e7-a6ff-8cccf7996422,FALSE,FALSE
inRound2NotPublication,Vitis lincecumii,gbifTaxonomy,GBIF,Vitis linsecomii Buckley,USA,NA,NA,http://n2t.net/ark:/65665/390530b34-42c5-4e58-86b9-64618e4c33aa,FALSE,FALSE
inRound2NotPublication,Vitis lincecumii,gbifTaxonomy,GBIF,Vitis linsecomii Buckley,USA,NA,NA,http://n2t.net/ark:/65665/3d3b8f9d2-a593-42bf-bd07-7971ebc873b9,FALSE,FALSE
inRound2NotPublication,Vitis lincecumii,gbifTaxonomy,GBIF,Vitis linsecomii Buckley,USA,NA,NA,http://n2t.net/ark:/65665/30f627626-4fa9-4184-8de0-c6a97855bb17,FALSE,FALSE
inRound2NotPublication,Vitis lincecumii,gbifTaxonomy,GBIF,Vitis linsecomii Buckley,USA,NA,NA,http://n2t.net/ark:/65665/3f49f4134-4ab9-4fa7-b9e8-4d95b753a047,FALSE,FALSE
inRound2NotPublication,Vitis lincecumii,gbifTaxonomy,GBIF,Vitis linsecomii Buckley,USA,NA,NA,http://n2t.net/ark:/65665/3c607311d-8b75-41ce-9fa9-576c4a55b2a7,FALSE,FALSE
inRound2NotPublication,Vitis lincecumii,gbifTaxonomy,GBIF,Vitis linsecomii Buckley,USA,NA,NA,http://n2t.net/ark:/65665/388509f40-3174-486a-8b5f-2df75064830b,FALSE,FALSE
inRound2NotPublication,Vitis lincecumii,gbifTaxonomy,GBIF,Vitis linsecomii Buckley,USA,NA,NA,http://n2t.net/ark:/65665/323815219-191a-4e8a-935d-abbfb0cdc656,FALSE,FALSE
inRound2NotPublication,Vitis lincecumii,gbifTaxonomy,GBIF,Vitis linsecomii Buckley,USA,NA,NA,http://n2t.net/ark:/65665/3b1b7e159-2cb4-4230-b54e-2e2ecc9e6f4a,FALSE,FALSE
inRound2NotPublication,Vitis lincecumii,gbifTaxonomy,GBIF,Vitis linsecomii Buckley,USA,NA,NA,http://coldb.mnhn.fr/catalognumber/mnhn/p/p02343525,FALSE,FALSE
inRound2NotPublication,Vitis lincecumii,gbifTaxonomy,GBIF,Vitis linsecomii Buckley,NA,NA,NA,http://coldb.mnhn.fr/catalognumber/um/mpu/mpu426035,FALSE,FALSE
inRound2NotPublication,Vitis lincecumii,gbifTaxonomy,GBIF,Vitis linsecomii Buckley,NA,NA,NA,http://coldb.mnhn.fr/catalognumber/um/mpu/mpu426037,FALSE,FALSE
inRound2NotPublication,Vitis lincecumii,gbifTaxonomy,GBIF,Vitis linsecomii Buckley,NA,NA,NA,http://coldb.mnhn.fr/catalognumber/um/mpu/mpu805757,FALSE,FALSE
inRound2NotPublication,Vitis lincecumii,gbifTaxonomy,GBIF,Vitis linsecomii Buckley,NA,NA,NA,http://coldb.mnhn.fr/catalognumber/um/mpu/mpu426039,FALSE,FALSE
inRound2NotPublication,Vitis lincecumii,gbifTaxonomy,GBIF,Vitis linsecomii Buckley,NA,NA,NA,http://coldb.mnhn.fr/catalognumber/um/mpu/mpu426034,FALSE,FALSE
inRound2NotPublication,Vitis lincecumii,gbifTaxonomy,GBIF,Vitis linsecomii Buckley,NA,NA,NA,http://coldb.mnhn.fr/catalognumber/um/mpu/mpu426038,FALSE,FALSE
inRound2NotPublication,Vitis lincecumii,gbifTaxonomy,GBIF,Vitis linsecomii Buckley,NA,NA,NA,http://coldb.mnhn.fr/catalognumber/um/mpu/mpu805758,FALSE,FALSE
inRound2NotPublication,Vitis lincecumii,gbifTaxonomy,GBIF,Vitis linsecomii Buckley,USA,NA,NA,http://specimens.kew.org/herbarium/K004490841,FALSE,FALSE
inRound2NotPublication,Vitis lincecumii,gbifTaxonomy,GBIF,Vitis linsecomii Buckley,NA,NA,NA,http://specimens.kew.org/herbarium/K004491298,FALSE,FALSE
inRound2NotPublication,Vitis lincecumii,gbifTaxonomy,GBIF,Vitis linsecomii Buckley,NA,NA,NA,http://specimens.kew.org/herbarium/K004491295,FALSE,FALSE
inRound2NotPublication,Vitis lincecumii,gbifTaxonomy,GBIF,Vitis linsecomii Buckley,NA,NA,NA,http://coldb.mnhn.fr/catalognumber/um/mpu/mpu1214287,FALSE,FALSE
inRound2NotPublication,Vitis lincecumii,gbifTaxonomy,GBIF,Vitis linsecomii Buckley,NA,NA,NA,http://coldb.mnhn.fr/catalognumber/um/mpu/mpu426036,FALSE,FALSE
inRound2NotPublication,Vitis lincecumii,gbifTaxonomy,GBIF,Vitis linsecomii Buckley,USA,NA,NA,http://specimens.kew.org/herbarium/K004490837,FALSE,FALSE
inRound2NotPublication,Vitis lincecumii,gbifTaxonomy,GBIF,Vitis linsecomii Buckley,USA,NA,NA,http://specimens.kew.org/herbarium/K004490836,FALSE,FALSE
inRound2NotPublication,Vitis lincecumii,gbifTaxonomy,GBIF,Vitis linsecomii Buckley,USA,NA,NA,http://specimens.kew.org/herbarium/K004490839,FALSE,FALSE
inRound2NotPublication,Vitis lincecumii,gbifTaxonomy,GBIF,Vitis linsecomii Buckley,USA,NA,NA,http://specimens.kew.org/herbarium/K004490840,FALSE,FALSE
inRound2NotPublication,Vitis lincecumii,gbifTaxonomy,GBIF,Vitis linsecomii Buckley,USA,NA,NA,http://specimens.kew.org/herbarium/K004490838,FALSE,FALSE
inRound2NotPublication,Vitis lincecumii,gbifTaxonomy,GBIF,Vitis linsecomii Buckley,NA,NA,NA,http://specimens.kew.org/herbarium/K004491296,FALSE,FALSE
inRound2NotPublication,Vitis lincecumii,gbifTaxonomy,GBIF,Vitis linsecomii Buckley,NA,NA,NA,http://specimens.kew.org/herbarium/K004491297,FALSE,FALSE
inRound2NotPublication,Vitis lincecumii,gbifTaxonomy,GBIF,Vitis linsecomii Buckley,USA,NA,NA,a7ea05bf-6595-4054-b386-309ad2153249,FALSE,FALSE
inRound2NotPublication,Vitis lincecumii,gbifTaxonomy,GBIF,Vitis linsecomii Buckley,NA,NA,NA,http://coldb.mnhn.fr/catalognumber/um/mpu/mpu1214286,FALSE,FALSE
inRound2NotPublication,Vitis lincecumii,gbifTaxonomy,GBIF,Vitis lincecumii Buckley,NA,NA,NA,NA,FALSE,FALSE
inRound2NotPublication,Vitis martineziana,gbifTaxonomy,GBIF,Vitis L.,MEX,19.5133,-105.037,http://n2t.net/ark:/65665/351675d91-4bc4-438c-83c9-50ae81dfa931,FALSE,FALSE
inRound2NotPublication,Vitis martineziana,gbifTaxonomy,GBIF,Vitis L.,MEX,19.5133,-105.037,http://n2t.net/ark:/65665/3bab8e3c2-3c97-44d5-a524-3e0f854653b8,FALSE,FALSE
inRound2NotPublication,Vitis munsoniana,gbifTaxonomy,GBIF,Vitis munsoniana Simpson ex Munson,USA,25.08651,-80.44728,https://data.biodiversitydata.nl/naturalis/specimen/L.1083949,FALSE,FALSE
inRound2NotPublication,Vitis munsoniana,gbifTaxonomy,GBIF,Vitis munsoniana Simpson ex Munson,USA,27.3931,-81.378,https://data.biodiversitydata.nl/naturalis/specimen/L.2339117,FALSE,FALSE
inRound2NotPublication,Vitis munsoniana,gbifTaxonomy,GBIF,Vitis munsoniana Simpson ex Munson,USA,25.08651,-80.44728,https://data.biodiversitydata.nl/naturalis/specimen/U%20%200056324,FALSE,FALSE
inRound2NotPublication,Vitis munsoniana,gbifTaxonomy,GBIF,Vitis munsoniana Simpson ex Munson,USA,25.08651,-80.44728,https://data.biodiversitydata.nl/naturalis/specimen/L.1083951,FALSE,FALSE
inRound2NotPublication,Vitis munsoniana,gbifTaxonomy,GBIF,Vitis munsoniana Simpson ex Munson,USA,25.08651,-80.44728,https://data.biodiversitydata.nl/naturalis/specimen/L.1083950,FALSE,FALSE
inRound2NotPublication,Vitis munsoniana,gbifTaxonomy,GBIF,Vitis munsoniana Simpson ex Munson,USA,25.08651,-80.44728,https://data.biodiversitydata.nl/naturalis/specimen/L.1083952,FALSE,FALSE
inRound2NotPublication,Vitis munsoniana,gbifTaxonomy,GBIF,Vitis munsoniana Simpson ex Munson,USA,25.08651,-80.44728,https://data.biodiversitydata.nl/naturalis/specimen/L.1083947,FALSE,FALSE
inRound2NotPublication,Vitis munsoniana,gbifTaxonomy,GBIF,Vitis munsoniana Simpson ex Munson,USA,25.08651,-80.44728,https://data.biodiversitydata.nl/naturalis/specimen/L.1083948,FALSE,FALSE
inRound2NotPublication,Vitis munsoniana,gbifTaxonomy,GBIF,Vitis munsoniana Simpson ex Munson,USA,30.908889,-88.036111,https://arctos.database.museum/guid/UAM:Herb:255052,FALSE,FALSE
inRound2NotPublication,Vitis munsoniana,gbifTaxonomy,GBIF,Vitis munsoniana Simpson ex Munson,USA,30.908889,-88.036111,https://arctos.database.museum/guid/UAM:Herb:255054,FALSE,FALSE
inRound2NotPublication,Vitis munsoniana,gbifTaxonomy,GBIF,Vitis munsoniana J.H.Simpson,USA,30.9089,-88.0361,http://n2t.net/ark:/65665/30d7ddabc-7076-4dc6-9343-4ccdcdf35a7e,FALSE,FALSE
inRound2NotPublication,Vitis munsoniana,gbifTaxonomy,GBIF,Vitis munsoniana Simpson ex Munson,USA,27.47992,-82.34519,http://coldb.mnhn.fr/catalognumber/mnhn/p/p02343795,FALSE,FALSE
inRound2NotPublication,Vitis munsoniana,gbifTaxonomy,GBIF,Vitis munsoniana Simpson ex Munson,USA,27.33644,-82.53065,http://coldb.mnhn.fr/catalognumber/mnhn/p/p02343797,FALSE,FALSE
inRound2NotPublication,Vitis munsoniana,gbifTaxonomy,GBIF,Vitis munsoniana Simpson ex Munson,USA,28.85382,-81.679,http://coldb.mnhn.fr/catalognumber/mnhn/p/p02343791,FALSE,FALSE
inRound2NotPublication,Vitis munsoniana,gbifTaxonomy,GBIF,Vitis munsoniana Simpson ex Munson,USA,27.47992,-82.34519,http://coldb.mnhn.fr/catalognumber/mnhn/p/p02343793,FALSE,FALSE
inRound2NotPublication,Vitis munsoniana,gbifTaxonomy,GBIF,Vitis munsoniana Simpson ex Munson,USA,30.33218,-81.65565,http://coldb.mnhn.fr/catalognumber/mnhn/p/p02343799,FALSE,FALSE
inRound2NotPublication,Vitis munsoniana,gbifTaxonomy,GBIF,Vitis munsoniana Simpson ex Munson,USA,28.85277,-81.68535,http://coldb.mnhn.fr/catalognumber/mnhn/p/p02343798,FALSE,FALSE
inRound2NotPublication,Vitis munsoniana,gbifTaxonomy,GBIF,Vitis munsoniana Simpson ex Munson,USA,30.33218,-81.65565,http://coldb.mnhn.fr/catalognumber/mnhn/p/p02343792,FALSE,FALSE
inRound2NotPublication,Vitis munsoniana,gbifTaxonomy,GBIF,Vitis munsoniana J.H.Simpson ex Planch.,USA,33.755659,-96.536658,81f72e0c-76ad-4116-991c-1f61eca8aa08,FALSE,FALSE
inRound2NotPublication,Vitis munsoniana,gbifTaxonomy,GBIF,Vitis munsoniana J.H.Simpson ex Planch.,USA,33.755659,-96.536658,4496d5d8-caef-4adf-bf65-96ac2d0e5d7a,FALSE,FALSE
inRound2NotPublication,Vitis munsoniana,gbifTaxonomy,GBIF,Vitis munsoniana J.H.Simpson ex Planch.,USA,33.755659,-96.536658,47d9f767-9434-4a35-a154-4c93fd402ae7,FALSE,FALSE
inRound2NotPublication,Vitis munsoniana,gbifTaxonomy,GBIF,Vitis munsoniana Simpson ex Munson,USA,38.53783,-121.79046,7e72f68f-f0a1-4200-94c6-0362e408f538,FALSE,FALSE
inRound2NotPublication,Vitis munsoniana,gbifTaxonomy,GBIF,Vitis munsoniana Simpson ex Munson,USA,38.53783,-121.79046,bf26866d-cb76-4283-86f4-4b1578c2e795,FALSE,FALSE
inRound2NotPublication,Vitis munsoniana,gbifTaxonomy,GBIF,Vitis munsoniana Simpson ex Munson,USA,38.53783,-121.79046,e1879924-59c5-47fe-b341-b793474588f5,FALSE,FALSE
inRound2NotPublication,Vitis munsoniana,gbifTaxonomy,GBIF,Vitis munsoniana Simpson ex Munson,USA,38.53783,-121.79046,ace077c9-1144-47f8-a146-70232506cd15,FALSE,FALSE
inRound2NotPublication,Vitis munsoniana,gbifTaxonomy,GBIF,Vitis munsoniana Simpson ex Munson,USA,38.53783,-121.79046,de896c1b-ba4b-414b-b500-1f5e01fe96c6,FALSE,FALSE
inRound2NotPublication,Vitis munsoniana,gbifTaxonomy,GBIF,Vitis munsoniana Simpson ex Munson,USA,38.53783,-121.79046,bc5d0df0-19af-4602-9af3-2f983502e205,FALSE,FALSE
inRound2NotPublication,Vitis munsoniana,gbifTaxonomy,GBIF,Vitis munsoniana Simpson ex Munson,USA,38.53783,-121.79046,0077cd9c-582d-422b-aec1-54861bb9e190,FALSE,FALSE
inRound2NotPublication,Vitis munsoniana,gbifTaxonomy,GBIF,Vitis munsoniana Simpson ex Munson,USA,38.53783,-121.79046,93c99f2c-a3a3-4523-ab71-0665ce3a0314,FALSE,FALSE
inRound2NotPublication,Vitis munsoniana,gbifTaxonomy,GBIF,Vitis munsoniana Simpson ex Munson,USA,38.53783,-121.79046,a30fb003-21f6-472b-9c76-f6fe47adff5a,FALSE,FALSE
inRound2NotPublication,Vitis munsoniana,gbifTaxonomy,GBIF,Vitis munsoniana Simpson ex Munson,USA,38.53783,-121.79046,43dc492f-29bc-48e0-a2bb-6b67a9c4f77c,FALSE,FALSE
inRound2NotPublication,Vitis munsoniana,gbifTaxonomy,GBIF,Vitis munsoniana Simpson ex Munson,USA,38.53783,-121.79046,7f74d4ad-2ef6-4bcb-9e8d-62db177f5b07,FALSE,FALSE
inRound2NotPublication,Vitis munsoniana,gbifTaxonomy,GBIF,Vitis munsoniana Simpson ex Munson,USA,38.53783,-121.79046,a10dde47-c9a5-4e4e-bde3-c48207f487f8,FALSE,FALSE
inRound2NotPublication,Vitis munsoniana,gbifTaxonomy,GBIF,Vitis munsoniana Simpson ex Munson,USA,38.53783,-121.79046,d5ac371b-2181-4277-bbe2-91924c091cc0,FALSE,FALSE
inRound2NotPublication,Vitis munsoniana,gbifTaxonomy,GBIF,Vitis munsoniana Simpson ex Munson,USA,38.53783,-121.79046,50866e7a-d4fd-45c3-97ac-c8696d83f347,FALSE,FALSE
inRound2NotPublication,Vitis munsoniana,gbifTaxonomy,GBIF,Vitis munsoniana Simpson ex Munson,USA,38.53783,-121.79046,69876988-52be-4f8c-9931-219ac059d6ef,FALSE,FALSE
inRound2NotPublication,Vitis munsoniana,gbifTaxonomy,GBIF,Vitis munsoniana Simpson ex Munson,USA,38.53783,-121.79046,e8502086-afd9-4655-9d78-922cd4fc71cd,FALSE,FALSE
inRound2NotPublication,Vitis munsoniana,gbifTaxonomy,GBIF,Vitis munsoniana Simpson ex Munson,USA,38.53783,-121.79046,3c14ad00-db07-4763-b6a8-954a3f9a00c4,FALSE,FALSE
inRound2NotPublication,Vitis munsoniana,gbifTaxonomy,GBIF,Vitis munsoniana Simpson ex Munson,USA,38.53783,-121.79046,22b88a11-1a6d-4f3f-854a-47578a2eb431,FALSE,FALSE
inRound2NotPublication,Vitis munsoniana,gbifTaxonomy,GBIF,Vitis munsoniana Simpson ex Munson,USA,38.53783,-121.79046,652d0ed5-d754-422a-a420-b120efec04bf,FALSE,FALSE
inRound2NotPublication,Vitis munsoniana,gbifTaxonomy,GBIF,Vitis munsoniana Simpson ex Munson,USA,38.53783,-121.79046,e1c16026-7a54-4e8b-af0b-4b99c4b36727,FALSE,FALSE
inRound2NotPublication,Vitis munsoniana,gbifTaxonomy,GBIF,Vitis munsoniana Simpson ex Munson,USA,38.53783,-121.79046,170c13b2-85e2-4ceb-bb6d-e8a06bc8631c,FALSE,FALSE
inRound2NotPublication,Vitis munsoniana,gbifTaxonomy,GBIF,Vitis munsoniana Simpson ex Munson,USA,38.53783,-121.79046,050a6cb3-97b5-4651-87f2-e36203b66621,FALSE,FALSE
inRound2NotPublication,Vitis munsoniana,gbifTaxonomy,GBIF,Vitis munsoniana J.H.Simpson,USA,30.9089,-88.0361,http://n2t.net/ark:/65665/38a421ba3-c5f8-4e5b-909c-75e00f0628f5,FALSE,FALSE
inRound2NotPublication,Vitis munsoniana,gbifTaxonomy,GBIF,Vitis munsoniana Simpson ex Munson,USA,26.5757,-81.9155,4CB1E5AA-EDA0-4228-A2CE-BB094D1668AA,FALSE,FALSE
inRound2NotPublication,Vitis munsoniana,gbifTaxonomy,GBIF,Vitis munsoniana Simpson ex Munson,USA,26.0992,-81.381,35DDE403-AAD5-4776-9F56-181AAEBF8BB3,FALSE,FALSE
inRound2NotPublication,Vitis munsoniana,gbifTaxonomy,GBIF,Vitis munsoniana Simpson ex Munson,USA,28.7615,-81.7113,70FB1107-5D99-487D-B33D-58FAB7810220,FALSE,FALSE
inRound2NotPublication,Vitis munsoniana,gbifTaxonomy,GBIF,Vitis munsoniana Simpson ex Munson,USA,27.3434,-81.341,B2B783F8-4AB8-480E-94F1-5C14B942D716,FALSE,FALSE
inRound2NotPublication,Vitis munsoniana,gbifTaxonomy,GBIF,Vitis munsoniana Simpson ex Munson,USA,25.609,-80.4987,551E0A24-E18F-438E-B199-FFBBD2832FAE,FALSE,FALSE
inRound2NotPublication,Vitis munsoniana,gbifTaxonomy,GBIF,Vitis munsoniana Simpson ex Munson,USA,25.609,-80.4987,93F6276C-1526-47E9-A384-00B269D11E48,FALSE,FALSE
inRound2NotPublication,Vitis munsoniana,gbifTaxonomy,GBIF,Vitis munsoniana Simpson ex Munson,USA,29.4711,-81.293,511BE848-A5E7-46B5-AF9E-454E09C256AC,FALSE,FALSE
inRound2NotPublication,Vitis munsoniana,gbifTaxonomy,GBIF,Vitis munsoniana Simpson ex Munson,USA,25.609,-80.4987,BE7C6736-A3AD-4A15-825F-2BFF9AA55BEB,FALSE,FALSE
inRound2NotPublication,Vitis munsoniana,gbifTaxonomy,GBIF,Vitis munsoniana Simpson ex Munson,USA,27.0816,-80.3985,163B51AD-842D-41B0-A7C3-7C97E23EEF47,FALSE,FALSE
inRound2NotPublication,Vitis munsoniana,gbifTaxonomy,GBIF,Vitis munsoniana Simpson ex Munson,USA,25.609,-80.4987,504E6ADF-EB1D-4AC8-B0CA-761D742A307D,FALSE,FALSE
inRound2NotPublication,Vitis munsoniana,gbifTaxonomy,GBIF,Vitis munsoniana Simpson ex Munson,USA,25.174345,-80.321417,7d2cc7b5-0c95-4705-b278-8be628da6e82,FALSE,FALSE
inRound2NotPublication,Vitis munsoniana,other,GBIF,Muscadinia munsoniana (J.H.Simpson ex Munson) Small,USA,29.753768,-82.397102,360add48-9ea3-49bf-addb-728fc6f834de,FALSE,FALSE
inRound2NotPublication,Vitis munsoniana,other,GBIF,Muscadinia munsoniana (J.H.Simpson ex Munson) Small,USA,29.799593,-82.504393,e473d2f7-0d80-40de-88e8-877e79cd47f2,FALSE,FALSE
inRound2NotPublication,Vitis munsoniana,other,GBIF,Muscadinia munsoniana (J.H.Simpson ex Munson) Small,USA,29.395584,-82.196384,f843e94a-acf1-4ce2-b7af-e97a7b4206b8,FALSE,FALSE
inRound2NotPublication,Vitis munsoniana,other,GBIF,Muscadinia munsoniana (J.H.Simpson ex Munson) Small,USA,29.395584,-82.196384,ccb8f86a-484c-4e36-8503-b2ca76363b49,FALSE,FALSE
inRound2NotPublication,Vitis munsoniana,other,GBIF,Muscadinia munsoniana (J.H.Simpson ex Munson) Small,USA,29.521604,-82.301482,f928d8a0-805e-4eb3-a76a-30003cef50a2,FALSE,FALSE
inRound2NotPublication,Vitis munsoniana,other,GBIF,Muscadinia munsoniana (J.H.Simpson ex Munson) Small,USA,29.509512,-82.271867,22699502-fbdf-4ddd-8675-664942461b26,FALSE,FALSE
inRound2NotPublication,Vitis munsoniana,other,GBIF,Muscadinia munsoniana (J.H.Simpson ex Munson) Small,USA,28.981818,-82.041075,a1967317-9131-4f9a-b3d2-ec3c8326f1f9,FALSE,FALSE
inRound2NotPublication,Vitis munsoniana,other,GBIF,Muscadinia munsoniana (J.H.Simpson ex Munson) Small,USA,28.981818,-82.041075,8d955a66-6cf3-4a1b-a787-80ce51547994,FALSE,FALSE
inRound2NotPublication,Vitis munsoniana,other,GBIF,Muscadinia munsoniana (J.H.Simpson ex Munson) Small,USA,29.503913,-82.265654,e3e5183b-3dd3-4133-80f1-4f64c1872768,FALSE,FALSE
inRound2NotPublication,Vitis munsoniana,other,GBIF,Muscadinia munsoniana (J.H.Simpson ex Munson) Small,USA,29.456348,-82.222687,97e11085-f045-4050-875c-478e01ea2335,FALSE,FALSE
inRound2NotPublication,Vitis munsoniana,other,GBIF,Muscadinia munsoniana (J.H.Simpson ex Munson) Small,USA,29.345725,-82.154206,0696781e-0f98-4c8c-8735-46b6d381899e,FALSE,FALSE
inRound2NotPublication,Vitis munsoniana,other,GBIF,Muscadinia munsoniana (J.H.Simpson ex Munson) Small,USA,29.141793,-82.111323,b60104bf-d99b-4651-bd02-db71385f527f,FALSE,FALSE
inRound2NotPublication,Vitis munsoniana,other,GBIF,Muscadinia munsoniana (J.H.Simpson ex Munson) Small,USA,29.286079,-82.151945,48b05542-ac43-469f-8394-905b6c73264a,FALSE,FALSE
inRound2NotPublication,Vitis munsoniana,other,GBIF,Muscadinia munsoniana (J.H.Simpson ex Munson) Small,USA,29.505035,-82.26733,15eda66b-b2ff-4c34-aa1e-a54c80ce2387,FALSE,FALSE
inRound2NotPublication,Vitis munsoniana,other,GBIF,Muscadinia munsoniana (J.H.Simpson ex Munson) Small,USA,29.063328,-82.067268,af064878-500a-48ad-a4ac-2d15f67778cb,FALSE,FALSE
inRound2NotPublication,Vitis munsoniana,other,GBIF,Muscadinia munsoniana (J.H.Simpson ex Munson) Small,USA,29.143138,-82.11213,3ec8807f-dd1a-44ff-9375-25f5eba15788,FALSE,FALSE
inRound2NotPublication,Vitis munsoniana,other,GBIF,Muscadinia munsoniana (J.H.Simpson ex Munson) Small,USA,29.767788,-82.420173,76e138dd-64c3-4e55-9a5e-788c68549de3,FALSE,FALSE
inRound2NotPublication,Vitis munsoniana,other,GBIF,Muscadinia munsoniana (J.H.Simpson ex Munson) Small,USA,29.547358,-82.323704,92aa778c-2e0a-4e1b-97ad-1887dba9267f,FALSE,FALSE
inRound2NotPublication,Vitis munsoniana,other,GBIF,Muscadinia munsoniana (J.H.Simpson ex Munson) Small,USA,29.549863,-82.325813,d8a60e58-ee60-4bb9-bc14-27ea46d5b055,FALSE,FALSE
inRound2NotPublication,Vitis munsoniana,other,GBIF,Muscadinia munsoniana (J.H.Simpson ex Munson) Small,USA,29.425571,-82.21849,62beba74-0345-45cc-aa88-4d1eb6b1a0e9,FALSE,FALSE
inRound2NotPublication,Vitis munsoniana,other,GBIF,Muscadinia munsoniana (J.H.Simpson ex Munson) Small,USA,25.068127,-80.468305,5eea9fa8-ca62-4e2a-a524-f612cbba0c20,FALSE,FALSE
inRound2NotPublication,Vitis munsoniana,other,GBIF,Muscadinia munsoniana (J.H.Simpson ex Munson) Small,USA,26.408776,-81.396548,c44f6b3c-811a-44a7-bac7-f2ade926de86,FALSE,FALSE
inRound2NotPublication,Vitis munsoniana,other,GBIF,Muscadinia munsoniana (J.H.Simpson ex Munson) Small,USA,27.575313,-82.391345,6eead562-9485-48b3-a2b2-a7ed84559d00,FALSE,FALSE
inRound2NotPublication,Vitis munsoniana,other,GBIF,Muscadinia munsoniana (J.H.Simpson ex Munson) Small,USA,27.47143,-81.54147,b823218b-0cd3-4739-b6da-62258967ab25,FALSE,FALSE
inRound2NotPublication,Vitis munsoniana,other,GBIF,Muscadinia munsoniana (J.H.Simpson ex Munson) Small,USA,24.956575,-80.576539,34de1c3e-86ae-4e41-8e4c-0aa00aec50b0,FALSE,FALSE
inRound2NotPublication,Vitis munsoniana,other,GBIF,Muscadinia munsoniana (J.H.Simpson ex Munson) Small,USA,29.704227,-81.776022,50b2b919-18d4-408d-a520-71bef5a66b76,FALSE,FALSE
inRound2NotPublication,Vitis munsoniana,other,GBIF,Muscadinia munsoniana (J.H.Simpson ex Munson) Small,USA,27.353172,-80.632528,35e6508e-0045-4893-83a9-184dae18833a,FALSE,FALSE
inRound2NotPublication,Vitis munsoniana,other,GBIF,Muscadinia munsoniana (J.H.Simpson ex Munson) Small,USA,29.962542,-84.975904,b9fb1e51-f451-4fda-b148-5e7a75ee1119,FALSE,FALSE
inRound2NotPublication,Vitis munsoniana,other,GBIF,Muscadinia munsoniana (J.H.Simpson ex Munson) Small,USA,28.485341,-81.71531,27db10b1-4137-44eb-828c-e0d33214ebb9,FALSE,FALSE
inRound2NotPublication,Vitis munsoniana,other,GBIF,Muscadinia munsoniana (J.H.Simpson ex Munson) Small,USA,28.908619,-82.604988,bd104006-2a31-450a-a7a4-782d62c4a618,FALSE,FALSE
inRound2NotPublication,Vitis munsoniana,other,GBIF,Muscadinia munsoniana (J.H.Simpson ex Munson) Small,USA,25.068127,-80.468305,c256f4bd-cd9f-4e2f-9369-98faebd5d5a7,FALSE,FALSE
inRound2NotPublication,Vitis munsoniana,other,GBIF,Muscadinia munsoniana (J.H.Simpson ex Munson) Small,USA,29.70146,-82.341932,2f2e3c40-a655-4b57-b46c-502ac8adb0ac,FALSE,FALSE
inRound2NotPublication,Vitis munsoniana,other,GBIF,Muscadinia munsoniana (J.H.Simpson ex Munson) Small,USA,29.708319,-82.349934,5821e498-5552-4d96-9002-73b3ec9038cc,FALSE,FALSE
inRound2NotPublication,Vitis munsoniana,other,GBIF,Muscadinia munsoniana (J.H.Simpson ex Munson) Small,USA,29.734758,-82.380245,ce8e22da-a1d3-44d1-9c5e-22ec67e6a761,FALSE,FALSE
inRound2NotPublication,Vitis munsoniana,other,GBIF,Muscadinia munsoniana (J.H.Simpson ex Munson) Small,USA,29.706244,-82.347863,f5dbb920-039b-4932-9301-898046829c4b,FALSE,FALSE
inRound2NotPublication,Vitis munsoniana,other,GBIF,Muscadinia munsoniana (J.H.Simpson ex Munson) Small,USA,29.143138,-82.11213,c2fe523b-5001-4017-9adb-6cc74a2e9558,FALSE,FALSE
inRound2NotPublication,Vitis munsoniana,other,GBIF,Muscadinia munsoniana (J.H.Simpson ex Munson) Small,USA,29.685145,-85.327794,b11e7457-c235-4745-96c8-eb1034ac04da,FALSE,FALSE
inRound2NotPublication,Vitis munsoniana,gbifTaxonomy,GBIF,Vitis munsoniana Simpson ex Munson,USA,NA,NA,https://data.biodiversitydata.nl/naturalis/specimen/L.2339120,FALSE,FALSE
inRound2NotPublication,Vitis munsoniana,gbifTaxonomy,GBIF,Vitis munsoniana Simpson ex Munson,USA,NA,NA,https://data.biodiversitydata.nl/naturalis/specimen/L.2339119,FALSE,FALSE
inRound2NotPublication,Vitis munsoniana,gbifTaxonomy,GBIF,Vitis munsoniana Simpson ex Munson,USA,NA,NA,1f1559ad-dc49-4a10-aca6-d29677c1708f,FALSE,FALSE
inRound2NotPublication,Vitis munsoniana,gbifTaxonomy,GBIF,Vitis munsoniana Simpson ex Munson,USA,NA,NA,01d2b6e3-a519-4cd6-9546-a14ac3b2620e,FALSE,FALSE
inRound2NotPublication,Vitis munsoniana,gbifTaxonomy,GBIF,Vitis munsoniana Simpson ex Munson,USA,NA,NA,dda5b50b-1c34-4049-ae76-82af250f8711,FALSE,FALSE
inRound2NotPublication,Vitis munsoniana,gbifTaxonomy,GBIF,Vitis munsoniana Simpson ex Munson,USA,NA,NA,7a30b2a2-a138-4ecf-bd4e-babf8103ee1b,FALSE,FALSE
inRound2NotPublication,Vitis munsoniana,gbifTaxonomy,GBIF,Vitis munsoniana Simpson ex Munson,USA,NA,NA,9597242c-80b5-42b1-81ce-a7aa4772e203,FALSE,FALSE
inRound2NotPublication,Vitis munsoniana,gbifTaxonomy,GBIF,Vitis munsoniana Simpson ex Munson,USA,NA,NA,915a6ede-3231-495c-b794-03de9c98ca8d,FALSE,FALSE
inRound2NotPublication,Vitis munsoniana,gbifTaxonomy,GBIF,Vitis munsoniana Simpson ex Munson,USA,NA,NA,14906691,FALSE,FALSE
inRound2NotPublication,Vitis munsoniana,gbifTaxonomy,GBIF,Vitis munsoniana J.H.Simpson ex Planch.,USA,NA,NA,urn:catalog:MO:Tropicos:103585754,FALSE,FALSE
inRound2NotPublication,Vitis munsoniana,gbifTaxonomy,GBIF,Vitis munsoniana J.H.Simpson ex Planch.,USA,NA,NA,urn:catalog:MO:Tropicos:1406344,FALSE,FALSE
inRound2NotPublication,Vitis munsoniana,gbifTaxonomy,GBIF,Vitis munsoniana J.H.Simpson ex Planch.,USA,NA,NA,urn:catalog:MO:Tropicos:1406409,FALSE,FALSE
inRound2NotPublication,Vitis munsoniana,gbifTaxonomy,GBIF,Vitis munsoniana J.H.Simpson ex Planch.,USA,NA,NA,urn:catalog:MO:Tropicos:1406355,FALSE,FALSE
inRound2NotPublication,Vitis munsoniana,gbifTaxonomy,GBIF,Vitis munsoniana J.H.Simpson,USA,NA,NA,cbcd8e409a3fd8b9297ebc1d3d4aa3c1,FALSE,FALSE
inRound2NotPublication,Vitis munsoniana,gbifTaxonomy,GBIF,Vitis munsoniana J.H.Simpson,USA,NA,NA,http://n2t.net/ark:/65665/32e04751e-2b6e-4ac9-b20e-d4365bae7d92,FALSE,FALSE
inRound2NotPublication,Vitis munsoniana,gbifTaxonomy,GBIF,Vitis munsoniana J.H.Simpson,USA,NA,NA,http://n2t.net/ark:/65665/3881635de-b49c-4904-8fe2-6e74e6dcf32d,FALSE,FALSE
inRound2NotPublication,Vitis munsoniana,gbifTaxonomy,GBIF,Vitis munsoniana J.H.Simpson,USA,NA,NA,http://n2t.net/ark:/65665/38275d2ae-6b53-4a7b-b147-63e9ebbb0e64,FALSE,FALSE
inRound2NotPublication,Vitis munsoniana,gbifTaxonomy,GBIF,Vitis munsoniana J.H.Simpson,USA,NA,NA,http://n2t.net/ark:/65665/3b0ba1787-634e-49f8-987a-2dbde39cec9b,FALSE,FALSE
inRound2NotPublication,Vitis munsoniana,gbifTaxonomy,GBIF,Vitis munsoniana J.H.Simpson,USA,NA,NA,http://n2t.net/ark:/65665/3093266ed-d88c-4d09-9b62-f5626a9f1187,FALSE,FALSE
inRound2NotPublication,Vitis munsoniana,gbifTaxonomy,GBIF,Vitis munsoniana J.H.Simpson,USA,NA,NA,http://n2t.net/ark:/65665/327ce70b5-68a2-4387-b4fe-d2ac17963837,FALSE,FALSE
inRound2NotPublication,Vitis munsoniana,gbifTaxonomy,GBIF,Vitis munsoniana J.H.Simpson,USA,NA,NA,http://n2t.net/ark:/65665/325561406-2481-4e22-bdfc-59380a386b92,FALSE,FALSE
inRound2NotPublication,Vitis munsoniana,gbifTaxonomy,GBIF,Vitis munsoniana J.H.Simpson,USA,NA,NA,http://n2t.net/ark:/65665/3f0287033-5817-4873-8d7b-681dd5c5a989,FALSE,FALSE
inRound2NotPublication,Vitis munsoniana,gbifTaxonomy,GBIF,Vitis munsoniana J.H.Simpson,USA,NA,NA,http://n2t.net/ark:/65665/366954215-041a-4396-8ac7-459ead8ea5c5,FALSE,FALSE
inRound2NotPublication,Vitis munsoniana,gbifTaxonomy,GBIF,Vitis munsoniana J.H.Simpson,USA,NA,NA,http://n2t.net/ark:/65665/3328c67c6-c1b3-41f2-84b7-1f4754dd930e,FALSE,FALSE
inRound2NotPublication,Vitis munsoniana,gbifTaxonomy,GBIF,Vitis munsoniana J.H.Simpson,USA,NA,NA,http://n2t.net/ark:/65665/3b9205065-54fa-4811-b2ce-ea850c75a748,FALSE,FALSE
inRound2NotPublication,Vitis munsoniana,gbifTaxonomy,GBIF,Vitis munsoniana J.H.Simpson,USA,NA,NA,http://n2t.net/ark:/65665/312df8466-d0e1-48b1-bf9a-68ba70b18456,FALSE,FALSE
inRound2NotPublication,Vitis munsoniana,gbifTaxonomy,GBIF,Vitis munsoniana J.H.Simpson,USA,NA,NA,http://n2t.net/ark:/65665/37e381b27-f360-46f0-9523-f0c5af8c1b59,FALSE,FALSE
inRound2NotPublication,Vitis munsoniana,gbifTaxonomy,GBIF,Vitis munsoniana J.H.Simpson,USA,NA,NA,http://n2t.net/ark:/65665/30b8e0b4a-6cc2-47d7-97ba-575be5f59dd8,FALSE,FALSE
inRound2NotPublication,Vitis munsoniana,gbifTaxonomy,GBIF,Vitis munsoniana J.H.Simpson,USA,NA,NA,http://n2t.net/ark:/65665/3648850de-1ff9-425b-8b33-c238c4e22ecd,FALSE,FALSE
inRound2NotPublication,Vitis munsoniana,gbifTaxonomy,GBIF,Vitis munsoniana J.H.Simpson,USA,NA,NA,http://n2t.net/ark:/65665/3f24ca1f4-efcb-423b-a1da-24d300f2a12b,FALSE,FALSE
inRound2NotPublication,Vitis munsoniana,gbifTaxonomy,GBIF,Vitis munsoniana J.H.Simpson,USA,NA,NA,http://n2t.net/ark:/65665/37e140eab-c587-4cf7-9e9e-0e76cf21f286,FALSE,FALSE
inRound2NotPublication,Vitis munsoniana,gbifTaxonomy,GBIF,Vitis munsoniana J.H.Simpson,USA,NA,NA,http://n2t.net/ark:/65665/39e51172d-f978-451c-9188-f584bc39cae2,FALSE,FALSE
inRound2NotPublication,Vitis munsoniana,gbifTaxonomy,GBIF,Vitis munsoniana J.H.Simpson,USA,NA,NA,http://n2t.net/ark:/65665/33c0668c4-b324-4aa1-a5d4-15b5dff3fd3e,FALSE,FALSE
inRound2NotPublication,Vitis munsoniana,gbifTaxonomy,GBIF,Vitis munsoniana J.H.Simpson,USA,NA,NA,http://n2t.net/ark:/65665/32126d775-cf88-4bf6-b42e-b9a0cbb37748,FALSE,FALSE
inRound2NotPublication,Vitis munsoniana,gbifTaxonomy,GBIF,Vitis munsoniana J.H.Simpson,USA,NA,NA,http://n2t.net/ark:/65665/310a5dd2d-09a3-42b8-b92a-43940d8a7bde,FALSE,FALSE
inRound2NotPublication,Vitis munsoniana,gbifTaxonomy,GBIF,Vitis munsoniana J.H.Simpson,USA,NA,NA,http://n2t.net/ark:/65665/373548ac6-de93-467f-bf46-a9c50831f461,FALSE,FALSE
inRound2NotPublication,Vitis munsoniana,gbifTaxonomy,GBIF,Vitis munsoniana J.H.Simpson,USA,NA,NA,http://n2t.net/ark:/65665/3dcbd9763-84a9-47d6-b831-f57a981a3f37,FALSE,FALSE
inRound2NotPublication,Vitis munsoniana,gbifTaxonomy,GBIF,Vitis munsoniana J.H.Simpson,USA,NA,NA,http://n2t.net/ark:/65665/324c1f795-9b14-4f4a-81f5-431815903161,FALSE,FALSE
inRound2NotPublication,Vitis munsoniana,gbifTaxonomy,GBIF,Vitis munsoniana J.H.Simpson,USA,NA,NA,http://n2t.net/ark:/65665/3bf51c4f1-b9db-437d-b1c9-dabdb47356af,FALSE,FALSE
inRound2NotPublication,Vitis munsoniana,gbifTaxonomy,GBIF,Vitis munsoniana J.H.Simpson,USA,NA,NA,http://n2t.net/ark:/65665/309672271-6882-4e32-a7da-910d1968926c,FALSE,FALSE
inRound2NotPublication,Vitis munsoniana,gbifTaxonomy,GBIF,Vitis munsoniana J.H.Simpson,USA,NA,NA,http://n2t.net/ark:/65665/3305e1384-32ac-45a9-93f1-9b18facb47bb,FALSE,FALSE
inRound2NotPublication,Vitis munsoniana,gbifTaxonomy,GBIF,Vitis munsoniana J.H.Simpson,USA,NA,NA,http://n2t.net/ark:/65665/30577e053-9036-4a29-a195-31dfc427d4ad,FALSE,FALSE
inRound2NotPublication,Vitis munsoniana,gbifTaxonomy,GBIF,Vitis munsoniana J.H.Simpson,USA,NA,NA,http://n2t.net/ark:/65665/331f0de2f-fca0-40f3-9c4f-ad6996790c03,FALSE,FALSE
inRound2NotPublication,Vitis munsoniana,gbifTaxonomy,GBIF,Vitis munsoniana J.H.Simpson,USA,NA,NA,http://n2t.net/ark:/65665/35f3aa92a-24cb-429d-aa34-1b09c3ba87c3,FALSE,FALSE
inRound2NotPublication,Vitis munsoniana,gbifTaxonomy,GBIF,Vitis munsoniana J.H.Simpson,USA,NA,NA,http://n2t.net/ark:/65665/3eaf02e03-531d-47ad-bb7f-e38da418dbea,FALSE,FALSE
inRound2NotPublication,Vitis munsoniana,gbifTaxonomy,GBIF,Vitis munsoniana J.H.Simpson,USA,NA,NA,http://n2t.net/ark:/65665/3b04b9a55-e5ee-4cf3-be87-f96211d0ab16,FALSE,FALSE
inRound2NotPublication,Vitis munsoniana,gbifTaxonomy,GBIF,Vitis munsoniana J.H.Simpson,USA,NA,NA,http://n2t.net/ark:/65665/38e80fbc2-9516-4aeb-9582-777d6036b8f1,FALSE,FALSE
inRound2NotPublication,Vitis munsoniana,gbifTaxonomy,GBIF,Vitis munsoniana J.H.Simpson,USA,NA,NA,http://n2t.net/ark:/65665/35996a1e5-848d-442f-9c40-784c1325cffe,FALSE,FALSE
inRound2NotPublication,Vitis munsoniana,gbifTaxonomy,GBIF,Vitis munsoniana J.H.Simpson,USA,NA,NA,http://n2t.net/ark:/65665/39b50dee4-ba43-4933-9f82-3b13ca482f6f,FALSE,FALSE
inRound2NotPublication,Vitis munsoniana,gbifTaxonomy,GBIF,Vitis munsoniana J.H.Simpson,USA,NA,NA,http://n2t.net/ark:/65665/3b7bb7628-0653-406b-9063-c74de46b6184,FALSE,FALSE
inRound2NotPublication,Vitis munsoniana,gbifTaxonomy,GBIF,Vitis munsoniana J.H.Simpson,USA,NA,NA,http://n2t.net/ark:/65665/35b2b35cb-3742-4d00-8a50-cf28cbbb06f0,FALSE,FALSE
inRound2NotPublication,Vitis munsoniana,gbifTaxonomy,GBIF,Vitis munsoniana Simpson ex Munson,USA,NA,NA,http://coldb.mnhn.fr/catalognumber/mnhn/p/p02343796,FALSE,FALSE
inRound2NotPublication,Vitis munsoniana,gbifTaxonomy,GBIF,Vitis munsoniana Simpson ex Munson,USA,NA,NA,9ded6b44-1889-4f12-944b-8f596e7d37be,FALSE,FALSE
inRound2NotPublication,Vitis munsoniana,gbifTaxonomy,GBIF,Vitis munsoniana Simpson ex Munson,USA,NA,NA,7f357a5b-3eb0-4284-b4bb-2607d8368b24,FALSE,FALSE
inRound2NotPublication,Vitis munsoniana,gbifTaxonomy,GBIF,Vitis munsoniana Simpson ex Munson,USA,NA,NA,f80e6370-d247-4dfa-b374-efcdb2cb6bf7,FALSE,FALSE
inRound2NotPublication,Vitis munsoniana,gbifTaxonomy,GBIF,Vitis munsoniana Simpson ex Munson,USA,NA,NA,f8951563-f74f-4c0d-bcda-30a20a0a86b5,FALSE,FALSE
inRound2NotPublication,Vitis munsoniana,gbifTaxonomy,GBIF,Vitis munsoniana Simpson ex Munson,USA,NA,NA,2730af88-4dea-47d6-aea8-6cecf6489aa8,FALSE,FALSE
inRound2NotPublication,Vitis munsoniana,gbifTaxonomy,GBIF,Vitis munsoniana Simpson ex Munson,USA,NA,NA,f30e2ada-ad45-4372-a7b1-9fc07d921afd,FALSE,FALSE
inRound2NotPublication,Vitis munsoniana,gbifTaxonomy,GBIF,Vitis munsoniana Simpson ex Munson,USA,NA,NA,82501966-896b-49b4-9ad4-d36c7b67ba5e,FALSE,FALSE
inRound2NotPublication,Vitis munsoniana,gbifTaxonomy,GBIF,Vitis munsoniana Simpson ex Munson,USA,NA,NA,fccc6223-fde5-4e3c-8cd1-1e2e500437aa,FALSE,FALSE
inRound2NotPublication,Vitis munsoniana,gbifTaxonomy,GBIF,Vitis munsoniana Simpson ex Munson,USA,NA,NA,3a839aeb-da77-45c9-9070-77ed2b2d2012,FALSE,FALSE
inRound2NotPublication,Vitis munsoniana,gbifTaxonomy,GBIF,Vitis munsoniana Simpson ex Munson,USA,NA,NA,511aed5b-763c-423c-bd5a-b3f31baf9642,FALSE,FALSE
inRound2NotPublication,Vitis munsoniana,gbifTaxonomy,GBIF,Vitis munsoniana Simpson ex Munson,USA,NA,NA,2503979b-4687-45b0-9cd7-15e34ba10c1a,FALSE,FALSE
inRound2NotPublication,Vitis munsoniana,gbifTaxonomy,GBIF,Vitis munsoniana Simpson ex Munson,USA,NA,NA,83e21bcf-6a7d-4a90-991a-4fc003f1f8d6,FALSE,FALSE
inRound2NotPublication,Vitis munsoniana,gbifTaxonomy,GBIF,Vitis munsoniana Simpson ex Munson,USA,NA,NA,486207ea-504d-47c1-8684-34abf39ed3d5,FALSE,FALSE
inRound2NotPublication,Vitis munsoniana,gbifTaxonomy,GBIF,Vitis munsoniana Simpson ex Munson,USA,NA,NA,67c57791-9dca-4e1b-ad5b-95edfe1d4262,FALSE,FALSE
inRound2NotPublication,Vitis munsoniana,gbifTaxonomy,GBIF,Vitis munsoniana Simpson ex Munson,USA,NA,NA,8f0441a6-de2a-4564-aae1-985fd31789ee,FALSE,FALSE
inRound2NotPublication,Vitis munsoniana,gbifTaxonomy,GBIF,Vitis munsoniana Simpson ex Munson,USA,NA,NA,d770577e-2f65-412a-ac30-e0591be01d5f,FALSE,FALSE
inRound2NotPublication,Vitis munsoniana,gbifTaxonomy,GBIF,Vitis munsoniana J.H.Simpson ex Planch.,USA,NA,NA,http://specimens.kew.org/herbarium/K004491039,FALSE,FALSE
inRound2NotPublication,Vitis munsoniana,gbifTaxonomy,GBIF,Vitis munsoniana J.H.Simpson ex Planch.,USA,NA,NA,http://specimens.kew.org/herbarium/K004491035,FALSE,FALSE
inRound2NotPublication,Vitis munsoniana,gbifTaxonomy,GBIF,Vitis munsoniana J.H.Simpson ex Planch.,USA,NA,NA,http://specimens.kew.org/herbarium/K004491040,FALSE,FALSE
inRound2NotPublication,Vitis munsoniana,gbifTaxonomy,GBIF,Vitis munsoniana J.H.Simpson ex Planch.,USA,NA,NA,http://specimens.kew.org/herbarium/K004491036,FALSE,FALSE
inRound2NotPublication,Vitis munsoniana,gbifTaxonomy,GBIF,Vitis munsoniana Simpson ex Munson,NA,NA,NA,0fc800dc-9f70-440c-8925-9dbca48ecb55,FALSE,FALSE
inRound2NotPublication,Vitis munsoniana,gbifTaxonomy,GBIF,Vitis munsoniana J.H.Simpson ex Planch.,USA,NA,NA,http://specimens.kew.org/herbarium/K004491038,FALSE,FALSE
inRound2NotPublication,Vitis munsoniana,gbifTaxonomy,GBIF,Vitis munsoniana J.H.Simpson ex Planch.,USA,NA,NA,http://specimens.kew.org/herbarium/K004491037,FALSE,FALSE
inRound2NotPublication,Vitis munsoniana,gbifTaxonomy,GBIF,Vitis munsoniana J.H.Simpson ex Planch.,NA,NA,NA,7b543d74-8a43-400c-bc63-336fa59941b7,FALSE,FALSE
inRound2NotPublication,Vitis munsoniana,gbifTaxonomy,GBIF,Vitis munsoniana J.H.Simpson ex Planch.,NA,NA,NA,42f52fc5-52a0-4ddc-a6ad-6f189b86709e,FALSE,FALSE
inRound2NotPublication,Vitis munsoniana,gbifTaxonomy,GBIF,Vitis munsoniana J.H.Simpson ex Planch.,NA,NA,NA,a93944ac-a8b6-43d8-8ee6-f90086898d01,FALSE,FALSE
inRound2NotPublication,Vitis munsoniana,gbifTaxonomy,GBIF,Vitis munsoniana J.H.Simpson ex Planch.,NA,NA,NA,be03f476-79a1-4cc8-94ed-98b2e7493e8f,FALSE,FALSE
inRound2NotPublication,Vitis munsoniana,gbifTaxonomy,GBIF,Vitis munsoniana J.H.Simpson ex Planch.,NA,NA,NA,d2ade386-cbde-4997-8df6-47f89bd30522,FALSE,FALSE
inRound2NotPublication,Vitis munsoniana,gbifTaxonomy,GBIF,Vitis munsoniana J.H.Simpson ex Planch.,NA,NA,NA,63c00b0c-f1df-4490-9d03-3890056eb34f,FALSE,FALSE
inRound2NotPublication,Vitis munsoniana,gbifTaxonomy,GBIF,Vitis munsoniana J.H.Simpson ex Planch.,NA,NA,NA,13178cac-502a-4239-b6d1-08211d7e6f80,FALSE,FALSE
inRound2NotPublication,Vitis munsoniana,gbifTaxonomy,GBIF,Vitis munsoniana J.H.Simpson ex Planch.,NA,NA,NA,e51867eb-de8b-4afa-9e2e-edb37c726f8d,FALSE,FALSE
inRound2NotPublication,Vitis munsoniana,gbifTaxonomy,GBIF,Vitis munsoniana J.H.Simpson ex Planch.,NA,NA,NA,40d0bc99-2270-45e3-aed1-aa01dcec99d3,FALSE,FALSE
inRound2NotPublication,Vitis munsoniana,gbifTaxonomy,GBIF,Vitis munsoniana J.H.Simpson ex Planch.,NA,NA,NA,b0c81c8c-9305-4766-9829-7ebd508119c4,FALSE,FALSE
inRound2NotPublication,Vitis munsoniana,gbifTaxonomy,GBIF,Vitis munsoniana J.H.Simpson ex Planch.,NA,NA,NA,40b26dc0-090d-446c-9919-4921ba3cf543,FALSE,FALSE
inRound2NotPublication,Vitis munsoniana,gbifTaxonomy,GBIF,Vitis munsoniana J.H.Simpson ex Planch.,NA,NA,NA,3a526263-832f-4141-be71-6d100e0917c1,FALSE,FALSE
inRound2NotPublication,Vitis munsoniana,gbifTaxonomy,GBIF,Vitis munsoniana J.H.Simpson ex Planch.,NA,NA,NA,d8fdd867-9faa-4d17-930d-a6c379705323,FALSE,FALSE
inRound2NotPublication,Vitis munsoniana,gbifTaxonomy,GBIF,Vitis munsoniana J.H.Simpson ex Planch.,NA,NA,NA,35387e89-f96c-4ea8-926d-9bdb2bbd42a7,FALSE,FALSE
inRound2NotPublication,Vitis munsoniana,gbifTaxonomy,GBIF,Vitis munsoniana J.H.Simpson ex Planch.,NA,NA,NA,a0150c0d-c124-4c85-8c53-042bda0a9295,FALSE,FALSE
inRound2NotPublication,Vitis munsoniana,gbifTaxonomy,GBIF,Vitis munsoniana Simpson ex Munson,NA,NA,NA,34cc9ec2-1257-4615-be9a-7f7f7186be1f,FALSE,FALSE
inRound2NotPublication,Vitis munsoniana,gbifTaxonomy,GBIF,Vitis munsoniana J.H.Simpson ex Planch.,NA,NA,NA,70da3cdd-f7db-40ce-96b1-35612347be38,FALSE,FALSE
inRound2NotPublication,Vitis munsoniana,gbifTaxonomy,GBIF,Vitis munsoniana Simpson ex Munson,NA,NA,NA,fa0b3d32-24d9-4958-8425-60eea70e44b0,FALSE,FALSE
inRound2NotPublication,Vitis munsoniana,gbifTaxonomy,GBIF,Vitis munsoniana J.H.Simpson ex Planch.,NA,NA,NA,52db7562-db2a-43c8-acdf-95f3ae8b2255,FALSE,FALSE
inRound2NotPublication,Vitis munsoniana,gbifTaxonomy,GBIF,Vitis munsoniana J.H.Simpson ex Planch.,NA,NA,NA,d6f8db47-54f8-429c-9a88-8d345e0fe34c,FALSE,FALSE
inRound2NotPublication,Vitis munsoniana,gbifTaxonomy,GBIF,Vitis munsoniana J.H.Simpson ex Planch.,NA,NA,NA,2a80d58f-0a7f-4d26-94d4-e3df56ae7ee2,FALSE,FALSE
inRound2NotPublication,Vitis munsoniana,gbifTaxonomy,GBIF,Vitis munsoniana J.H.Simpson ex Planch.,NA,NA,NA,cfb10f4a-bd2a-4c04-b0e5-1cf70c212451,FALSE,FALSE
inRound2NotPublication,Vitis munsoniana,gbifTaxonomy,GBIF,Vitis munsoniana Simpson ex Munson,NA,NA,NA,914ba493-899d-4b30-8f57-709a176e7628,FALSE,FALSE
inRound2NotPublication,Vitis munsoniana,gbifTaxonomy,GBIF,Vitis munsoniana J.H.Simpson ex Planch.,NA,NA,NA,3b1dc37a-d86a-4d46-8a0a-9e7e5c917f43,FALSE,FALSE
inRound2NotPublication,Vitis munsoniana,gbifTaxonomy,GBIF,Vitis munsoniana Simpson ex Munson,NA,NA,NA,39a66c12-a6a9-42e1-85ae-d1f181baec93,FALSE,FALSE
inRound2NotPublication,Vitis munsoniana,gbifTaxonomy,GBIF,Vitis munsoniana J.H.Simpson ex Planch.,NA,NA,NA,5760fdcc-1d63-4c67-b311-3d5d472a29df,FALSE,FALSE
inRound2NotPublication,Vitis munsoniana,gbifTaxonomy,GBIF,Vitis munsoniana J.H.Simpson ex Planch.,NA,NA,NA,25e710da-3433-4a84-ac7f-68a1d754be93,FALSE,FALSE
inRound2NotPublication,Vitis munsoniana,gbifTaxonomy,GBIF,Vitis munsoniana J.H.Simpson ex Planch.,NA,NA,NA,0eb9fe7f-2115-443e-b86d-90e4db7f3923,FALSE,FALSE
inRound2NotPublication,Vitis munsoniana,gbifTaxonomy,GBIF,Vitis munsoniana J.H.Simpson ex Planch.,NA,NA,NA,63ae6f88-a7eb-40ba-9d31-4a62ce21ee0e,FALSE,FALSE
inRound2NotPublication,Vitis munsoniana,gbifTaxonomy,GBIF,Vitis munsoniana J.H.Simpson ex Planch.,NA,NA,NA,a609da64-72ef-4928-9362-e3faff13ee84,FALSE,FALSE
inRound2NotPublication,Vitis munsoniana,gbifTaxonomy,GBIF,Vitis munsoniana J.H.Simpson ex Planch.,NA,NA,NA,e5086ec3-ef9e-4baf-bde2-87557388b401,FALSE,FALSE
inRound2NotPublication,Vitis munsoniana,gbifTaxonomy,GBIF,Vitis munsoniana Simpson ex Munson,NA,NA,NA,939a8edd-126c-48ee-b8f0-ff5b60356455,FALSE,FALSE
inRound2NotPublication,Vitis munsoniana,gbifTaxonomy,GBIF,Vitis munsoniana J.H.Simpson ex Planch.,NA,NA,NA,1997b0a0-0aeb-475e-abea-4c1397af959e,FALSE,FALSE
inRound2NotPublication,Vitis munsoniana,gbifTaxonomy,GBIF,Vitis munsoniana Simpson ex Munson,NA,NA,NA,1f64e22a-ca9c-422b-b1a6-60ed65859afe,FALSE,FALSE
inRound2NotPublication,Vitis munsoniana,gbifTaxonomy,GBIF,Vitis munsoniana J.H.Simpson ex Planch.,NA,NA,NA,6ca87fa6-a339-4b6b-bade-7bca2c051456,FALSE,FALSE
inRound2NotPublication,Vitis munsoniana,gbifTaxonomy,GBIF,Vitis munsoniana J.H.Simpson ex Planch.,NA,NA,NA,b130ec91-0cd8-4b7e-9c57-e3f414a88aad,FALSE,FALSE
inRound2NotPublication,Vitis munsoniana,gbifTaxonomy,GBIF,Vitis munsoniana Simpson ex Munson,USA,NA,NA,ee1fd41f-8061-4f87-b67d-fdac63987a96,FALSE,FALSE
inRound2NotPublication,Vitis munsoniana,gbifTaxonomy,GBIF,Vitis munsoniana Simpson ex Munson,USA,NA,NA,89503b40-020c-4276-9185-1c82306a85f5,FALSE,FALSE
inRound2NotPublication,Vitis munsoniana,gbifTaxonomy,GBIF,Vitis munsoniana Simpson ex Munson,USA,NA,NA,fe6fc18a-82e0-413d-b2c5-8c49534de334,FALSE,FALSE
inRound2NotPublication,Vitis munsoniana,gbifTaxonomy,GBIF,Vitis munsoniana Simpson ex Munson,USA,NA,NA,51f549e0-7e4d-409d-94c7-fceaf3d86432,FALSE,FALSE
inRound2NotPublication,Vitis munsoniana,gbifTaxonomy,GBIF,Vitis munsoniana Simpson ex Munson,USA,NA,NA,23fc36b6-b16d-4021-828c-e17d90fb7f4e,FALSE,FALSE
inRound2NotPublication,Vitis munsoniana,gbifTaxonomy,GBIF,Vitis munsoniana Simpson ex Munson,USA,NA,NA,0f32bdcc-3256-4dab-b560-119be918d1b9,FALSE,FALSE
inRound2NotPublication,Vitis munsoniana,gbifTaxonomy,GBIF,Vitis munsoniana J.H.Simpson,USA,NA,NA,http://n2t.net/ark:/65665/3ede92c0e-0c82-41a0-95fd-f1203b2a7536,FALSE,FALSE
inRound2NotPublication,Vitis munsoniana,gbifTaxonomy,GBIF,Vitis munsoniana J.H.Simpson,USA,NA,NA,http://n2t.net/ark:/65665/3f6bff738-809f-4017-8b89-f245605feb60,FALSE,FALSE
inRound2NotPublication,Vitis munsoniana,gbifTaxonomy,GBIF,Vitis munsoniana J.H.Simpson,USA,NA,NA,http://n2t.net/ark:/65665/357e0fbe4-e088-44f3-9560-f4a5da8bf8f9,FALSE,FALSE
inRound2NotPublication,Vitis munsoniana,gbifTaxonomy,GBIF,Vitis munsoniana Simpson ex Munson,USA,NA,NA,https://data.biodiversitydata.nl/naturalis/specimen/L.2339118,FALSE,FALSE
inRound2NotPublication,Vitis munsoniana,gbifTaxonomy,GBIF,Vitis munsoniana Simpson ex Munson,USA,NA,NA,33e2b5f5-6112-4eda-851c-439dd5b8560b,FALSE,FALSE
inRound2NotPublication,Vitis munsoniana,gbifTaxonomy,GBIF,Vitis munsoniana Simpson ex Munson,USA,NA,NA,195211da-a2ad-4e4e-9786-fe9a84ac1ea3,FALSE,FALSE
inRound2NotPublication,Vitis munsoniana,gbifTaxonomy,GBIF,Vitis munsoniana Simpson ex Munson,USA,NA,NA,8274039d-373b-4d98-9ab4-98f7cc982ed2,FALSE,FALSE
inRound2NotPublication,Vitis munsoniana,gbifTaxonomy,GBIF,Vitis munsoniana Simpson ex Munson,USA,NA,NA,ba6711d1-ddd3-4899-91a5-43312469b069,FALSE,FALSE
inRound2NotPublication,Vitis munsoniana,gbifTaxonomy,GBIF,Vitis munsoniana Simpson ex Munson,USA,NA,NA,86529f81-957f-4d31-b0bb-0353b4a0bef6,FALSE,FALSE
inRound2NotPublication,Vitis munsoniana,gbifTaxonomy,GBIF,Vitis munsoniana Simpson ex Munson,USA,NA,NA,beece8dd-64f7-470a-a3cd-ad657fd85a85,FALSE,FALSE
inRound2NotPublication,Vitis munsoniana,gbifTaxonomy,GBIF,Vitis munsoniana Simpson ex Munson,USA,NA,NA,48e3e8aa-2368-44c2-925c-e65eb27de105,FALSE,FALSE
inRound2NotPublication,Vitis munsoniana,gbifTaxonomy,GBIF,Vitis munsoniana Simpson ex Munson,USA,NA,NA,71bbe2e7-61fa-41ad-89d8-5b6c9bf57b5e,FALSE,FALSE
inRound2NotPublication,Vitis munsoniana,gbifTaxonomy,GBIF,Vitis munsoniana Simpson ex Munson,USA,NA,NA,721a94df-1513-4280-8029-3715c4e9dd56,FALSE,FALSE
inRound2NotPublication,Vitis munsoniana,gbifTaxonomy,GBIF,Vitis munsoniana Simpson ex Munson,USA,NA,NA,826278c3-21ac-4d85-88ff-f3e02e5710fa,FALSE,FALSE
inRound2NotPublication,Vitis munsoniana,gbifTaxonomy,GBIF,Vitis munsoniana Simpson ex Munson,USA,NA,NA,127a28f7-ba86-4100-a782-7d0dca2c6088,FALSE,FALSE
inRound2NotPublication,Vitis munsoniana,gbifTaxonomy,GBIF,Vitis munsoniana Simpson ex Munson,USA,NA,NA,260a6fc3-6326-402a-baa5-65333d973e72,FALSE,FALSE
inRound2NotPublication,Vitis munsoniana,gbifTaxonomy,GBIF,Vitis munsoniana Simpson ex Munson,NA,NA,NA,60b1370f-c660-4643-8c1c-823b271944ea,FALSE,FALSE
inRound2NotPublication,Vitis munsoniana,gbifTaxonomy,GBIF,Vitis munsoniana Simpson ex Munson,USA,NA,NA,9e795e81-757a-4798-bf2d-fa78c9b15157,FALSE,FALSE
inRound2NotPublication,Vitis munsoniana,gbifTaxonomy,GBIF,Vitis munsoniana Simpson ex Munson,USA,NA,NA,9d847130-32a5-4706-8b66-ffd23225b537,FALSE,FALSE
inRound2NotPublication,Vitis munsoniana,gbifTaxonomy,GBIF,Vitis munsoniana Simpson ex Munson,USA,NA,NA,ecf896ca-49dc-4151-af1e-3898bbd7dbf6,FALSE,FALSE
inRound2NotPublication,Vitis munsoniana,gbifTaxonomy,GBIF,Vitis munsoniana Simpson ex Munson,USA,NA,NA,7d5633ee-297d-44e3-91f3-e8cf166ebf89,FALSE,FALSE
inRound2NotPublication,Vitis munsoniana,gbifTaxonomy,GBIF,Vitis munsoniana Simpson ex Munson,USA,NA,NA,c8f0e462-ec72-4e33-934e-598bc7b56dd1,FALSE,FALSE
inRound2NotPublication,Vitis munsoniana,other,GBIF,Muscadinia munsoniana (J.H.Simpson ex Munson) Small,USA,NA,NA,https://data.biodiversitydata.nl/naturalis/specimen/U.1770381,FALSE,FALSE
inRound2NotPublication,Vitis munsoniana,other,GBIF,Muscadinia munsoniana (J.H.Simpson ex Munson) Small,USA,NA,NA,https://data.biodiversitydata.nl/naturalis/specimen/U.1770380,FALSE,FALSE
inRound2NotPublication,Vitis munsoniana,other,GBIF,Muscadinia munsoniana (J.H.Simpson ex Munson) Small,USA,NA,NA,1348c201-9629-4b63-9ade-e216ed4840e7,FALSE,FALSE
inRound2NotPublication,Vitis munsoniana,other,GBIF,Muscadinia munsoniana (J.H.Simpson ex Munson) Small,USA,NA,NA,http://www.botanicalcollections.be/specimen/BR0000034963142,FALSE,FALSE
inRound2NotPublication,Vitis munsoniana,other,GBIF,Muscadinia munsoniana (J.H.Simpson ex Munson) Small,USA,NA,NA,https://data.rbge.org.uk/herb/E00294030,FALSE,FALSE
inRound2NotPublication,Vitis munsoniana,other,GBIF,Muscadinia munsoniana (J.H.Simpson ex Munson) Small,USA,NA,NA,b48459ca-615a-4b33-814c-7e3573603d2c,FALSE,FALSE
inRound2NotPublication,Vitis munsoniana,other,GBIF,Muscadinia munsoniana (J.H.Simpson ex Munson) Small,USA,NA,NA,781ebc8a-56d9-44ed-9445-f3caccba5d5d,FALSE,FALSE
inRound2NotPublication,Vitis munsoniana,other,GBIF,Muscadinia munsoniana (J.H.Simpson ex Munson) Small,USA,NA,NA,b6a9e68b-9be7-4dcf-9637-5f43911261af,FALSE,FALSE
inRound2NotPublication,Vitis munsoniana,other,GBIF,Muscadinia munsoniana (J.H.Simpson ex Munson) Small,USA,NA,NA,1aaaf3f0-ea52-4b95-9f1b-36016118165d,FALSE,FALSE
inRound2NotPublication,Vitis munsoniana,other,GBIF,Muscadinia munsoniana (J.H.Simpson ex Munson) Small,USA,NA,NA,dd03b83a-3f6d-4f68-90b7-182de99e4d0f,FALSE,FALSE
inRound2NotPublication,Vitis munsoniana,other,GBIF,Muscadinia munsoniana (J.H.Simpson ex Munson) Small,USA,NA,NA,6452852e-0b68-4418-a83f-36707c1a02a9,FALSE,FALSE
inRound2NotPublication,Vitis munsoniana,other,GBIF,Muscadinia munsoniana (J.H.Simpson ex Munson) Small,USA,NA,NA,2fdee6c5-f915-11e2-9428-c94601350785,FALSE,FALSE
inRound2NotPublication,Vitis mustangensis,gbifTaxonomy,GBIF,Vitis candicans var. diversa L.H.Bailey,USA,NA,NA,c1a6bf146f656f4f701fc7646c4a60e5,FALSE,FALSE
inRound2NotPublication,Vitis novogranatensis,dec16Driver,Personal Communication with Jun Wen,NA,NA,NA,NA,Lawrance 162,FALSE,FALSE
inRound2NotPublication,Vitis popenoei,other,GBIF,Vitis popenoei Fennell,MEX,NA,NA,NA,FALSE,FALSE
inRound2NotPublication,Vitis rotundifolia,gbifTaxonomy,GBIF,Vitis L.,NA,NA,NA,6627Col1,FALSE,FALSE
inRound2NotPublication,Vitis rufotomentosa,gbifTaxonomy,GBIF,Vitis rufotomentosa Small,USA,38.73147,-75.74672,3af8d8b9-470f-41bd-be23-c8ef6ad2c40a,FALSE,FALSE
inRound2NotPublication,Vitis rufotomentosa,gbifTaxonomy,GBIF,Vitis rufotomentosa Small,USA,38.35351,-75.41104,ff3657bb-5e2a-4dc0-9829-4291e8ce404e,FALSE,FALSE
inRound2NotPublication,Vitis rufotomentosa,gbifTaxonomy,GBIF,Vitis rufotomentosa Small,USA,38.731471,-75.746721,c6375f82-b567-4f84-a89f-a4753765fc8a,FALSE,FALSE
inRound2NotPublication,Vitis rufotomentosa,gbifTaxonomy,GBIF,Vitis L.,USA,27.456385,-81.420753,https://www.inaturalist.org/observations/119963303,FALSE,FALSE
inRound2NotPublication,Vitis rufotomentosa,gbifTaxonomy,GBIF,Vitis L.,USA,33.967948,-85.732386,https://www.inaturalist.org/observations/215435058,FALSE,FALSE
inRound2NotPublication,Vitis rufotomentosa,gbifTaxonomy,GBIF,Vitis L.,USA,27.3682,-81.399606,https://www.inaturalist.org/observations/114498056,FALSE,FALSE
inRound2NotPublication,Vitis rufotomentosa,gbifTaxonomy,GBIF,Vitis L.,USA,27.368308,-81.399588,https://www.inaturalist.org/observations/112408323,FALSE,FALSE
inRound2NotPublication,Vitis rufotomentosa,gbifTaxonomy,GBIF,Vitis L.,USA,28.618938,-82.357245,https://www.inaturalist.org/observations/191550056,FALSE,FALSE
inRound2NotPublication,Vitis rufotomentosa,gbifTaxonomy,GBIF,Vitis L.,USA,35.373078,-79.974547,https://www.inaturalist.org/observations/115505016,FALSE,FALSE
inRound2NotPublication,Vitis rufotomentosa,gbifTaxonomy,GBIF,Vitis L.,USA,27.531047,-81.40998,https://www.inaturalist.org/observations/74360073,FALSE,FALSE
inRound2NotPublication,Vitis rufotomentosa,gbifTaxonomy,GBIF,Vitis L.,USA,27.518802,-81.41629,https://www.inaturalist.org/observations/88948538,FALSE,FALSE
inRound2NotPublication,Vitis rufotomentosa,gbifTaxonomy,GBIF,Vitis L.,USA,27.531016,-81.410704,https://www.inaturalist.org/observations/74322648,FALSE,FALSE
inRound2NotPublication,Vitis rufotomentosa,gbifTaxonomy,GBIF,Vitis rufotomentosa Small,USA,27.4995,-81.8099,http://n2t.net/ark:/65665/3a20ab650-e066-4e4a-bf96-c57dd451bdb5,FALSE,FALSE
inRound2NotPublication,Vitis rufotomentosa,gbifTaxonomy,GBIF,Vitis rufotomentosa Small,USA,28.855775,-81.685525,04155771-81bb-494b-897d-aa1e68b4400e,FALSE,FALSE
inRound2NotPublication,Vitis rufotomentosa,gbifTaxonomy,GBIF,Vitis rufotomentosa Small,USA,28.852768,-81.685353,feb4f711-0697-47fb-9d86-5e84b0ea84fb,FALSE,FALSE
inRound2NotPublication,Vitis rufotomentosa,gbifTaxonomy,GBIF,Vitis rufotomentosa Small,USA,25.63389,-80.3013,486b1a67-8203-4a65-af7e-0ecde3f42496,FALSE,FALSE
inRound2NotPublication,Vitis rufotomentosa,gbifTaxonomy,GBIF,Vitis rufotomentosa Small,USA,35.76299,-77.93271,f0e8f975-b409-4bc1-a0b1-1944a75dded1,FALSE,FALSE
inRound2NotPublication,Vitis rufotomentosa,gbifTaxonomy,GBIF,Vitis rufotomentosa Small,USA,38.73147,-75.74672,cb62f396-574c-4a5a-9482-4765e86e0432,FALSE,FALSE
inRound2NotPublication,Vitis rufotomentosa,gbifTaxonomy,GBIF,Vitis rufotomentosa Small,USA,27.75222,-81.80166,urn:catalog:UConn:CONN:00172496,FALSE,FALSE
inRound2NotPublication,Vitis rufotomentosa,gbifTaxonomy,GBIF,Vitis rufotomentosa Small,USA,38.35351,-75.41104,11e07d03-04c7-4ea1-892b-368c0a0a13cf,FALSE,FALSE
inRound2NotPublication,Vitis rufotomentosa,gbifTaxonomy,GBIF,Vitis rufotomentosa Small,USA,NA,NA,885a8ff2-e99f-48e3-acfe-47c2e99a7254,FALSE,FALSE
inRound2NotPublication,Vitis rufotomentosa,gbifTaxonomy,GBIF,Vitis rufotomentosa Small,USA,NA,NA,urn:catalog:MO:Tropicos:1394185,FALSE,FALSE
inRound2NotPublication,Vitis rufotomentosa,gbifTaxonomy,GBIF,Vitis rufotomentosa Small,USA,NA,NA,urn:catalog:MO:Tropicos:1394187,FALSE,FALSE
inRound2NotPublication,Vitis rufotomentosa,gbifTaxonomy,GBIF,Vitis rufotomentosa Small,USA,NA,NA,f94e26d7-8d67-4554-9443-f19c4c09c276,FALSE,FALSE
inRound2NotPublication,Vitis rufotomentosa,gbifTaxonomy,GBIF,Vitis rufotomentosa Small,USA,NA,NA,http://n2t.net/ark:/65665/3af6ddd09-7c43-496d-9fc4-a58fc27e4881,FALSE,FALSE
inRound2NotPublication,Vitis rufotomentosa,gbifTaxonomy,GBIF,Vitis rufotomentosa Small,USA,NA,NA,9b472df5-4bfd-4efa-a7b0-871f817064f5,FALSE,FALSE
inRound2NotPublication,Vitis rufotomentosa,gbifTaxonomy,GBIF,Vitis rufotomentosa Small,USA,NA,NA,b2238eee-7b3d-4242-b48f-99ea495b81e8,FALSE,FALSE
inRound2NotPublication,Vitis rufotomentosa,gbifTaxonomy,GBIF,Vitis L.,NA,NA,NA,MG664799,FALSE,FALSE
inRound2NotPublication,Vitis rufotomentosa,gbifTaxonomy,GBIF,Vitis rufotomentosa Small,USA,NA,NA,5832f276-f74d-4168-9d45-9d7462daa4cf,FALSE,FALSE
inRound2NotPublication,Vitis rufotomentosa,gbifTaxonomy,GBIF,Vitis rufotomentosa Small,USA,NA,NA,93710092-444f-4128-98c6-2948f5511585,FALSE,FALSE
inRound2NotPublication,Vitis rufotomentosa,gbifTaxonomy,GBIF,Vitis rufotomentosa Small,USA,NA,NA,ab7c7d5d-4082-4afa-b774-464dc27bdce8,FALSE,FALSE
inRound2NotPublication,Vitis rufotomentosa,gbifTaxonomy,GBIF,Vitis L.,USA,NA,NA,urn:catalog:O:V:2138902,FALSE,FALSE
inRound2NotPublication,Vitis rufotomentosa,gbifTaxonomy,GBIF,Vitis rufotomentosa Small,USA,NA,NA,da29a81f-07ee-4704-aced-106fdbd7632e,FALSE,FALSE
inRound2NotPublication,Vitis rufotomentosa,gbifTaxonomy,GBIF,Vitis rufotomentosa Small,USA,NA,NA,urn:catalog:TRH:V:335614,FALSE,FALSE
inRound2NotPublication,Vitis rufotomentosa,gbifTaxonomy,GBIF,Vitis rufotomentosa Small,USA,NA,NA,e0e971cb-7341-427a-be61-dd9886f8a848,FALSE,FALSE
inRound2NotPublication,Vitis rufotomentosa,gbifTaxonomy,GBIF,Vitis L.,USA,NA,NA,b1f5a114-3ee0-4c65-a263-8ffa6f3ffc50,FALSE,FALSE
inRound2NotPublication,Vitis rufotomentosa,gbifTaxonomy,GBIF,Vitis rufotomentosa Small,USA,NA,NA,277bb951-6386-4917-94b6-bf9c4a67becd,FALSE,FALSE
inRound2NotPublication,Vitis rufotomentosa,gbifTaxonomy,GBIF,Vitis L.,NA,NA,NA,17305,FALSE,FALSE
inRound2NotPublication,Vitis rufotomentosa,gbifTaxonomy,GBIF,Vitis rufotomentosa Small,USA,NA,NA,cad0603a-f1dc-4d2e-a74f-1c9b4cd8aafa,FALSE,FALSE
inRound2NotPublication,Vitis rufotomentosa,gbifTaxonomy,GBIF,Vitis L.,NA,NA,NA,NA,FALSE,FALSE
inRound2NotPublication,Vitis simpsonii,gbifTaxonomy,GBIF,Vitis simpsonii Munson,USA,30.82722,-90.37444,465392d1-d1a7-49fa-aa29-912a8df738e3,FALSE,FALSE
inRound2NotPublication,Vitis simpsonii,gbifTaxonomy,GBIF,Vitis simpsonii Munson,USA,37.5956,-77.4689,http://n2t.net/ark:/65665/37689be01-eedb-45da-b871-06189506cfe3,FALSE,FALSE
inRound2NotPublication,Vitis simpsonii,gbifTaxonomy,GBIF,Vitis simpsonii Munson,USA,37.5956,-77.4689,http://n2t.net/ark:/65665/3787e52c9-fd7e-45db-ac03-f64e6d62e3c1,FALSE,FALSE
inRound2NotPublication,Vitis simpsonii,gbifTaxonomy,GBIF,Vitis simpsonii Munson,USA,38.9967,-77.2503,http://n2t.net/ark:/65665/3ed2701ee-d774-4cb2-a6da-115d00deefcf,FALSE,FALSE
inRound2NotPublication,Vitis simpsonii,gbifTaxonomy,GBIF,Vitis simpsonii Munson,USA,25.6228,-80.3097,http://n2t.net/ark:/65665/37600b3f0-d164-4fa0-8f0a-be01cefd2286,FALSE,FALSE
inRound2NotPublication,Vitis simpsonii,gbifTaxonomy,GBIF,Vitis simpsonii Munson,USA,37.5956,-77.4689,http://n2t.net/ark:/65665/3768b23fe-8260-4f6e-9fe0-47e316e8b3cf,FALSE,FALSE
inRound2NotPublication,Vitis simpsonii,gbifTaxonomy,GBIF,Vitis simpsonii Munson,USA,26.4144,-81.6269,http://n2t.net/ark:/65665/31bf32aaa-2f9b-442d-ac86-cbf9e818b68e,FALSE,FALSE
inRound2NotPublication,Vitis simpsonii,gbifTaxonomy,GBIF,Vitis simpsonii Munson,USA,38.9343,-77.1146,http://n2t.net/ark:/65665/39dba0362-b59f-4196-ad8d-25bdf9c9b736,FALSE,FALSE
inRound2NotPublication,Vitis simpsonii,gbifTaxonomy,GBIF,Vitis simpsonii Munson,USA,29.9963,-84.5566,http://n2t.net/ark:/65665/3328ee1f8-214f-44c2-9e14-2349c935a5df,FALSE,FALSE
inRound2NotPublication,Vitis simpsonii,gbifTaxonomy,GBIF,Vitis simpsonii Munson,USA,30.914,-86.7379,http://n2t.net/ark:/65665/3c193f8a8-ff69-4132-9114-931e5b50b25f,FALSE,FALSE
inRound2NotPublication,Vitis simpsonii,gbifTaxonomy,GBIF,Vitis simpsonii Munson,USA,32.631078,-80.835402,1cf92d51-23e6-4c19-9574-802da61155e3,FALSE,FALSE
inRound2NotPublication,Vitis simpsonii,gbifTaxonomy,GBIF,Vitis simpsonii Munson,USA,28.85277,-81.68535,http://coldb.mnhn.fr/catalognumber/mnhn/p/p02343690,FALSE,FALSE
inRound2NotPublication,Vitis simpsonii,gbifTaxonomy,GBIF,Vitis simpsonii Munson,USA,28.85277,-81.68535,http://coldb.mnhn.fr/catalognumber/mnhn/p/p02343691,FALSE,FALSE
inRound2NotPublication,Vitis simpsonii,gbifTaxonomy,GBIF,Vitis simpsonii Munson,USA,30.951,-85.841,7a3acab4-46ed-4e6d-8b65-00c7ba8fae98,FALSE,FALSE
inRound2NotPublication,Vitis simpsonii,gbifTaxonomy,GBIF,Vitis simpsonii Munson,USA,38.53783,-121.79046,8d34ec15-ddda-466f-ad88-42ab34606472,FALSE,FALSE
inRound2NotPublication,Vitis simpsonii,gbifTaxonomy,GBIF,Vitis simpsonii Munson,USA,38.53783,-121.79046,e5c54822-adab-4793-afbe-e9cb776f040c,FALSE,FALSE
inRound2NotPublication,Vitis simpsonii,gbifTaxonomy,GBIF,Vitis simpsonii Munson,USA,38.53783,-121.79046,4cc4bda8-d206-440f-8615-4dcfb331c9b1,FALSE,FALSE
inRound2NotPublication,Vitis simpsonii,gbifTaxonomy,GBIF,Vitis simpsonii Munson,USA,38.53783,-121.79046,8580d7ea-7de6-43f4-adf8-2127d02fe724,FALSE,FALSE
inRound2NotPublication,Vitis simpsonii,gbifTaxonomy,GBIF,Vitis simpsonii Munson,USA,38.53783,-121.79046,faff7a3d-befc-49eb-a609-242a3c3a4817,FALSE,FALSE
inRound2NotPublication,Vitis simpsonii,gbifTaxonomy,GBIF,Vitis simpsonii Munson,USA,38.53783,-121.79046,5c229be4-8d6e-4aea-b8a4-284d08ca8f3f,FALSE,FALSE
inRound2NotPublication,Vitis simpsonii,gbifTaxonomy,GBIF,Vitis simpsonii Munson,USA,38.53783,-121.79046,317024ff-dcec-4b91-8c48-2cffb7440200,FALSE,FALSE
inRound2NotPublication,Vitis simpsonii,gbifTaxonomy,GBIF,Vitis simpsonii Munson,USA,38.53783,-121.79046,9fd56f00-4b25-4579-8728-3c759bc19426,FALSE,FALSE
inRound2NotPublication,Vitis simpsonii,gbifTaxonomy,GBIF,Vitis simpsonii Munson,USA,38.53783,-121.79046,d837f7c6-0ec9-4152-bf64-3a6263a22900,FALSE,FALSE
inRound2NotPublication,Vitis simpsonii,gbifTaxonomy,GBIF,Vitis simpsonii Munson,USA,38.53783,-121.79046,d6952c5b-9491-4962-98fd-ad1badb36eae,FALSE,FALSE
inRound2NotPublication,Vitis simpsonii,gbifTaxonomy,GBIF,Vitis simpsonii Munson,USA,38.53783,-121.79046,25cfc207-5866-4313-9767-23c5b9e1307b,FALSE,FALSE
inRound2NotPublication,Vitis simpsonii,gbifTaxonomy,GBIF,Vitis simpsonii Munson,USA,38.53783,-121.79046,43d04b23-40d8-493a-b620-77d0fc8866ef,FALSE,FALSE
inRound2NotPublication,Vitis simpsonii,gbifTaxonomy,GBIF,Vitis simpsonii Munson,USA,38.53783,-121.79046,6f20819c-7080-434c-87b7-36b14bd680bf,FALSE,FALSE
inRound2NotPublication,Vitis simpsonii,gbifTaxonomy,GBIF,Vitis simpsonii Munson,USA,38.53783,-121.79046,287dc8f1-82a0-4d4d-a9c8-8537fa298802,FALSE,FALSE
inRound2NotPublication,Vitis simpsonii,gbifTaxonomy,GBIF,Vitis simpsonii Munson,USA,38.53783,-121.79046,f92c9965-3847-4c34-88f8-ffc1e4cdb0d6,FALSE,FALSE
inRound2NotPublication,Vitis simpsonii,gbifTaxonomy,GBIF,Vitis simpsonii Munson,USA,38.53783,-121.79046,e906018a-5c0f-4775-9918-f988e88f1c26,FALSE,FALSE
inRound2NotPublication,Vitis simpsonii,gbifTaxonomy,GBIF,Vitis simpsonii Munson,USA,38.53783,-121.79046,39c6c196-97cd-4c22-8f0a-e009ae9a2b1e,FALSE,FALSE
inRound2NotPublication,Vitis simpsonii,gbifTaxonomy,GBIF,Vitis simpsonii Munson,USA,38.53783,-121.79046,cb88e5df-fb2c-4f32-90d8-a182a7790159,FALSE,FALSE
inRound2NotPublication,Vitis simpsonii,gbifTaxonomy,GBIF,Vitis simpsonii Munson,USA,38.53783,-121.79046,0d31c6a8-dd1c-415e-bedc-dbaf4fcdc5c7,FALSE,FALSE
inRound2NotPublication,Vitis simpsonii,gbifTaxonomy,GBIF,Vitis simpsonii Munson,USA,38.53783,-121.79046,bf211dec-9737-4558-917e-b87d830cd307,FALSE,FALSE
inRound2NotPublication,Vitis simpsonii,gbifTaxonomy,GBIF,Vitis simpsonii Munson,USA,38.53783,-121.79046,4904cca6-882e-4ea4-b3dd-83baa3eb1384,FALSE,FALSE
inRound2NotPublication,Vitis simpsonii,gbifTaxonomy,GBIF,Vitis simpsonii Munson,USA,38.53783,-121.79046,c2f3e53b-2a39-4a99-81d5-81efe43bcbb0,FALSE,FALSE
inRound2NotPublication,Vitis simpsonii,gbifTaxonomy,GBIF,Vitis simpsonii Munson,USA,38.53783,-121.79046,20968236-22c9-4d1c-8ed1-6d5b188d14fa,FALSE,FALSE
inRound2NotPublication,Vitis simpsonii,gbifTaxonomy,GBIF,Vitis simpsonii Munson,USA,38.53783,-121.79046,98fe7f7d-9636-42ff-a01e-35f7dbcd7ba3,FALSE,FALSE
inRound2NotPublication,Vitis simpsonii,gbifTaxonomy,GBIF,Vitis simpsonii Munson,USA,38.53783,-121.79046,27adb7b4-3d52-466f-84f7-cbb583d88b5a,FALSE,FALSE
inRound2NotPublication,Vitis simpsonii,gbifTaxonomy,GBIF,Vitis simpsonii Munson,USA,38.53783,-121.79046,cb3d13eb-878b-4a09-9230-930b35b25955,FALSE,FALSE
inRound2NotPublication,Vitis simpsonii,gbifTaxonomy,GBIF,Vitis simpsonii Munson,USA,38.53783,-121.79046,eb789a30-d502-4ace-bbcb-a4f24e008a24,FALSE,FALSE
inRound2NotPublication,Vitis simpsonii,gbifTaxonomy,GBIF,Vitis simpsonii Munson,USA,38.53783,-121.79046,95e66f9a-d670-43b6-9bea-e29971827ce9,FALSE,FALSE
inRound2NotPublication,Vitis simpsonii,gbifTaxonomy,GBIF,Vitis simpsonii Munson,USA,38.53783,-121.79046,e8c5d4ac-0629-43d4-882e-9675b4a86b39,FALSE,FALSE
inRound2NotPublication,Vitis simpsonii,gbifTaxonomy,GBIF,Vitis simpsonii Munson,USA,38.53783,-121.79046,f86fda82-b8d2-4e36-84f7-e76c00b64a3c,FALSE,FALSE
inRound2NotPublication,Vitis simpsonii,gbifTaxonomy,GBIF,Vitis simpsonii Munson,USA,38.53783,-121.79046,69c415c0-d968-47b0-83d9-aa04c85533c5,FALSE,FALSE
inRound2NotPublication,Vitis simpsonii,gbifTaxonomy,GBIF,Vitis simpsonii Munson,USA,25.67666,-80.24944,urn:catalog:UConn:CONN:00172502,FALSE,FALSE
inRound2NotPublication,Vitis simpsonii,gbifTaxonomy,GBIF,Vitis simpsonii Munson,USA,26.17583,-80.16388,urn:catalog:UConn:CONN:00172503,FALSE,FALSE
inRound2NotPublication,Vitis simpsonii,gbifTaxonomy,GBIF,Vitis simpsonii Munson,USA,25.54944,-80.52666,urn:catalog:UConn:CONN:00172504,FALSE,FALSE
inRound2NotPublication,Vitis simpsonii,gbifTaxonomy,GBIF,Vitis simpsonii Munson,USA,25.74666,-80.93944,urn:catalog:UConn:CONN:00172505,FALSE,FALSE
inRound2NotPublication,Vitis simpsonii,gbifTaxonomy,GBIF,Vitis simpsonii Munson,USA,25.77527,-80.20972,urn:catalog:UConn:CONN:00172506,FALSE,FALSE
inRound2NotPublication,Vitis simpsonii,gbifTaxonomy,GBIF,Vitis simpsonii Munson,USA,26.56694,-81.88305,urn:catalog:UConn:CONN:00172500,FALSE,FALSE
inRound2NotPublication,Vitis simpsonii,gbifTaxonomy,GBIF,Vitis simpsonii Munson,USA,26.56694,-81.88305,urn:catalog:UConn:CONN:00172501,FALSE,FALSE
inRound2NotPublication,Vitis simpsonii,gbifTaxonomy,GBIF,Vitis simpsonii Munson,USA,37.850196,-78.153845,89aaa4b6-33da-473b-b79a-43132c7a3387,FALSE,FALSE
inRound2NotPublication,Vitis simpsonii,gbifTaxonomy,GBIF,Vitis simpsonii Munson,USA,38.010867,-78.201923,f897be04-6f80-4cd3-94a5-2a0f095fe92b,FALSE,FALSE
inRound2NotPublication,Vitis simpsonii,gbifTaxonomy,GBIF,Vitis simpsonii Munson,USA,37.677937,-77.835563,1d6f86db-b772-4bc8-a5d0-b86a428dcbea,FALSE,FALSE
inRound2NotPublication,Vitis simpsonii,gbifTaxonomy,GBIF,Vitis simpsonii Munson,USA,38.610616,-77.250468,40df1516-2e92-4598-949c-982f1d89eaf5,FALSE,FALSE
inRound2NotPublication,Vitis simpsonii,gbifTaxonomy,GBIF,Vitis simpsonii Munson,USA,NA,NA,a41471d2-e12e-45b4-8b5b-5604d2f4b96f,FALSE,FALSE
inRound2NotPublication,Vitis simpsonii,gbifTaxonomy,GBIF,Vitis simpsonii Munson,USA,NA,NA,http://n2t.net/ark:/65665/359c1d3c3-0ce9-4df0-8bde-a7bd7534ad3e,FALSE,FALSE
inRound2NotPublication,Vitis simpsonii,gbifTaxonomy,GBIF,Vitis simpsonii Munson,USA,NA,NA,http://n2t.net/ark:/65665/3079f3f9b-9c7d-46f8-865b-fff10dd144c8,FALSE,FALSE
inRound2NotPublication,Vitis simpsonii,gbifTaxonomy,GBIF,Vitis simpsonii Munson,USA,NA,NA,http://n2t.net/ark:/65665/38badfa5e-e4ec-4da1-9b94-4b534e8589ad,FALSE,FALSE
inRound2NotPublication,Vitis simpsonii,gbifTaxonomy,GBIF,Vitis simpsonii Munson,USA,NA,NA,http://n2t.net/ark:/65665/3c46db32e-5919-4584-82f1-44b11c489871,FALSE,FALSE
inRound2NotPublication,Vitis simpsonii,gbifTaxonomy,GBIF,Vitis simpsonii Munson,USA,NA,NA,http://n2t.net/ark:/65665/3a1f3e815-648c-4edc-8dd1-5ca9845d50d3,FALSE,FALSE
inRound2NotPublication,Vitis simpsonii,gbifTaxonomy,GBIF,Vitis simpsonii Munson,USA,NA,NA,http://n2t.net/ark:/65665/312d0186c-a149-4043-8a4a-73bd10965454,FALSE,FALSE
inRound2NotPublication,Vitis simpsonii,gbifTaxonomy,GBIF,Vitis simpsonii Munson,USA,NA,NA,http://n2t.net/ark:/65665/3feafbd41-f771-4af9-9206-23ab1f4fa151,FALSE,FALSE
inRound2NotPublication,Vitis simpsonii,gbifTaxonomy,GBIF,Vitis simpsonii Munson,USA,NA,NA,http://n2t.net/ark:/65665/39b3d820b-2d61-47cd-a9fd-45c735226b38,FALSE,FALSE
inRound2NotPublication,Vitis simpsonii,gbifTaxonomy,GBIF,Vitis simpsonii Munson,USA,NA,NA,http://n2t.net/ark:/65665/33b939b4c-3b60-46d9-bbc2-6b5243843876,FALSE,FALSE
inRound2NotPublication,Vitis simpsonii,gbifTaxonomy,GBIF,Vitis simpsonii Munson,USA,NA,NA,http://n2t.net/ark:/65665/3a9600506-3dd0-40d6-a23d-6aa6d3bbc811,FALSE,FALSE
inRound2NotPublication,Vitis simpsonii,gbifTaxonomy,GBIF,Vitis simpsonii Munson,USA,NA,NA,acd696d9-7a60-4b48-aa35-a136bbf51c94,FALSE,FALSE
inRound2NotPublication,Vitis simpsonii,gbifTaxonomy,GBIF,Vitis simpsonii Munson,NA,NA,NA,http://coldb.mnhn.fr/catalognumber/um/mpu/mpu1214534,FALSE,FALSE
inRound2NotPublication,Vitis simpsonii,gbifTaxonomy,GBIF,Vitis simpsonii Munson,NA,NA,NA,http://coldb.mnhn.fr/catalognumber/um/mpu/mpu805780,FALSE,FALSE
inRound2NotPublication,Vitis simpsonii,gbifTaxonomy,GBIF,Vitis simpsonii Munson,NA,NA,NA,http://coldb.mnhn.fr/catalognumber/um/mpu/mpu805777,FALSE,FALSE
inRound2NotPublication,Vitis simpsonii,gbifTaxonomy,GBIF,Vitis simpsonii Munson,USA,NA,NA,9e5746ea-d3b9-4607-964f-e9cda64677b3,FALSE,FALSE
inRound2NotPublication,Vitis simpsonii,gbifTaxonomy,GBIF,Vitis simpsonii Munson,USA,NA,NA,a395dcf6-c804-47fe-8d93-7f7817c0218d,FALSE,FALSE
inRound2NotPublication,Vitis simpsonii,gbifTaxonomy,GBIF,Vitis simpsonii Munson,USA,NA,NA,7c8a5c5e-3275-4214-ae28-3807c7e68ea8,FALSE,FALSE
inRound2NotPublication,Vitis simpsonii,gbifTaxonomy,GBIF,Vitis simpsonii Munson,USA,NA,NA,ee5156c5-5f6b-4deb-94c5-c3df4690f020,FALSE,FALSE
inRound2NotPublication,Vitis simpsonii,gbifTaxonomy,GBIF,Vitis simpsonii Munson,USA,NA,NA,f10aac4e-1d45-4941-a586-6a4808ab787c,FALSE,FALSE
inRound2NotPublication,Vitis simpsonii,gbifTaxonomy,GBIF,Vitis simpsonii Munson,USA,NA,NA,af1a41b7-0071-45dd-8db7-b3253ca247d6,FALSE,FALSE
inRound2NotPublication,Vitis simpsonii,gbifTaxonomy,GBIF,Vitis simpsonii Munson,USA,NA,NA,efc767a2-570e-4b12-9b97-4fd54cfb2321,FALSE,FALSE
inRound2NotPublication,Vitis simpsonii,gbifTaxonomy,GBIF,Vitis simpsonii Munson,USA,NA,NA,b2e55cef-d5a8-481b-8350-2f0a5a264c73,FALSE,FALSE
inRound2NotPublication,Vitis simpsonii,gbifTaxonomy,GBIF,Vitis simpsonii Munson,USA,NA,NA,3e31ef3c-6d57-46c9-8373-dfd4c95d0c54,FALSE,FALSE
inRound2NotPublication,Vitis simpsonii,gbifTaxonomy,GBIF,Vitis simpsonii Munson,USA,NA,NA,1df6f199-4073-4ceb-9364-6810dd9e606d,FALSE,FALSE
inRound2NotPublication,Vitis simpsonii,gbifTaxonomy,GBIF,Vitis simpsonii Munson,USA,NA,NA,c0b6815f-b912-4a43-b784-33f9dd8ad060,FALSE,FALSE
inRound2NotPublication,Vitis simpsonii,gbifTaxonomy,GBIF,Vitis simpsonii Munson,USA,NA,NA,ccd8f15e-72a8-412a-9eb5-b29af00e51fb,FALSE,FALSE
inRound2NotPublication,Vitis simpsonii,gbifTaxonomy,GBIF,Vitis simpsonii Munson,USA,NA,NA,fc854ec6-bccd-4327-aa7b-7399834d6669,FALSE,FALSE
inRound2NotPublication,Vitis simpsonii,gbifTaxonomy,GBIF,Vitis simpsonii Munson,USA,NA,NA,3477fe82-3a23-45bf-ab2b-346f5084cc1f,FALSE,FALSE
inRound2NotPublication,Vitis simpsonii,gbifTaxonomy,GBIF,Vitis simpsonii Munson,USA,NA,NA,9a1618b5-673e-4d52-98d5-53e4077e7269,FALSE,FALSE
inRound2NotPublication,Vitis simpsonii,gbifTaxonomy,GBIF,Vitis simpsonii Munson,USA,NA,NA,11184b82-5f25-401b-9a42-070120887bb2,FALSE,FALSE
inRound2NotPublication,Vitis simpsonii,gbifTaxonomy,GBIF,Vitis simpsonii Munson,USA,NA,NA,UJ-KRA-P-220595-N,FALSE,FALSE
inRound2NotPublication,Vitis simpsonii,gbifTaxonomy,GBIF,Vitis simpsonii Munson,NA,NA,NA,ade16146-c9ad-48fe-8092-47cacaa55464,FALSE,FALSE
inRound2NotPublication,Vitis simpsonii,gbifTaxonomy,GBIF,Vitis simpsonii Munson,NA,NA,NA,44254a29-0c40-4665-97ee-ac1649cfb6a6,FALSE,FALSE
inRound2NotPublication,Vitis simpsonii,gbifTaxonomy,GBIF,Vitis simpsonii Munson,NA,NA,NA,1e133a89-4b8c-409b-b721-ddf5e25bd562,FALSE,FALSE
inRound2NotPublication,Vitis simpsonii,gbifTaxonomy,GBIF,Vitis simpsonii Munson,USA,NA,NA,4772d90e-4d1c-4921-817f-ddd920590b5d,FALSE,FALSE
inRound2NotPublication,Vitis simpsonii,gbifTaxonomy,GBIF,Vitis simpsonii Munson,NA,NA,NA,cabd6954-fad8-47c5-816a-4e55885e1a7c,FALSE,FALSE
inRound2NotPublication,Vitis simpsonii,gbifTaxonomy,GBIF,Vitis simpsonii Munson,NA,NA,NA,NA,FALSE,FALSE
inRound2NotPublication,Vitis simpsonii,gbifTaxonomy,GBIF,Vitis simpsonii Munson,USA,NA,NA,NA,FALSE,FALSE
inRound2NotPublication,Vitis tiliifolia,other,Huerta-Acosta publication,V. tillifolia,NA,19.7689,-96.4305,DVIT2252.10,FALSE,FALSE
inRound2NotPublication,Vitis tiliifolia,countryExempt,GBIF,Vitis tiliifolia Humb. & Bonpl. ex Roem. & Schult.,BLZ,18.206389,-88.187778,3bfa4d87-4e90-435d-b672-817243ffea9c,FALSE,FALSE
inRound2NotPublication,Vitis tiliifolia,countryExempt,GBIF,Vitis tiliifolia Humb. & Bonpl. ex Roem. & Schult.,PRI,18.356389,-66.166389,731f145e-1c98-46cb-b59c-a356d8621af4,FALSE,FALSE
inRound2NotPublication,Vitis tiliifolia,countryExempt,GBIF,Vitis tiliifolia Humb. & Bonpl.,CRI,10.882909,-85.401652,urn:catalog:INB:Atta:2852617,FALSE,FALSE
inRound2NotPublication,Vitis tiliifolia,countryExempt,GBIF,Vitis tiliifolia Humb. & Bonpl.,CRI,10.58,-84.985278,urn:catalog:INB:Atta:3091471,FALSE,FALSE
inRound2NotPublication,Vitis tiliifolia,countryExempt,GBIF,Vitis tiliifolia Humb. & Bonpl.,CRI,10.014502,-85.405089,urn:catalog:INB:Atta:3973102,FALSE,FALSE
inRound2NotPublication,Vitis tiliifolia,countryExempt,GBIF,Vitis tiliifolia Humb. & Bonpl.,CRI,9.008871,-83.005932,urn:catalog:INB:Atta:4000324,FALSE,FALSE
inRound2NotPublication,Vitis tiliifolia,countryExempt,GBIF,Vitis tiliifolia Humb. & Bonpl.,CRI,9.09475,-83.065306,urn:catalog:INB:Atta:4019863,FALSE,FALSE
inRound2NotPublication,Vitis tiliifolia,countryExempt,GBIF,Vitis tiliifolia Humb. & Bonpl.,CRI,9.075833,-83.029167,urn:catalog:INB:Atta:4021309,FALSE,FALSE
inRound2NotPublication,Vitis tiliifolia,countryExempt,GBIF,Vitis tiliifolia Humb. & Bonpl.,CRI,9.075833,-83.029167,urn:catalog:INB:Atta:4021312,FALSE,FALSE
inRound2NotPublication,Vitis tiliifolia,countryExempt,GBIF,Vitis tiliifolia Humb. & Bonpl.,CRI,10.58,-84.985278,urn:catalog:INB:Atta:3091469,FALSE,FALSE
inRound2NotPublication,Vitis tiliifolia,countryExempt,GBIF,Vitis tiliifolia Humb. & Bonpl.,CRI,10.58,-84.985278,urn:catalog:INB:Atta:3091472,FALSE,FALSE
inRound2NotPublication,Vitis tiliifolia,countryExempt,GBIF,Vitis tiliifolia Humb. & Bonpl.,CRI,9.636111,-84.122222,urn:catalog:INB:Atta:3526646,FALSE,FALSE
inRound2NotPublication,Vitis tiliifolia,countryExempt,GBIF,Vitis tiliifolia Humb. & Bonpl.,CRI,10.014502,-85.405089,urn:catalog:INB:Atta:3973103,FALSE,FALSE
inRound2NotPublication,Vitis tiliifolia,countryExempt,GBIF,Vitis tiliifolia Humb. & Bonpl.,CRI,9.09475,-83.065306,urn:catalog:INB:Atta:4019864,FALSE,FALSE
inRound2NotPublication,Vitis tiliifolia,countryExempt,GBIF,Vitis tiliifolia Humb. & Bonpl.,CRI,10.58,-84.985278,urn:catalog:INB:Atta:3091473,FALSE,FALSE
inRound2NotPublication,Vitis tiliifolia,countryExempt,GBIF,Vitis tiliifolia Humb. & Bonpl.,CRI,9.636111,-84.122222,urn:catalog:INB:Atta:3526647,FALSE,FALSE
inRound2NotPublication,Vitis tiliifolia,countryExempt,GBIF,Vitis tiliifolia Humb. & Bonpl.,CRI,9.636111,-84.122222,urn:catalog:INB:Atta:3526650,FALSE,FALSE
inRound2NotPublication,Vitis tiliifolia,countryExempt,GBIF,Vitis tiliifolia Humb. & Bonpl.,CRI,10.014502,-85.405089,urn:catalog:INB:Atta:3973104,FALSE,FALSE
inRound2NotPublication,Vitis tiliifolia,countryExempt,GBIF,Vitis tiliifolia Humb. & Bonpl.,CRI,9.636111,-84.122222,urn:catalog:INB:Atta:3526648,FALSE,FALSE
inRound2NotPublication,Vitis tiliifolia,countryExempt,GBIF,Vitis tiliifolia Humb. & Bonpl.,CRI,10.014502,-85.405089,urn:catalog:INB:Atta:3973105,FALSE,FALSE
inRound2NotPublication,Vitis tiliifolia,countryExempt,GBIF,Vitis tiliifolia Humb. & Bonpl.,CRI,9.973979,-83.694936,urn:catalog:INB:Atta:2838734,FALSE,FALSE
inRound2NotPublication,Vitis tiliifolia,countryExempt,GBIF,Vitis tiliifolia Humb. & Bonpl.,CRI,10.961111,-85.496944,urn:catalog:INB:Atta:3107219,FALSE,FALSE
inRound2NotPublication,Vitis tiliifolia,countryExempt,GBIF,Vitis tiliifolia Humb. & Bonpl.,CRI,9.636111,-84.122222,urn:catalog:INB:Atta:3526649,FALSE,FALSE
inRound2NotPublication,Vitis tiliifolia,countryExempt,GBIF,Vitis tiliifolia Humb. & Bonpl.,CRI,9.973979,-83.694936,urn:catalog:INB:Atta:2838735,FALSE,FALSE
inRound2NotPublication,Vitis tiliifolia,countryExempt,GBIF,Vitis tiliifolia Humb. & Bonpl.,CRI,10.943222,-85.317639,urn:catalog:INB:Atta:4460385,FALSE,FALSE
inRound2NotPublication,Vitis tiliifolia,countryExempt,GBIF,Vitis tiliifolia Humb. & Bonpl.,CRI,9.973979,-83.694936,urn:catalog:INB:Atta:2838736,FALSE,FALSE
inRound2NotPublication,Vitis tiliifolia,countryExempt,GBIF,Vitis tiliifolia Humb. & Bonpl.,CRI,10.943222,-85.317639,urn:catalog:INB:Atta:4460386,FALSE,FALSE
inRound2NotPublication,Vitis tiliifolia,countryExempt,GBIF,Vitis tiliifolia Humb. & Bonpl.,CRI,9.724998,-84.350001,urn:catalog:INB:Atta:3954173,FALSE,FALSE
inRound2NotPublication,Vitis tiliifolia,countryExempt,GBIF,Vitis tiliifolia Humb. & Bonpl.,CRI,9.084167,-83.025833,urn:catalog:INB:Atta:4024619,FALSE,FALSE
inRound2NotPublication,Vitis tiliifolia,countryExempt,GBIF,Vitis tiliifolia Humb. & Bonpl.,CRI,10.593128,-84.985516,urn:catalog:INB:Atta:3092337,FALSE,FALSE
inRound2NotPublication,Vitis tiliifolia,countryExempt,GBIF,Vitis tiliifolia Humb. & Bonpl.,CRI,8.736682,-82.924169,urn:catalog:INB:Atta:3399108,FALSE,FALSE
inRound2NotPublication,Vitis tiliifolia,countryExempt,GBIF,Vitis tiliifolia Humb. & Bonpl.,CRI,9.820556,-85.1325,urn:catalog:INB:Atta:3761709,FALSE,FALSE
inRound2NotPublication,Vitis tiliifolia,countryExempt,GBIF,Vitis tiliifolia Humb. & Bonpl.,CRI,9.724998,-84.350001,urn:catalog:INB:Atta:3954174,FALSE,FALSE
inRound2NotPublication,Vitis tiliifolia,countryExempt,GBIF,Vitis tiliifolia Humb. & Bonpl.,CRI,10.593128,-84.985516,urn:catalog:INB:Atta:3092338,FALSE,FALSE
inRound2NotPublication,Vitis tiliifolia,countryExempt,GBIF,Vitis tiliifolia Humb. & Bonpl.,CRI,8.736682,-82.924169,urn:catalog:INB:Atta:3399109,FALSE,FALSE
inRound2NotPublication,Vitis tiliifolia,countryExempt,GBIF,Vitis tiliifolia Humb. & Bonpl.,CRI,10.452778,-84.658333,urn:catalog:INB:Atta:4043038,FALSE,FALSE
inRound2NotPublication,Vitis tiliifolia,countryExempt,GBIF,Vitis tiliifolia Humb. & Bonpl.,CRI,10.452778,-84.658333,urn:catalog:INB:Atta:4043041,FALSE,FALSE
inRound2NotPublication,Vitis tiliifolia,countryExempt,GBIF,Vitis tiliifolia Humb. & Bonpl.,CRI,9.715778,-82.819833,urn:catalog:INB:Atta:4214803,FALSE,FALSE
inRound2NotPublication,Vitis tiliifolia,countryExempt,GBIF,Vitis tiliifolia Humb. & Bonpl.,CRI,10.593128,-84.985516,urn:catalog:INB:Atta:3092339,FALSE,FALSE
inRound2NotPublication,Vitis tiliifolia,countryExempt,GBIF,Vitis tiliifolia Humb. & Bonpl.,CRI,10.452778,-84.658333,urn:catalog:INB:Atta:4043039,FALSE,FALSE
inRound2NotPublication,Vitis tiliifolia,countryExempt,GBIF,Vitis tiliifolia Humb. & Bonpl.,CRI,9.971639,-83.687972,urn:catalog:INB:Atta:4195631,FALSE,FALSE
inRound2NotPublication,Vitis tiliifolia,countryExempt,GBIF,Vitis tiliifolia Humb. & Bonpl.,CRI,9.715778,-82.819833,urn:catalog:INB:Atta:4214804,FALSE,FALSE
inRound2NotPublication,Vitis tiliifolia,countryExempt,GBIF,Vitis tiliifolia Humb. & Bonpl.,CRI,9.715778,-82.819833,urn:catalog:INB:Atta:4214805,FALSE,FALSE
inRound2NotPublication,Vitis tiliifolia,countryExempt,GBIF,Vitis tiliifolia Humb. & Bonpl.,CRI,9.039457,-83.466872,urn:catalog:INB:Atta:3388915,FALSE,FALSE
inRound2NotPublication,Vitis tiliifolia,countryExempt,GBIF,Vitis tiliifolia Humb. & Bonpl.,CRI,9.715778,-82.819833,urn:catalog:INB:Atta:4214806,FALSE,FALSE
inRound2NotPublication,Vitis tiliifolia,countryExempt,GBIF,Vitis tiliifolia Humb. & Bonpl.,CRI,10.966667,-85.5,urn:catalog:INB:Atta:2929367,FALSE,FALSE
inRound2NotPublication,Vitis tiliifolia,countryExempt,GBIF,Vitis tiliifolia Humb. & Bonpl.,CRI,9.039457,-83.466872,urn:catalog:INB:Atta:3388916,FALSE,FALSE
inRound2NotPublication,Vitis tiliifolia,countryExempt,GBIF,Vitis tiliifolia Humb. & Bonpl.,CRI,10.961111,-85.496944,urn:catalog:INB:Atta:1555179,FALSE,FALSE
inRound2NotPublication,Vitis tiliifolia,countryExempt,GBIF,Vitis tiliifolia Humb. & Bonpl.,CRI,10.889383,-85.475773,urn:catalog:INB:Atta:3381856,FALSE,FALSE
inRound2NotPublication,Vitis tiliifolia,countryExempt,GBIF,Vitis tiliifolia Humb. & Bonpl.,CRI,9.032985,-83.009977,urn:catalog:INB:Atta:4044301,FALSE,FALSE
inRound2NotPublication,Vitis tiliifolia,countryExempt,GBIF,Vitis tiliifolia Humb. & Bonpl. ex Roem. & Schult.,SLV,13.81666,-89.93333,urn:catalog:MO:Tropicos:102123769,FALSE,FALSE
inRound2NotPublication,Vitis tiliifolia,countryExempt,GBIF,Vitis tiliifolia Humb. & Bonpl. ex Roem. & Schult.,CRI,9,-83,urn:catalog:MO:Tropicos:100193848,FALSE,FALSE
inRound2NotPublication,Vitis tiliifolia,countryExempt,GBIF,Vitis tiliifolia Humb. & Bonpl. ex Roem. & Schult.,PAN,9.245,-82.38333,urn:catalog:MO:Tropicos:1423498,FALSE,FALSE
inRound2NotPublication,Vitis tiliifolia,countryExempt,GBIF,Vitis tiliifolia Humb. & Bonpl. ex Roem. & Schult.,BLZ,17.05,-88.966667,urn:catalog:MO:Tropicos:2128191,FALSE,FALSE
inRound2NotPublication,Vitis tiliifolia,countryExempt,GBIF,Vitis tiliifolia Humb. & Bonpl. ex Roem. & Schult.,PAN,9.15,-79.85,urn:catalog:MO:Tropicos:1246708,FALSE,FALSE
inRound2NotPublication,Vitis tiliifolia,countryExempt,GBIF,Vitis tiliifolia Humb. & Bonpl. ex Roem. & Schult.,NIC,13.385278,-86.261667,urn:catalog:MO:Tropicos:102488345,FALSE,FALSE
inRound2NotPublication,Vitis tiliifolia,countryExempt,GBIF,Vitis tiliifolia Humb. & Bonpl. ex Roem. & Schult.,PRI,18.33333,-65.83333,urn:catalog:MO:Tropicos:176558,FALSE,FALSE
inRound2NotPublication,Vitis tiliifolia,countryExempt,GBIF,Vitis tiliifolia Humb. & Bonpl. ex Roem. & Schult.,PAN,9.15,-79.85,urn:catalog:MO:Tropicos:1428533,FALSE,FALSE
inRound2NotPublication,Vitis tiliifolia,countryExempt,GBIF,Vitis tiliifolia Humb. & Bonpl. ex Roem. & Schult.,SLV,13.81666,-89.98333,urn:catalog:MO:Tropicos:102123698,FALSE,FALSE
inRound2NotPublication,Vitis tiliifolia,countryExempt,GBIF,Vitis tiliifolia Humb. & Bonpl. ex Roem. & Schult.,NIC,12.98333,-85.9,urn:catalog:MO:Tropicos:178163,FALSE,FALSE
inRound2NotPublication,Vitis tiliifolia,countryExempt,GBIF,Vitis tiliifolia Humb. & Bonpl. ex Roem. & Schult.,CRI,10.96,-85.49,urn:catalog:MO:Tropicos:178622,FALSE,FALSE
inRound2NotPublication,Vitis tiliifolia,countryExempt,GBIF,Vitis tiliifolia Humb. & Bonpl. ex Roem. & Schult.,SLV,13.81666,-89.93333,urn:catalog:MO:Tropicos:101827963,FALSE,FALSE
inRound2NotPublication,Vitis tiliifolia,countryExempt,GBIF,Vitis tiliifolia Humb. & Bonpl. ex Roem. & Schult.,PAN,9.245,-82.38333,urn:catalog:MO:Tropicos:1423509,FALSE,FALSE
inRound2NotPublication,Vitis tiliifolia,countryExempt,GBIF,Vitis tiliifolia Humb. & Bonpl. ex Roem. & Schult.,VEN,10.83333,-69.11666,urn:catalog:MO:Tropicos:1429224,FALSE,FALSE
inRound2NotPublication,Vitis tiliifolia,countryExempt,GBIF,Vitis tiliifolia Humb. & Bonpl. ex Roem. & Schult.,NIC,11.85,-85.95,urn:catalog:MO:Tropicos:178102,FALSE,FALSE
inRound2NotPublication,Vitis tiliifolia,countryExempt,GBIF,Vitis tiliifolia Humb. & Bonpl. ex Roem. & Schult.,GTM,15.13333,-90.16472,urn:catalog:MO:Tropicos:101882769,FALSE,FALSE
inRound2NotPublication,Vitis tiliifolia,countryExempt,GBIF,Vitis tiliifolia Humb. & Bonpl. ex Roem. & Schult.,PAN,9.154722,-79.848055,urn:catalog:MO:Tropicos:1423447,FALSE,FALSE
inRound2NotPublication,Vitis tiliifolia,countryExempt,GBIF,Vitis tiliifolia Humb. & Bonpl. ex Roem. & Schult.,NIC,13.233333,-85.633333,urn:catalog:MO:Tropicos:981106,FALSE,FALSE
inRound2NotPublication,Vitis tiliifolia,countryExempt,GBIF,Vitis tiliifolia Humb. & Bonpl. ex Roem. & Schult.,CRI,10.966667,-85.5,urn:catalog:MO:Tropicos:178589,FALSE,FALSE
inRound2NotPublication,Vitis tiliifolia,countryExempt,GBIF,Vitis tiliifolia Humb. & Bonpl. ex Roem. & Schult.,HND,14.01666,-87.02277,urn:catalog:MO:Tropicos:1412081,FALSE,FALSE
inRound2NotPublication,Vitis tiliifolia,countryExempt,GBIF,Vitis tiliifolia Humb. & Bonpl. ex Roem. & Schult.,NIC,11.45,-85.533333,urn:catalog:MO:Tropicos:177902,FALSE,FALSE
inRound2NotPublication,Vitis tiliifolia,countryExempt,GBIF,Vitis tiliifolia Humb. & Bonpl. ex Roem. & Schult.,SLV,13.81666,-89.98333,urn:catalog:MO:Tropicos:102123817,FALSE,FALSE
inRound2NotPublication,Vitis tiliifolia,countryExempt,GBIF,Vitis tiliifolia Humb. & Bonpl. ex Roem. & Schult.,JAM,18.151419,-77.319014,70951584-f0d4-4a2a-a357-b42b5aae3cdd,FALSE,FALSE
inRound2NotPublication,Vitis tiliifolia,countryExempt,GBIF,Vitis tiliifolia Humb. & Bonpl. ex Roem. & Schult.,BLZ,17.217668,-88.684767,7ad43864-d5b2-45b5-a6f8-f25931deffca,FALSE,FALSE
inRound2NotPublication,Vitis tiliifolia,countryExempt,GBIF,Vitis tiliifolia Humb. & Bonpl. ex Roem. & Schult.,BLZ,17.217668,-88.684767,c4c84879-5bc5-41eb-8419-d4c27540f999,FALSE,FALSE
inRound2NotPublication,Vitis tiliifolia,countryExempt,GBIF,Vitis tiliifolia Humb. & Bonpl. ex Roem. & Schult.,BLZ,17.217668,-88.684767,be5dabf4-e929-49e2-9dd0-5b1f9d17744a,FALSE,FALSE
inRound2NotPublication,Vitis tiliifolia,countryExempt,GBIF,Vitis tiliifolia Humb. & Bonpl. ex Roem. & Schult.,SLV,13.817,-89.983,6ff26cc5fce376cff04139ef3e911537,FALSE,FALSE
inRound2NotPublication,Vitis tiliifolia,countryExempt,GBIF,Vitis tiliifolia Humb. & Bonpl. ex Roem. & Schult.,SLV,13.817,-89.983,0771058670e92be96aa475b6e6a699f6,FALSE,FALSE
inRound2NotPublication,Vitis tiliifolia,countryExempt,GBIF,Vitis tiliifolia Humb. & Bonpl. ex Roem. & Schult.,NIC,11.45,-85.517,1c211fe0c27683b548028471d1ba0934,FALSE,FALSE
inRound2NotPublication,Vitis tiliifolia,countryExempt,GBIF,Vitis tiliifolia Humb. & Bonpl. ex Roem. & Schult.,BLZ,17.217668,-88.684767,bcb5c5de-26c8-4d85-b70b-97f782a3a799,FALSE,FALSE
inRound2NotPublication,Vitis tiliifolia,countryExempt,GBIF,Vitis tiliifolia Humb. & Bonpl. ex Roem. & Schult.,BLZ,17.217668,-88.684767,47b1d8df-ca22-4857-a627-881bba7ce00a,FALSE,FALSE
inRound2NotPublication,Vitis tiliifolia,countryExempt,GBIF,Vitis tiliifolia Humb. & Bonpl. ex Roem. & Schult.,JAM,18.151419,-77.319014,69a3e50e-ff61-4db8-a463-952f6930580d,FALSE,FALSE
inRound2NotPublication,Vitis tiliifolia,countryExempt,GBIF,Vitis tiliifolia Humb. & Bonpl. ex Roem. & Schult.,BLZ,17.217668,-88.684767,e835fd27-dfe1-497a-b9bc-0591f0abbca8,FALSE,FALSE
inRound2NotPublication,Vitis tiliifolia,countryExempt,GBIF,Vitis tiliifolia Humb. & Bonpl. ex Willd.,COL,2.97,-74.97,http://n2t.net/ark:/65665/3768b7ec9-ae3c-422a-9aad-9a7eefdc1011,FALSE,FALSE
inRound2NotPublication,Vitis tiliifolia,countryExempt,GBIF,Vitis tiliifolia Humb. & Bonpl. ex Roem. & Schult.,SLV,13.81667,-89.98333,https://herbarium.bgbm.org/object/B100012547,FALSE,FALSE
inRound2NotPublication,Vitis tiliifolia,countryExempt,GBIF,Vitis tiliifolia Humb. & Bonpl. ex Roem. & Schult.,SLV,13.81667,-89.98333,https://herbarium.bgbm.org/object/B100012548,FALSE,FALSE
inRound2NotPublication,Vitis tiliifolia,countryExempt,GBIF,Vitis tiliifolia Humb. & Bonpl. ex Roem. & Schult.,SLV,13.81667,-89.98333,https://herbarium.bgbm.org/object/B100012549,FALSE,FALSE
inRound2NotPublication,Vitis tiliifolia,countryExempt,GBIF,Vitis tiliifolia Humb. & Bonpl. ex Roem. & Schult.,SLV,13.81667,-89.93333,https://herbarium.bgbm.org/object/B100036048,FALSE,FALSE
inRound2NotPublication,Vitis tiliifolia,countryExempt,GBIF,Vitis tiliifolia Humb. & Bonpl. ex Roem. & Schult.,SLV,13.81667,-89.93333,https://herbarium.bgbm.org/object/B100036051,FALSE,FALSE
inRound2NotPublication,Vitis tiliifolia,countryExempt,GBIF,Vitis tiliifolia Humb. & Bonpl. ex Roem. & Schult.,SLV,13.81667,-89.93333,https://herbarium.bgbm.org/object/B100036049,FALSE,FALSE
inRound2NotPublication,Vitis tiliifolia,countryExempt,GBIF,Vitis tiliifolia Humb. & Bonpl. ex Roem. & Schult.,SLV,13.81667,-89.93333,https://herbarium.bgbm.org/object/B100036052,FALSE,FALSE
inRound2NotPublication,Vitis tiliifolia,countryExempt,GBIF,Vitis tiliifolia Humb. & Bonpl. ex Roem. & Schult.,SLV,13.81667,-89.93333,https://herbarium.bgbm.org/object/B100036053,FALSE,FALSE
inRound2NotPublication,Vitis tiliifolia,countryExempt,GBIF,Vitis tiliifolia Humb. & Bonpl. ex Roem. & Schult.,SLV,13.81667,-89.93333,https://herbarium.bgbm.org/object/B100036055,FALSE,FALSE
inRound2NotPublication,Vitis tiliifolia,countryExempt,GBIF,Vitis tiliifolia Humb. & Bonpl. ex Roem. & Schult.,SLV,13.81667,-89.93333,https://herbarium.bgbm.org/object/B100036056,FALSE,FALSE
inRound2NotPublication,Vitis tiliifolia,countryExempt,GBIF,Vitis tiliifolia Humb. & Bonpl. ex Willd.,COL,10,-74.5,e2d90e6e-aa34-4fa8-8740-fecdc2663c70,FALSE,FALSE
inRound2NotPublication,Vitis tiliifolia,countryExempt,GBIF,Vitis tiliifolia Humb. & Bonpl. ex Willd.,COL,10,-74.5,3f6c7bfd-bf69-42e7-9df2-907515425e52,FALSE,FALSE
inRound2NotPublication,Vitis tiliifolia,countryExempt,GBIF,Vitis tiliifolia Humb. & Bonpl. ex Willd.,VEN,7.0758,-65.9119,7c8aed4e-91ed-4276-a8a2-5d34d26786ee,FALSE,FALSE
inRound2NotPublication,Vitis tiliifolia,countryExempt,GBIF,Vitis tiliifolia Humb. & Bonpl. ex Willd.,ECU,-1.4628,-78.1869,a90b1439-c3b1-427a-bc40-4eb67d0a36b1,FALSE,FALSE
inRound2NotPublication,Vitis tiliifolia,countryExempt,GBIF,Vitis tiliifolia Humb. & Bonpl. ex Willd.,VEN,7.0758,-65.9119,3ea276a4-051e-4b23-aa36-fdc877e84491,FALSE,FALSE
inRound2NotPublication,Vitis tiliifolia,countryExempt,GBIF,Vitis tiliifolia Humb. & Bonpl. ex Willd.,COL,10,-74.5,b4f1b956-9577-467a-bc64-01c2fdcc7289,FALSE,FALSE
inRound2NotPublication,Vitis tiliifolia,countryExempt,GBIF,Vitis tiliifolia Humb. & Bonpl. ex Roem. & Schult.,HND,14.0833,-87.2333,8D4D8D5F-701C-4DD4-BB93-EA0C5A5623A9,FALSE,FALSE
inRound2NotPublication,Vitis tiliifolia,countryExempt,GBIF,Vitis tiliifolia Humb. & Bonpl. ex Roem. & Schult.,HND,14.0833,-87.2333,E2F9A187-2D08-41D3-8B2A-BE0D7310FCCE,FALSE,FALSE
inRound2NotPublication,Vitis tiliifolia,countryExempt,GBIF,Vitis tiliifolia Humb. & Bonpl. ex Roem. & Schult.,HND,14.25,-87.1667,5382E464-05D1-4E1D-998A-917820644697,FALSE,FALSE
inRound2NotPublication,Vitis tiliifolia,countryExempt,GBIF,Vitis tiliifolia Humb. & Bonpl. ex Roem. & Schult.,HTI,18.5944,-72.30743,http://coldb.mnhn.fr/catalognumber/mnhn/p/p02788390,FALSE,FALSE
inRound2NotPublication,Vitis tiliifolia,countryExempt,GBIF,Vitis tiliifolia Humb. & Bonpl. ex Roem. & Schult.,HTI,18.5944,-72.30743,http://coldb.mnhn.fr/catalognumber/mnhn/p/p03169941,FALSE,FALSE
inRound2NotPublication,Vitis tiliifolia,countryExempt,GBIF,Vitis tiliifolia Humb. & Bonpl. ex Roem. & Schult.,PRI,18.3692,-66.16597,http://coldb.mnhn.fr/catalognumber/mnhn/p/p03169968,FALSE,FALSE
inRound2NotPublication,Vitis tiliifolia,countryExempt,GBIF,Vitis tiliifolia Humb. & Bonpl. ex Roem. & Schult.,VEN,8.56982,-71.1805,http://coldb.mnhn.fr/catalognumber/mnhn/p/p03169909,FALSE,FALSE
inRound2NotPublication,Vitis tiliifolia,countryExempt,GBIF,Vitis tiliifolia Humb. & Bonpl. ex Roem. & Schult.,COL,11.24036,-74.21102,http://coldb.mnhn.fr/catalognumber/mnhn/p/p03169906,FALSE,FALSE
inRound2NotPublication,Vitis tiliifolia,countryExempt,GBIF,Vitis tiliifolia Humb. & Bonpl. ex Roem. & Schult.,PRI,18.28134,-65.78294,http://coldb.mnhn.fr/catalognumber/mnhn/p/p03169982,FALSE,FALSE
inRound2NotPublication,Vitis tiliifolia,countryExempt,GBIF,Vitis tiliifolia Humb. & Bonpl. ex Roem. & Schult.,VEN,8.56982,-71.1805,http://coldb.mnhn.fr/catalognumber/mnhn/p/p03169910,FALSE,FALSE
inRound2NotPublication,Vitis tiliifolia,countryExempt,GBIF,Vitis tiliifolia Humb. & Bonpl. ex Roem. & Schult.,PRI,18.3692,-66.16597,http://coldb.mnhn.fr/catalognumber/mnhn/p/p03169976,FALSE,FALSE
inRound2NotPublication,Vitis tiliifolia,countryExempt,GBIF,Vitis tiliifolia Humb. & Bonpl. ex Roem. & Schult.,PRI,18.28134,-65.78294,http://coldb.mnhn.fr/catalognumber/mnhn/p/p03169972,FALSE,FALSE
inRound2NotPublication,Vitis tiliifolia,countryExempt,GBIF,Vitis tiliifolia Humb. & Bonpl. ex Roem. & Schult.,VEN,8.56982,-71.1805,http://coldb.mnhn.fr/catalognumber/mnhn/p/p03169912,FALSE,FALSE
inRound2NotPublication,Vitis tiliifolia,countryExempt,GBIF,Vitis tiliifolia Humb. & Bonpl. ex Roem. & Schult.,PRI,18.22083,-66.59015,http://coldb.mnhn.fr/catalognumber/mnhn/p/p03169973,FALSE,FALSE
inRound2NotPublication,Vitis tiliifolia,countryExempt,GBIF,Vitis tiliifolia Humb. & Bonpl. ex Roem. & Schult.,BLZ,18.206389,-88.187778,https://data.rbge.org.uk/herb/E00940768,FALSE,FALSE
inRound2NotPublication,Vitis tiliifolia,countryExempt,GBIF,Vitis tiliifolia Humb. & Bonpl. ex Roem. & Schult.,PRI,18.35629,-66.16629,629efe69-368d-41d8-983a-b906450533c9,FALSE,FALSE
inRound2NotPublication,Vitis tiliifolia,countryExempt,GBIF,Vitis tiliifolia Humb. & Bonpl. ex Roem. & Schult.,SLV,13.81666,-89.98333,urn:catalog:MO:Tropicos:102123696,FALSE,FALSE
inRound2NotPublication,Vitis tiliifolia,countryExempt,GBIF,Vitis tiliifolia Humb. & Bonpl. ex Roem. & Schult.,CRI,10.43138,-84.00361,urn:catalog:MO:Tropicos:2065748,FALSE,FALSE
inRound2NotPublication,Vitis tiliifolia,countryExempt,GBIF,Vitis tiliifolia Humb. & Bonpl. ex Roem. & Schult.,SLV,13.81666,-89.93333,urn:catalog:MO:Tropicos:1412204,FALSE,FALSE
inRound2NotPublication,Vitis tiliifolia,countryExempt,GBIF,Vitis tiliifolia Humb. & Bonpl. ex Roem. & Schult.,CRI,10.43138,-84.00361,urn:catalog:MO:Tropicos:2447307,FALSE,FALSE
inRound2NotPublication,Vitis tiliifolia,countryExempt,GBIF,Vitis tiliifolia Humb. & Bonpl. ex Roem. & Schult.,CRI,10.43138,-84.00361,urn:catalog:MO:Tropicos:2729676,FALSE,FALSE
inRound2NotPublication,Vitis tiliifolia,countryExempt,GBIF,Vitis tiliifolia Humb. & Bonpl. ex Roem. & Schult.,SLV,13.81666,-89.98333,urn:catalog:MO:Tropicos:102123697,FALSE,FALSE
inRound2NotPublication,Vitis tiliifolia,countryExempt,GBIF,Vitis tiliifolia Humb. & Bonpl. ex Roem. & Schult.,CRI,10.43138,-84.00361,urn:catalog:MO:Tropicos:2647519,FALSE,FALSE
inRound2NotPublication,Vitis tiliifolia,countryExempt,GBIF,Vitis tiliifolia Humb. & Bonpl. ex Roem. & Schult.,SLV,13.81666,-89.93333,urn:catalog:MO:Tropicos:102123767,FALSE,FALSE
inRound2NotPublication,Vitis tiliifolia,countryExempt,GBIF,Vitis tiliifolia Humb. & Bonpl. ex Roem. & Schult.,SLV,13.81666,-89.98333,urn:catalog:MO:Tropicos:102123814,FALSE,FALSE
inRound2NotPublication,Vitis tiliifolia,countryExempt,GBIF,Vitis tiliifolia Humb. & Bonpl. ex Roem. & Schult.,SLV,13.81666,-89.98333,urn:catalog:MO:Tropicos:102123970,FALSE,FALSE
inRound2NotPublication,Vitis tiliifolia,countryExempt,GBIF,Vitis tiliifolia Humb. & Bonpl. ex Roem. & Schult.,SLV,13.81666,-89.93333,urn:catalog:MO:Tropicos:1412207,FALSE,FALSE
inRound2NotPublication,Vitis tiliifolia,countryExempt,GBIF,Vitis tiliifolia Humb. & Bonpl. ex Roem. & Schult.,SLV,13.81666,-89.98333,urn:catalog:MO:Tropicos:2449996,FALSE,FALSE
inRound2NotPublication,Vitis tiliifolia,countryExempt,GBIF,Vitis tiliifolia Humb. & Bonpl. ex Roem. & Schult.,CRI,9.78333,-84.93333,UCR-BPS-93744,FALSE,FALSE
inRound2NotPublication,Vitis tiliifolia,countryExempt,GBIF,Vitis tiliifolia Humb. & Bonpl. ex Willd.,VEN,8.25,-70.75,http://n2t.net/ark:/65665/3d21294a0-e82d-46ea-884f-9fd556d14f4b,FALSE,FALSE
inRound2NotPublication,Vitis tiliifolia,countryExempt,GBIF,Vitis tiliifolia Humb. & Bonpl. ex Roem. & Schult.,SLV,13.81666,-89.98333,urn:catalog:MO:Tropicos:102123695,FALSE,FALSE
inRound2NotPublication,Vitis tiliifolia,countryExempt,GBIF,Vitis tiliifolia Humb. & Bonpl. ex Roem. & Schult.,NIC,13.385278,-86.261667,urn:catalog:MO:Tropicos:3591879,FALSE,FALSE
inRound2NotPublication,Vitis tiliifolia,countryExempt,GBIF,Vitis tiliifolia Humb. & Bonpl. ex Roem. & Schult.,SLV,13.81666,-89.93333,urn:catalog:MO:Tropicos:102123768,FALSE,FALSE
inRound2NotPublication,Vitis tiliifolia,countryExempt,GBIF,Vitis tiliifolia Humb. & Bonpl. ex Roem. & Schult.,SLV,13.81666,-89.98333,urn:catalog:MO:Tropicos:2448595,FALSE,FALSE
inRound2NotPublication,Vitis tiliifolia,countryExempt,GBIF,Vitis tiliifolia Humb. & Bonpl. ex Willd.,VEN,7.0758,-65.9119,ceb80690-6345-46c6-be28-e2483c46dcbe,FALSE,FALSE
inRound2NotPublication,Vitis tiliifolia,countryExempt,GBIF,Vitis tiliifolia Humb. & Bonpl. ex Willd.,COL,3.75,-76.5,69a04e09-02eb-4ec4-8502-c4fca8cfc9db,FALSE,FALSE
inRound2NotPublication,Vitis tiliifolia,countryExempt,GBIF,Vitis tiliifolia Humb. & Bonpl.,CRI,10.035833,-84.546944,urn:catalog:INB:Atta:2839214,FALSE,FALSE
inRound2NotPublication,Vitis tiliifolia,countryExempt,GBIF,Vitis tiliifolia Humb. & Bonpl.,CRI,10.889383,-85.475773,urn:catalog:INB:Atta:3381857,FALSE,FALSE
inRound2NotPublication,Vitis tiliifolia,countryExempt,GBIF,Vitis tiliifolia Humb. & Bonpl.,CRI,10.035833,-84.546944,urn:catalog:INB:Atta:2839215,FALSE,FALSE
inRound2NotPublication,Vitis tiliifolia,countryExempt,GBIF,Vitis tiliifolia Humb. & Bonpl.,CRI,10.889383,-85.475773,urn:catalog:INB:Atta:3381858,FALSE,FALSE
inRound2NotPublication,Vitis tiliifolia,countryExempt,GBIF,Vitis tiliifolia Humb. & Bonpl.,CRI,10.035833,-84.546944,urn:catalog:INB:Atta:2839216,FALSE,FALSE
inRound2NotPublication,Vitis tiliifolia,countryExempt,GBIF,Vitis tiliifolia Humb. & Bonpl.,CRI,10.889383,-85.475773,urn:catalog:INB:Atta:3381859,FALSE,FALSE
inRound2NotPublication,Vitis tiliifolia,countryExempt,GBIF,Vitis tiliifolia Humb. & Bonpl.,CRI,9.5,-83.955556,urn:catalog:INB:Atta:4055263,FALSE,FALSE
inRound2NotPublication,Vitis tiliifolia,countryExempt,GBIF,Vitis tiliifolia Humb. & Bonpl.,CRI,10.882909,-85.401652,urn:catalog:INB:Atta:2852612,FALSE,FALSE
inRound2NotPublication,Vitis tiliifolia,countryExempt,GBIF,Vitis tiliifolia Humb. & Bonpl.,CRI,9.9,-84.272222,urn:catalog:INB:Atta:4144463,FALSE,FALSE
inRound2NotPublication,Vitis tiliifolia,countryExempt,GBIF,Vitis tiliifolia Humb. & Bonpl.,CRI,10.882909,-85.401652,urn:catalog:INB:Atta:2852613,FALSE,FALSE
inRound2NotPublication,Vitis tiliifolia,countryExempt,GBIF,Vitis tiliifolia Humb. & Bonpl.,CRI,9.729167,-84.308333,urn:catalog:INB:Atta:4013751,FALSE,FALSE
inRound2NotPublication,Vitis tiliifolia,countryExempt,GBIF,Vitis tiliifolia Humb. & Bonpl.,CRI,9.9,-84.272222,urn:catalog:INB:Atta:4144464,FALSE,FALSE
inRound2NotPublication,Vitis tiliifolia,countryExempt,GBIF,Vitis tiliifolia Humb. & Bonpl.,CRI,10.882909,-85.401652,urn:catalog:INB:Atta:2852614,FALSE,FALSE
inRound2NotPublication,Vitis tiliifolia,countryExempt,GBIF,Vitis tiliifolia Humb. & Bonpl.,CRI,9.729167,-84.308333,urn:catalog:INB:Atta:4013749,FALSE,FALSE
inRound2NotPublication,Vitis tiliifolia,countryExempt,GBIF,Vitis tiliifolia Humb. & Bonpl.,CRI,10.882909,-85.401652,urn:catalog:INB:Atta:2852615,FALSE,FALSE
inRound2NotPublication,Vitis tiliifolia,countryExempt,GBIF,Vitis tiliifolia Humb. & Bonpl.,CRI,10.014502,-85.405089,urn:catalog:INB:Atta:3973100,FALSE,FALSE
inRound2NotPublication,Vitis tiliifolia,countryExempt,GBIF,Vitis tiliifolia Humb. & Bonpl.,CRI,9.008871,-83.005932,urn:catalog:INB:Atta:4000322,FALSE,FALSE
inRound2NotPublication,Vitis tiliifolia,countryExempt,GBIF,Vitis tiliifolia Humb. & Bonpl.,CRI,9.075833,-83.029167,urn:catalog:INB:Atta:4021310,FALSE,FALSE
inRound2NotPublication,Vitis tiliifolia,countryExempt,GBIF,Vitis tiliifolia Humb. & Bonpl. ex Roem. & Schult.,DOM,19.58858,-70.74783,de2fef3f-f008-41c5-915b-b0e5c6f74a2c,FALSE,FALSE
inRound2NotPublication,Vitis tiliifolia,countryExempt,GBIF,Vitis tiliifolia Humb. & Bonpl. ex Roem. & Schult.,SLV,13.81667,-89.93333,http://lagu.jacq.org/object/ISF00127,FALSE,FALSE
inRound2NotPublication,Vitis tiliifolia,countryExempt,GBIF,Vitis tiliifolia Humb. & Bonpl. ex Roem. & Schult.,SLV,13.81667,-89.93333,http://lagu.jacq.org/object/JBL01066,FALSE,FALSE
inRound2NotPublication,Vitis tiliifolia,countryExempt,GBIF,Vitis tiliifolia Humb. & Bonpl. ex Roem. & Schult.,SLV,13.81667,-89.98333,http://lagu.jacq.org/object/JMR00711,FALSE,FALSE
inRound2NotPublication,Vitis tiliifolia,countryExempt,GBIF,Vitis tiliifolia Humb. & Bonpl. ex Roem. & Schult.,SLV,13.81667,-89.93333,http://lagu.jacq.org/object/ISB00204,FALSE,FALSE
inRound2NotPublication,Vitis tiliifolia,countryExempt,GBIF,Vitis tiliifolia Humb. & Bonpl. ex Roem. & Schult.,SLV,13.81667,-89.93333,http://lagu.jacq.org/object/ISB00813,FALSE,FALSE
inRound2NotPublication,Vitis tiliifolia,countryExempt,GBIF,Vitis tiliifolia Humb. & Bonpl. ex Roem. & Schult.,SLV,13.81667,-89.93333,http://lagu.jacq.org/object/ISB00099,FALSE,FALSE
inRound2NotPublication,Vitis tiliifolia,countryExempt,GBIF,Vitis tiliifolia Humb. & Bonpl. ex Roem. & Schult.,SLV,13.81667,-89.93333,http://lagu.jacq.org/object/ES-01011,FALSE,FALSE
inRound2NotPublication,Vitis tiliifolia,countryExempt,GBIF,Vitis tiliifolia Humb. & Bonpl. ex Roem. & Schult.,SLV,13.81667,-89.98333,http://lagu.jacq.org/object/JMR00506,FALSE,FALSE
inRound2NotPublication,Vitis tiliifolia,countryExempt,GBIF,Vitis tiliifolia Humb. & Bonpl. ex Roem. & Schult.,SLV,13.81667,-89.98333,http://lagu.jacq.org/object/JMR00569,FALSE,FALSE
inRound2NotPublication,Vitis tiliifolia,countryExempt,GBIF,Vitis tiliifolia Humb. & Bonpl. ex Roem. & Schult.,SLV,13.81667,-89.93333,http://lagu.jacq.org/object/MS-00265,FALSE,FALSE
inRound2NotPublication,Vitis tiliifolia,countryExempt,GBIF,Vitis tiliifolia Humb. & Bonpl. ex Roem. & Schult.,COL,4.92891,-74.42797,MLS:BOG:1308,FALSE,FALSE
inRound2NotPublication,Vitis tiliifolia,countryExempt,GBIF,Vitis tiliifolia Humb. & Bonpl. ex Roem. & Schult.,JAM,18.02786,-76.690188,22476aae-2756-4939-bbe9-b257858ae6ba,FALSE,FALSE
inRound2NotPublication,Vitis tiliifolia,countryExempt,GBIF,Vitis tiliifolia Humb. & Bonpl. ex Roem. & Schult.,COL,7.109119,-73.107389,CDMB:HEV:4360,FALSE,FALSE
inRound2NotPublication,Vitis tiliifolia,countryExempt,GBIF,Vitis tiliifolia Humb. & Bonpl. ex Roem. & Schult.,COL,3.738269,-76.674469,ICESI:COLOMBIA:0621,FALSE,FALSE
inRound2NotPublication,Vitis tiliifolia,countryExempt,GBIF,Vitis tiliifolia Humb. & Bonpl. ex Roem. & Schult.,COL,10.35488,-75.42703,JBGP:BsT_PLANTAS_2020_PARCELA:P1:1-4:OB0067,FALSE,FALSE
inRound2NotPublication,Vitis tiliifolia,countryExempt,GBIF,Vitis tiliifolia Humb. & Bonpl. ex Roem. & Schult.,COL,10.35493,-75.42697,JBGP:BsT_PLANTAS_2020_PARCELA:P1:24-2:OB0141,FALSE,FALSE
inRound2NotPublication,Vitis tiliifolia,countryExempt,GBIF,Vitis tiliifolia Humb. & Bonpl. ex Roem. & Schult.,COL,10.35491,-75.427,JBGP:BsT_PLANTAS_2020_PARCELA:P1:24-3:OB0125,FALSE,FALSE
inRound2NotPublication,Vitis tiliifolia,countryExempt,GBIF,Vitis tiliifolia Humb. & Bonpl. ex Roem. & Schult.,COL,5.725944,-75.611472,IAvH:BICUB:ANTIOQUIA:PLANTAE:ESPECIMENPRESERVADO:I2D-BIO_2014_IPT020:1231,FALSE,FALSE
inRound2NotPublication,Vitis tiliifolia,countryExempt,GBIF,Vitis tiliifolia Humb. & Bonpl. ex Roem. & Schult.,COL,5.725944,-75.611472,IAvH:BICUB:ANTIOQUIA:PLANTAE:ESPECIMENPRESERVADO:I2D-BIO_2014_IPT020:1324,FALSE,FALSE
inRound2NotPublication,Vitis tiliifolia,countryExempt,GBIF,Vitis tiliifolia Humb. & Bonpl. ex Roem. & Schult.,COL,6.457389,-75.7125,IAvH:BICUB:ANTIOQUIA:PLANTAE:ESPECIMENPRESERVADO:I2D-BIO_2014_IPT020:1137,FALSE,FALSE
inRound2NotPublication,Vitis tiliifolia,countryExempt,GBIF,Vitis tiliifolia Humb. & Bonpl. ex Roem. & Schult.,COL,5.1766,-74.7963,IAvH:CBB:PLANTAE:PPM-TOLIMA_TM_CENSO1:ESPECIMENPRESERVADO:I2D-BIO_2019_042:003,FALSE,FALSE
inRound2NotPublication,Vitis tiliifolia,countryExempt,GBIF,Vitis tiliifolia Humb. & Bonpl. ex Roem. & Schult.,COL,13.323908,-81.378801,0_23,FALSE,FALSE
inRound2NotPublication,Vitis tiliifolia,countryExempt,GBIF,Vitis tiliifolia Humb. & Bonpl. ex Roem. & Schult.,CRI,9.44,-83.84,NA,FALSE,FALSE
inRound2NotPublication,Vitis tiliifolia,countryExempt,GBIF,Vitis tiliifolia Humb. & Bonpl. ex Roem. & Schult.,CRI,9.82,-84.18,NA,FALSE,FALSE
inRound2NotPublication,Vitis tiliifolia,countryExempt,GBIF,Vitis tiliifolia Humb. & Bonpl. ex Roem. & Schult.,CRI,10.26,-84.82,NA,FALSE,FALSE
inRound2NotPublication,Vitis tiliifolia,countryExempt,GBIF,Vitis tiliifolia Humb. & Bonpl. ex Roem. & Schult.,CRI,10.36,-84.78,NA,FALSE,FALSE
inRound2NotPublication,Vitis tiliifolia,countryExempt,GBIF,Vitis tiliifolia Humb. & Bonpl. ex Roem. & Schult.,CRI,9.9,-84.26,NA,FALSE,FALSE
inRound2NotPublication,Vitis tiliifolia,countryExempt,GBIF,Vitis tiliifolia Humb. & Bonpl. ex Roem. & Schult.,CRI,9.75,-84.56,NA,FALSE,FALSE
inRound2NotPublication,Vitis tiliifolia,countryExempt,GBIF,Vitis tiliifolia Humb. & Bonpl. ex Roem. & Schult.,CRI,10.3,-84.8,NA,FALSE,FALSE
inRound2NotPublication,Vitis tiliifolia,countryExempt,GBIF,Vitis tiliifolia Humb. & Bonpl. ex Roem. & Schult.,CRI,9.76,-84.9,NA,FALSE,FALSE
inRound2NotPublication,Vitis tiliifolia,countryExempt,GBIF,Vitis tiliifolia Humb. & Bonpl. ex Roem. & Schult.,CRI,9.91,-84.25,NA,FALSE,FALSE
inRound2NotPublication,Vitis tiliifolia,countryExempt,GBIF,Vitis tiliifolia Humb. & Bonpl. ex Roem. & Schult.,CRI,9.45,-83.84,NA,FALSE,FALSE
inRound2NotPublication,Vitis tiliifolia,countryExempt,GBIF,Vitis tiliifolia Humb. & Bonpl. ex Roem. & Schult.,CRI,11.1,-85.58,NA,FALSE,FALSE
inRound2NotPublication,Vitis tiliifolia,countryExempt,GBIF,Vitis tiliifolia Humb. & Bonpl. ex Roem. & Schult.,CRI,10.95,-85.48,NA,FALSE,FALSE
inRound2NotPublication,Vitis tiliifolia,countryExempt,GBIF,Vitis tiliifolia Humb. & Bonpl. ex Roem. & Schult.,CRI,10.96,-85.49,NA,FALSE,FALSE
inRound2NotPublication,Vitis tiliifolia,countryExempt,GBIF,Vitis tiliifolia Humb. & Bonpl. ex Roem. & Schult.,CRI,10.92,-85.47,NA,FALSE,FALSE
inRound2NotPublication,Vitis tiliifolia,countryExempt,GBIF,Vitis tiliifolia Humb. & Bonpl. ex Roem. & Schult.,CRI,10.8,-85.31,NA,FALSE,FALSE
inRound2NotPublication,Vitis tiliifolia,countryExempt,GBIF,Vitis tiliifolia Humb. & Bonpl. ex Roem. & Schult.,CRI,10.35,-84.85,NA,FALSE,FALSE
inRound2NotPublication,Vitis tiliifolia,countryExempt,GBIF,Vitis tiliifolia Humb. & Bonpl. ex Roem. & Schult.,CRI,9.8,-84.55,NA,FALSE,FALSE
inRound2NotPublication,Vitis tiliifolia,countryExempt,GBIF,Vitis tiliifolia Humb. & Bonpl. ex Roem. & Schult.,CRI,10.88,-85.47,NA,FALSE,FALSE
inRound2NotPublication,Vitis tiliifolia,countryExempt,GBIF,Vitis tiliifolia Humb. & Bonpl. ex Roem. & Schult.,CRI,9.78,-83.73,NA,FALSE,FALSE
inRound2NotPublication,Vitis tiliifolia,countryExempt,GBIF,Vitis tiliifolia Humb. & Bonpl. ex Roem. & Schult.,CRI,9.38,-84.15,NA,FALSE,FALSE
inRound2NotPublication,Vitis tiliifolia,countryExempt,GBIF,Vitis tiliifolia Humb. & Bonpl. ex Roem. & Schult.,CRI,10.38,-83.96,NA,FALSE,FALSE
inRound2NotPublication,Vitis tiliifolia,countryExempt,GBIF,Vitis tiliifolia Humb. & Bonpl. ex Roem. & Schult.,CRI,10.95,-85.48,NA,FALSE,FALSE
inRound2NotPublication,Vitis tiliifolia,countryExempt,GBIF,Vitis tiliifolia Humb. & Bonpl. ex Roem. & Schult.,CRI,9.46,-83.79,NA,FALSE,FALSE
inRound2NotPublication,Vitis tiliifolia,countryExempt,GBIF,Vitis tiliifolia Humb. & Bonpl. ex Roem. & Schult.,CRI,10.58,-84.98,NA,FALSE,FALSE
inRound2NotPublication,Vitis tiliifolia,countryExempt,GBIF,Vitis tiliifolia Humb. & Bonpl. ex Roem. & Schult.,CRI,10.59,-84.98,NA,FALSE,FALSE
inRound2NotPublication,Vitis tiliifolia,countryExempt,GBIF,Vitis tiliifolia Humb. & Bonpl. ex Roem. & Schult.,CRI,9.89,-84.16,NA,FALSE,FALSE
inRound2NotPublication,Vitis tiliifolia,countryExempt,GBIF,Vitis tiliifolia Humb. & Bonpl. ex Roem. & Schult.,CRI,9.86,-85.35,NA,FALSE,FALSE
inRound2NotPublication,Vitis tiliifolia,countryExempt,GBIF,Vitis tiliifolia Humb. & Bonpl. ex Roem. & Schult.,CRI,10.41,-84.91,NA,FALSE,FALSE
inRound2NotPublication,Vitis tiliifolia,countryExempt,GBIF,Vitis tiliifolia Humb. & Bonpl. ex Roem. & Schult.,CRI,9.72,-84.37,NA,FALSE,FALSE
inRound2NotPublication,Vitis tiliifolia,countryExempt,GBIF,Vitis tiliifolia Humb. & Bonpl. ex Roem. & Schult.,CRI,10.18,-83.69,NA,FALSE,FALSE
inRound2NotPublication,Vitis tiliifolia,countryExempt,GBIF,Vitis tiliifolia Humb. & Bonpl. ex Roem. & Schult.,CRI,9.38,-84.14,NA,FALSE,FALSE
inRound2NotPublication,Vitis tiliifolia,countryExempt,GBIF,Vitis tiliifolia Humb. & Bonpl. ex Roem. & Schult.,CRI,10.58,-84.93,NA,FALSE,FALSE
inRound2NotPublication,Vitis tiliifolia,countryExempt,GBIF,Vitis tiliifolia Humb. & Bonpl. ex Roem. & Schult.,CRI,9.91,-84.3,NA,FALSE,FALSE
inRound2NotPublication,Vitis tiliifolia,countryExempt,GBIF,Vitis tiliifolia Humb. & Bonpl. ex Roem. & Schult.,CUB,22.866667,-82.933333,NA,FALSE,FALSE
inRound2NotPublication,Vitis tiliifolia,countryExempt,GBIF,Vitis tiliifolia Humb. & Bonpl. ex Roem. & Schult.,ECU,-1.567,-80.717,NA,FALSE,FALSE
inRound2NotPublication,Vitis tiliifolia,countryExempt,GBIF,Vitis tiliifolia Humb. & Bonpl. ex Roem. & Schult.,BLZ,16.628,-89.019,NA,FALSE,FALSE
inRound2NotPublication,Vitis tiliifolia,other,GBIF,Vitis tiliifolia Humb. & Bonpl. ex Roem. & Schult.,MEX,17.45,-97.933333,NA,FALSE,FALSE
inRound2NotPublication,Vitis tiliifolia,countryExempt,GBIF,Vitis tiliifolia Humb. & Bonpl. ex Roem. & Schult.,CRI,8.785,-82.9625,NA,FALSE,FALSE
inRound2NotPublication,Vitis tiliifolia,countryExempt,GBIF,Vitis tiliifolia Humb. & Bonpl. ex Roem. & Schult.,CRI,8.78515,-82.96104,NA,FALSE,FALSE
inRound2NotPublication,Vitis tiliifolia,countryExempt,GBIF,Vitis tiliifolia Humb. & Bonpl. ex Roem. & Schult.,CRI,8.783333,-82.978056,NA,FALSE,FALSE
inRound2NotPublication,Vitis tiliifolia,countryExempt,GBIF,Vitis tiliifolia Humb. & Bonpl. ex Roem. & Schult.,CRI,8.786417,-82.961111,NA,FALSE,FALSE
inRound2NotPublication,Vitis tiliifolia,other,wiews,Vitis tiliifolia,MEX,21.466067,-99.179133,NA,FALSE,FALSE
inRound2NotPublication,Vitis tiliifolia,other,bg_survey,Vitis tiliifolia Humb. & Bonpl. ex Roem. & Schult.,MEX,20.188499,-97.409777,NA,FALSE,FALSE
inRound2NotPublication,Vitis tiliifolia,countryExempt,GBIF,Vitis tiliifolia Humb. & Bonpl. ex Roem. & Schult.,CRI,0,0,NA,FALSE,FALSE
inRound2NotPublication,Vitis tiliifolia,countryExempt,GBIF,Vitis tiliifolia Humb. & Bonpl. ex Roem. & Schult.,HND,0,0,NA,FALSE,FALSE
inRound2NotPublication,Vitis tiliifolia,countryExempt,GBIF,Vitis tiliifolia Humb. & Bonpl. ex Roem. & Schult.,CRI,0,0,NA,FALSE,FALSE
inRound2NotPublication,Vitis tiliifolia,countryExempt,GBIF,Vitis tiliifolia Humb. & Bonpl. ex Roem. & Schult.,CRI,0,0,NA,FALSE,FALSE
inRound2NotPublication,Vitis tiliifolia,countryExempt,GBIF,Vitis tiliifolia Humb. & Bonpl. ex Roem. & Schult.,CRI,0,0,NA,FALSE,FALSE
inRound2NotPublication,Vitis tiliifolia,countryExempt,GBIF,Vitis tiliifolia Humb. & Bonpl. ex Roem. & Schult.,CRI,0,0,NA,FALSE,FALSE
inRound2NotPublication,Vitis tiliifolia,countryExempt,GBIF,Vitis tiliifolia Humb. & Bonpl. ex Roem. & Schult.,CRI,0,0,NA,FALSE,FALSE
inRound2NotPublication,Vitis tiliifolia,countryExempt,GBIF,Vitis tiliifolia Humb. & Bonpl. ex Roem. & Schult.,CRI,0,0,NA,FALSE,FALSE
inRound2NotPublication,Vitis tiliifolia,countryExempt,GBIF,Vitis tiliifolia Humb. & Bonpl. ex Roem. & Schult.,CRI,0,0,NA,FALSE,FALSE
inRound2NotPublication,Vitis tiliifolia,countryExempt,GBIF,Vitis tiliifolia Humb. & Bonpl. ex Roem. & Schult.,CRI,0,0,NA,FALSE,FALSE
inRound2NotPublication,Vitis tiliifolia,other,GBIF,Vitis tiliifolia Humb. & Bonpl. ex Roem. & Schult.,MEX,NA,NA,NA,FALSE,FALSE
inRound2NotPublication,Vitis tiliifolia,other,GBIF,Vitis tiliifolia Humb. & Bonpl. ex Roem. & Schult.,MEX,NA,NA,NA,FALSE,FALSE
inRound2NotPublication,Vitis tiliifolia,countryExempt,GBIF,Vitis tiliifolia Humb. & Bonpl. ex Roem. & Schult.,COL,NA,NA,NA,FALSE,FALSE
inRound2NotPublication,Vitis tiliifolia,countryExempt,GBIF,Vitis tiliifolia Humb. & Bonpl. ex Roem. & Schult.,COL,NA,NA,NA,FALSE,FALSE
inRound2NotPublication,Vitis tiliifolia,other,GBIF,Vitis tiliifolia Humb. & Bonpl. ex Roem. & Schult.,MEX,NA,NA,NA,FALSE,FALSE
inRound2NotPublication,Vitis tiliifolia,other,GBIF,Vitis tiliifolia Humb. & Bonpl. ex Roem. & Schult.,MEX,NA,NA,NA,FALSE,FALSE
inRound2NotPublication,Vitis tiliifolia,other,GBIF,Vitis tiliifolia Humb. & Bonpl. ex Roem. & Schult.,MEX,NA,NA,NA,FALSE,FALSE
inRound2NotPublication,Vitis tiliifolia,other,GBIF,Vitis tiliifolia Humb. & Bonpl. ex Roem. & Schult.,MEX,NA,NA,NA,FALSE,FALSE
inRound2NotPublication,Vitis tiliifolia,other,GBIF,Vitis tiliifolia Humb. & Bonpl. ex Roem. & Schult.,MEX,NA,NA,NA,FALSE,FALSE
inRound2NotPublication,Vitis tiliifolia,countryExempt,GBIF,Vitis tiliifolia Humb. & Bonpl. ex Roem. & Schult.,CRI,NA,NA,NA,FALSE,FALSE
inRound2NotPublication,Vitis tiliifolia,countryExempt,wiews,Vitis tiliifolia,VEN,NA,NA,NA,FALSE,FALSE
inRound2NotPublication,Vitis tiliifolia,other,wiews,Vitis tiliifolia,MEX,NA,NA,NA,FALSE,FALSE
inRound2NotPublication,Vitis tiliifolia,other,wiews,Vitis tiliifolia,MEX,NA,NA,NA,FALSE,FALSE
inRound2NotPublication,Vitis tiliifolia,other,wiews,Vitis tiliifolia,MEX,NA,NA,NA,FALSE,FALSE
inRound2NotPublication,Vitis x champinii,gbifTaxonomy,GBIF,Vitis L.,USA,31.273893,-97.525592,ceb626fa-369d-4b8c-a7a2-1fe212116bfe,FALSE,FALSE
inRound2NotPublication,Vitis x champinii,gbifTaxonomy,GBIF,Vitis L.,USA,31.068889,-97.996674,65e2190f-36f5-4091-9147-34bec92659f0,FALSE,FALSE
inRound2NotPublication,Vitis x champinii,gbifTaxonomy,GBIF,Vitis L.,USA,31.278019,-97.524776,1a65c97f-0c88-4477-9009-62e8890b7eae,FALSE,FALSE
inRound2NotPublication,Vitis x champinii,gbifTaxonomy,GBIF,Vitis L.,USA,31.07466,-97.9953,396f8fd3-8653-4580-a427-570a117c87df,FALSE,FALSE
inRound2NotPublication,Vitis x champinii,gbifTaxonomy,GBIF,Vitis L.,USA,31.065731,-97.995308,fbe6d647-b53d-4a6b-95ad-09178f4fbee5,FALSE,FALSE
inRound2NotPublication,Vitis x champinii,gbifTaxonomy,GBIF,Vitis L.,USA,NA,NA,cf8abde5-8f64-40cd-8b42-898d6c96d120,FALSE,FALSE
inRound2NotPublication,Vitis x champinii,gbifTaxonomy,GBIF,Vitis L.,USA,NA,NA,980642e3-0b04-4a0e-bf81-856578aaced5,FALSE,FALSE
inRound2NotPublication,Vitis x champinii,gbifTaxonomy,GBIF,Vitis L.,USA,NA,NA,9be4c095-448f-4906-ba4f-5c77e58ef071,FALSE,FALSE
inRound2NotPublication,Vitis x champinii,gbifTaxonomy,GBIF,Vitis L.,USA,NA,NA,d3378369-29b8-4607-9235-cd75df672bce,FALSE,FALSE
inRound2NotPublication,Vitis x champinii,gbifTaxonomy,GBIF,Vitis L.,USA,NA,NA,c5684622-bc10-4f9a-ac31-3235dda8f2de,FALSE,FALSE
inRound2NotPublication,Vitis x champinii,gbifTaxonomy,GBIF,Vitis L.,USA,NA,NA,cd14bc41-0cdb-4f8d-b32e-982e5647329b,FALSE,FALSE
inRound2NotPublication,Vitis x champinii,gbifTaxonomy,GBIF,Vitis L.,USA,NA,NA,e4b23434-ce59-4e36-867c-71b560aacefc,FALSE,FALSE
inRound2NotPublication,Vitis x champinii,gbifTaxonomy,GBIF,Vitis L.,USA,NA,NA,27be2990-f98d-4e6a-be5d-f60373dfc1ec,FALSE,FALSE
inRound2NotPublication,Vitis x champinii,gbifTaxonomy,GBIF,Vitis L.,USA,NA,NA,8df4c5dc-dea8-453d-a9d7-379977e43d5f,FALSE,FALSE
inRound2NotPublication,Vitis x champinii,gbifTaxonomy,GBIF,Vitis L.,USA,NA,NA,1a7656ba-7141-466a-919b-9a38a91cb53f,FALSE,FALSE
inRound2NotPublication,Vitis x champinii,gbifTaxonomy,GBIF,Vitis L.,USA,NA,NA,930c73c7-0bc6-4968-9bd6-bc0e37573a27,FALSE,FALSE
inRound2NotPublication,Vitis x champinii,gbifTaxonomy,GBIF,Vitis L.,USA,NA,NA,55c9f960-d91f-4747-b758-f9b3057a5589,FALSE,FALSE
inRound2NotPublication,Vitis x champinii,gbifTaxonomy,GBIF,Vitis L.,USA,NA,NA,88c56f7d-8dc5-4728-9dcb-c2c0eebe7a75,FALSE,FALSE
inRound2NotPublication,Vitis x champinii,gbifTaxonomy,GBIF,Vitis L.,USA,NA,NA,6a84d381-8059-4fc0-9267-08a6cf6ed400,FALSE,FALSE
inRound2NotPublication,Vitis x champinii,gbifTaxonomy,GBIF,Vitis L.,USA,NA,NA,83816fad-4156-4ea3-8691-3d71460c9aef,FALSE,FALSE
inRound2NotPublication,Vitis x champinii,gbifTaxonomy,GBIF,Vitis L.,USA,NA,NA,778b23c2-05ff-410c-bc2a-41ffd8ecdc29,FALSE,FALSE
inRound2NotPublication,Vitis x champinii,gbifTaxonomy,GBIF,Vitis L.,USA,NA,NA,ee652a93-e051-4ec0-af69-db328a84f036,FALSE,FALSE
inRound2NotPublication,Vitis x champinii,gbifTaxonomy,GBIF,Vitis L.,USA,NA,NA,09c0153f-c722-460e-8fe4-d973fb7a67d1,FALSE,FALSE
inRound2NotPublication,Vitis x champinii,gbifTaxonomy,GBIF,Vitis L.,USA,NA,NA,1c5accd8-4300-40b2-a35a-243fa622d579,FALSE,FALSE
inRound2NotPublication,Vitis x champinii,gbifTaxonomy,GBIF,Vitis L.,USA,NA,NA,354b26b1-17e9-48e1-b805-50dd1c6c444b,FALSE,FALSE
inRound2NotPublication,Vitis x champinii,gbifTaxonomy,GBIF,Vitis L.,USA,NA,NA,4cdb0e71-5652-42b9-8fef-27abddf02778,FALSE,FALSE
inRound2NotPublication,Vitis x champinii,gbifTaxonomy,GBIF,Vitis L.,USA,NA,NA,72d1343c-8198-4872-ac8b-ef2540e93e2c,FALSE,FALSE
inRound2NotPublication,Vitis x champinii,gbifTaxonomy,GBIF,Vitis L.,USA,NA,NA,a9af6921-e63c-4ba5-9b06-014c3bcac0b6,FALSE,FALSE
inRound2NotPublication,Vitis x champinii,gbifTaxonomy,GBIF,Vitis L.,USA,NA,NA,224980b2-68e3-449c-8fe4-3950ac3336d9,FALSE,FALSE
inRound2NotPublication,Vitis x champinii,gbifTaxonomy,GBIF,Vitis L.,USA,NA,NA,9a191800-da57-4be9-a52f-ad412e59db1a,FALSE,FALSE
inRound2NotPublication,Vitis x champinii,gbifTaxonomy,GBIF,Vitis L.,USA,NA,NA,bbbd916f-824c-43b2-b3e9-12682ff05cf7,FALSE,FALSE
inRound2NotPublication,Vitis x champinii,gbifTaxonomy,GBIF,Vitis L.,USA,NA,NA,be260e67-68fb-49a0-84bf-bf5a85196ec7,FALSE,FALSE
inRound2NotPublication,Vitis x champinii,gbifTaxonomy,GBIF,Vitis L.,USA,NA,NA,b0d14e8c-8736-42f6-a6b2-6231e90167a0,FALSE,FALSE
inRound2NotPublication,Vitis x champinii,gbifTaxonomy,GBIF,Vitis L.,USA,NA,NA,6e3f9524-a709-4897-a2bf-3fc8de2491d0,FALSE,FALSE
inRound2NotPublication,Vitis x champinii,gbifTaxonomy,GBIF,Vitis L.,USA,NA,NA,50134fba-813b-4725-90e1-566dfa756360,FALSE,FALSE
inRound2NotPublication,Vitis x champinii,gbifTaxonomy,GBIF,Vitis L.,USA,NA,NA,5b9051c7-8225-4969-a635-95e414d4046d,FALSE,FALSE
inRound2NotPublication,Vitis x champinii,gbifTaxonomy,GBIF,Vitis L.,USA,NA,NA,d53bb6fe-9fb2-4b99-8e44-36fb4fd19912,FALSE,FALSE
inRound2NotPublication,Vitis x champinii,gbifTaxonomy,GBIF,Vitis L.,USA,NA,NA,f79d7c28-9be7-46be-bbf5-cce5d9c398c0,FALSE,FALSE
inRound2NotPublication,Vitis x champinii,gbifTaxonomy,GBIF,Vitis L.,USA,NA,NA,b81a6011-e13b-45af-986b-fa3518fa4158,FALSE,FALSE
inRound2NotPublication,Vitis x champinii,gbifTaxonomy,GBIF,Vitis L.,USA,NA,NA,41c110a5-a6ba-4573-b42f-52987186ea47,FALSE,FALSE
inRound2NotPublication,Vitis x champinii,gbifTaxonomy,GBIF,Vitis L.,USA,NA,NA,20fe4bed-b059-48ce-b7d2-f9906504eb3b,FALSE,FALSE
inRound2NotPublication,Vitis x champinii,gbifTaxonomy,GBIF,Vitis L.,USA,NA,NA,4362686a-b5ce-4e29-a486-c2fe513b2e93,FALSE,FALSE
inRound2NotPublication,Vitis x champinii,gbifTaxonomy,GBIF,Vitis L.,USA,NA,NA,14e1f481-ff58-4887-99eb-cf0c8f82c05b,FALSE,FALSE
inRound2NotPublication,Vitis x champinii,gbifTaxonomy,GBIF,Vitis L.,USA,NA,NA,183f5a80-d7f9-4f0a-9c64-752dec6e9c61,FALSE,FALSE
inRound2NotPublication,Vitis x champinii,gbifTaxonomy,GBIF,Vitis L.,USA,NA,NA,2d78cda9-5f44-4f37-b966-ef41ffbddc96,FALSE,FALSE
inRound2NotPublication,Vitis x champinii,gbifTaxonomy,GBIF,Vitis L.,USA,NA,NA,2c59ed74-3b6a-4d58-a46f-9613b487dd78,FALSE,FALSE
inRound2NotPublication,Vitis x champinii,gbifTaxonomy,GBIF,Vitis L.,USA,NA,NA,390c1dc6-270f-4321-9487-805abe078b51,FALSE,FALSE
inRound2NotPublication,Vitis x champinii,gbifTaxonomy,GBIF,Vitis L.,USA,NA,NA,71870c44-85e6-4c2e-89fb-d636f4df085e,FALSE,FALSE
inRound2NotPublication,Vitis x champinii,gbifTaxonomy,GBIF,Vitis L.,USA,NA,NA,dee0e6e0-4ad3-4b03-8357-3ee76ec384af,FALSE,FALSE
inRound2NotPublication,Vitis x champinii,gbifTaxonomy,GBIF,Vitis L.,USA,NA,NA,f4a9c48e-fd40-4553-a377-732dcc8ad800,FALSE,FALSE
inRound2NotPublication,Vitis x champinii,gbifTaxonomy,GBIF,Vitis L.,USA,NA,NA,84f75b86-9bde-40a8-9797-9a7603c89ccf,FALSE,FALSE
inRound2NotPublication,Vitis x champinii,gbifTaxonomy,GBIF,Vitis L.,USA,NA,NA,3d36ea5b-1f72-4d28-8fc8-1f6093762ef5,FALSE,FALSE
inRound2NotPublication,Vitis x champinii,gbifTaxonomy,GBIF,Vitis L.,USA,NA,NA,70dd070f-ee54-4b61-aa24-40649198e518,FALSE,FALSE
inRound2NotPublication,Vitis x champinii,gbifTaxonomy,GBIF,Vitis L.,USA,NA,NA,7ee57949-24b1-42e2-91c6-ebb950ec104b,FALSE,FALSE
inRound2NotPublication,Vitis x champinii,gbifTaxonomy,GBIF,Vitis L.,USA,NA,NA,92d7c3f6-46b4-4a14-a0a7-d06851ec8043,FALSE,FALSE
inRound2NotPublication,Vitis x champinii,gbifTaxonomy,GBIF,Vitis L.,USA,NA,NA,b14e6fc5-f4d7-40ff-a287-9aa02dcfcff0,FALSE,FALSE
inRound2NotPublication,Vitis x champinii,gbifTaxonomy,GBIF,Vitis L.,USA,NA,NA,e32599bd-7b54-4bd9-80b7-7be891141c80,FALSE,FALSE
inRound2NotPublication,Vitis x champinii,gbifTaxonomy,GBIF,Vitis L.,USA,NA,NA,56d7b85a-17f1-4852-8fc5-1f8ff62ec235,FALSE,FALSE
inRound2NotPublication,Vitis x champinii,gbifTaxonomy,GBIF,Vitis L.,USA,NA,NA,a5d11c8b-8824-4fe8-8b17-7959a1d920f3,FALSE,FALSE
inRound2NotPublication,Vitis x champinii,gbifTaxonomy,GBIF,Vitis L.,USA,NA,NA,af98f912-b198-41e7-9b68-6bfbc277368d,FALSE,FALSE
inRound2NotPublication,Vitis x champinii,gbifTaxonomy,GBIF,Vitis L.,USA,NA,NA,c251b06f-2f1c-4189-a90e-92cf7dbb1c5f,FALSE,FALSE
inRound2NotPublication,Vitis x champinii,gbifTaxonomy,GBIF,Vitis L.,USA,NA,NA,d7cc63eb-9af8-4b14-a7b4-45ef1ab09159,FALSE,FALSE
inRound2NotPublication,Vitis x champinii,gbifTaxonomy,GBIF,Vitis L.,USA,NA,NA,dfe3b61f-4212-409b-8fee-a4fecedf4716,FALSE,FALSE
inRound2NotPublication,Vitis x champinii,gbifTaxonomy,GBIF,Vitis L.,USA,NA,NA,09e0eb25-1c4d-4eda-8012-4b55a3717534,FALSE,FALSE
inRound2NotPublication,Vitis x champinii,gbifTaxonomy,GBIF,Vitis L.,USA,NA,NA,87fdfa1d-b4e2-41c2-9d3e-566046ebe8ee,FALSE,FALSE
inRound2NotPublication,Vitis x champinii,gbifTaxonomy,GBIF,Vitis L.,USA,NA,NA,844c0878-1596-4ee1-95e9-5d70e9b8d8c6,FALSE,FALSE
inRound2NotPublication,Vitis x doaniana,gbifTaxonomy,GBIF,Vitis L.,USA,34.018234,-98.515777,fa498c1b-7cd7-42d8-ad9d-32ae18dcec89,FALSE,FALSE
inRound2NotPublication,Vitis x doaniana,gbifTaxonomy,GBIF,Vitis L.,USA,34.207721,-100.300927,ed3c3566-d27e-4000-9d4e-8363edfc3de7,FALSE,FALSE
inRound2NotPublication,Vitis x doaniana,gbifTaxonomy,GBIF,Vitis L.,USA,34.073742,-100.299897,8c22676a-9fdf-4ec8-b79f-3aeedaf2ac63,FALSE,FALSE
inRound2NotPublication,Vitis x doaniana,gbifTaxonomy,GBIF,Vitis L.,USA,NA,NA,ca29a187-9639-4318-bc75-42b7d8dfe8d9,FALSE,FALSE
inRound2NotPublication,Vitis x doaniana,gbifTaxonomy,GBIF,Vitis L.,USA,NA,NA,4ed20370-9c86-42ac-b48a-00cd7ba8e0ac,FALSE,FALSE
inRound2NotPublication,Vitis x doaniana,gbifTaxonomy,GBIF,Vitis L.,USA,NA,NA,933966d3-7d31-4cd7-852d-e9dddfaffd04,FALSE,FALSE
inRound2NotPublication,Vitis x doaniana,gbifTaxonomy,GBIF,Vitis L.,USA,NA,NA,b40c7f56-1784-494c-97ec-d916d8412be2,FALSE,FALSE
inRound2NotPublication,Vitis x doaniana,gbifTaxonomy,GBIF,Vitis L.,USA,NA,NA,ebfc1421-65cb-4b5e-8680-14da17b2cba8,FALSE,FALSE
inRound2NotPublication,Vitis x doaniana,gbifTaxonomy,GBIF,Vitis L.,USA,NA,NA,d2d19d6a-efe8-4ce7-aca8-1ee08511e92c,FALSE,FALSE
inRound2NotPublication,Vitis x doaniana,gbifTaxonomy,GBIF,Vitis L.,USA,NA,NA,a170cf54-a213-4530-a857-49075b2920c6,FALSE,FALSE
inRound2NotPublication,Vitis x doaniana,gbifTaxonomy,GBIF,Vitis L.,USA,NA,NA,51408af6-1b86-496d-8c5a-532176d092dc,FALSE,FALSE
inRound2NotPublication,Vitis x doaniana,gbifTaxonomy,GBIF,Vitis L.,USA,NA,NA,7bc89165-4285-4d3d-ad5e-6e9f4613e7ee,FALSE,FALSE
inRound2NotPublication,Vitis x novae-angliae,gbifTaxonomy,GBIF,Vitis L.,USA,44.33316,-72.2066,8d30170a-0c62-4501-9d94-1730ee92fcc6,FALSE,FALSE
inRound2NotPublication,Vitis x novae-angliae,gbifTaxonomy,GBIF,Vitis L.,USA,43.61379,-73.06155,331badd2-82f0-4d4c-a12c-0f896a2202db,FALSE,FALSE
inRound2NotPublication,Vitis x novae-angliae,gbifTaxonomy,GBIF,Vitis L.,USA,42.76233,-72.52592,4830d95d-0e5d-4b5f-974c-9ae12caac0d6,FALSE,FALSE
inRound2NotPublication,Vitis x novae-angliae,gbifTaxonomy,GBIF,Vitis L.,USA,44.64796,-72.68504,6d59b72b-6d40-4c39-9491-1f97385fcc34,FALSE,FALSE
inRound2NotPublication,Vitis x novae-angliae,gbifTaxonomy,GBIF,Vitis L.,USA,44.64796,-72.68504,ec000246-f09c-4fb8-b9fe-ad523189e55f,FALSE,FALSE
inRound2NotPublication,Vitis x novae-angliae,gbifTaxonomy,GBIF,Vitis L.,USA,NA,NA,a5e4cad8-d49c-4e46-8bda-2de6a8d33d20,FALSE,FALSE
inRound2NotPublication,Vitis x novae-angliae,gbifTaxonomy,GBIF,Vitis L.,NA,NA,NA,4950ac59-06cc-47ab-94bc-896578ca96f7,FALSE,FALSE
inRound2NotPublication,Vitis x novae-angliae,gbifTaxonomy,GBIF,Vitis L.,USA,NA,NA,7ea4a320-b649-4e32-b972-107640ccccb7,FALSE,FALSE
inRound2NotPublication,Vitis x novae-angliae,gbifTaxonomy,GBIF,Vitis L.,USA,NA,NA,10033eb7-78f6-4bad-8651-812c7e843d14,FALSE,FALSE
inRound2NotPublication,Vitis x novae-angliae,gbifTaxonomy,GBIF,Vitis L.,USA,NA,NA,38b61ec5-8ac9-4d04-9521-4e17cd8814bd,FALSE,FALSE
inRound2NotPublication,Vitis x novae-angliae,gbifTaxonomy,GBIF,Vitis L.,USA,NA,NA,c6826005-f712-41a0-9e7d-03602f1dc9dd,FALSE,FALSE
inRound2NotPublication,Vitis x novae-angliae,gbifTaxonomy,GBIF,Vitis L.,NA,NA,NA,3cc6a8e9-becf-4c50-a3f0-d3d37cf8d20a,FALSE,FALSE
inRound2NotPublication,Vitis x novae-angliae,gbifTaxonomy,GBIF,Vitis L.,USA,NA,NA,34b89026-7797-45d5-a349-a9da80a8084a,FALSE,FALSE
inRound2NotPublication,Vitis x novae-angliae,gbifTaxonomy,GBIF,Vitis L.,USA,NA,NA,abca4c49-c6ca-4128-9522-730275c5849c,FALSE,FALSE
inRound2NotPublication,Vitis x novae-angliae,gbifTaxonomy,GBIF,Vitis L.,NA,NA,NA,b33e4855-2546-411a-a3cd-246112d787ad,FALSE,FALSE
inRound2NotPublication,Vitis x novae-angliae,gbifTaxonomy,GBIF,Vitis L.,USA,NA,NA,cc266bd2-c501-472f-848c-6c8c315c5201,FALSE,FALSE
inRound2NotPublication,Vitis x novae-angliae,gbifTaxonomy,GBIF,Vitis L.,USA,NA,NA,f3b48297-0f24-460b-8209-72c0daffbf66,FALSE,FALSE
inRound2NotPublication,Vitis x novae-angliae,gbifTaxonomy,GBIF,Vitis L.,USA,NA,NA,0221ff34-4af0-44f4-9db7-6d71e71ee5c2,FALSE,FALSE
inRound2NotPublication,Vitis x novae-angliae,gbifTaxonomy,GBIF,Vitis L.,USA,NA,NA,461eec79-aff2-4580-9431-82abb8853878,FALSE,FALSE
inRound2NotPublication,Vitis x novae-angliae,gbifTaxonomy,GBIF,Vitis L.,USA,NA,NA,ed62d8b6-9e37-42e8-9718-f80d6809fbb3,FALSE,FALSE
inRound2NotPublication,Vitis x novae-angliae,gbifTaxonomy,GBIF,Vitis L.,USA,NA,NA,30e2a54d-176c-4910-afd4-c97d981334c5,FALSE,FALSE
inRound2NotPublication,Vitis x novae-angliae,gbifTaxonomy,GBIF,Vitis L.,NA,NA,NA,a3b0aac9-6b4a-46c1-bc47-3327a34c3ce4,FALSE,FALSE
inRound2NotPublication,Vitis x novae-angliae,gbifTaxonomy,GBIF,Vitis L.,USA,NA,NA,6e0657d6-17c6-43b1-a9bf-1a1189e6c55e,FALSE,FALSE
